channel,sender,reply_to,subject,body,label
sms,+918527346666,,,"Hey, running 10 min late, order for me pls",legit
sms,+919759514186,,,"Mom, I lost my phone, this is my new number. Can you send $49.99 urgently? I'll explain later.",phish
email,DHL <no-reply@dhl.com>,,Your DHL order has shipped,"Hi Sarah,

Good news! Your order #087575751 has shipped and will arrive by Friday. You can track it any time at https://www.dhl.com/orders.

Thanks for shopping with us.",legit
email,Sneha <arjun16@gmail.com>,,Happy birthday!,Hey David! You have to read this one. Talk soon!,legit
email,Apple <service@gmail.com>,,Action required: update your payment details,"Dear Account Holder, your recent payment could not be processed. Please update your billing information immediately to avoid service interruption. Update now: https://paypal-verify-update.site/signin.php",phish
sms,+918930407859,,,"Apple: Unusual login detected. If this wasn't you, verify your account at https://rb.gy/w6KGuy",phish
sms,AD-ALERTS,,,"Hi, I am from Amazon HR. Part time job, earn Rs 5000 daily from home. WhatsApp +919017999324 for details.",phish
email,Microsoft <support@microsoft-verify.xyz>,help@tnhgna.tk,Action required: update your payment details,", your recent payment could not be processed. Please update your billing information immediately to avoid service interruption. Update now: http://getrefundonline.com",phish
sms,INFO,,,"Hi, I am from Google HR. Part time job, earn Rs 5000 daily from home. WhatsApp +916799230453 for details.",phish
email,Admin <security@gmail.com>,,KYC update pending,"Hello Emily, your Dropbox KYC is pending. Your account will be blocked today. Update KYC by sharing your PAN and OTP at http://login-paypal.com or reply with your card number.",phish
sms,+918353896298,,,Your ICICI Bank reward points worth $120.00 expire today! Redeem now: https://www.google.com@swlfjoyi.click/signin.php,phish
email,ICICI Bank Security <support@icicibank-auth.live>,,Action required: update your payment details,"Dear User, your recent payment could not be processed. Please update your billing information immediately to avoid service interruption. Update now: http://gorefundhub.com/kyc",phish
sms,VM-DHLIND,,,Your DHL shipment 5033790294 is out for delivery today. Track: https://www.dhl.com/in-en/home/tracking.html,legit
email,Olivia Sharma (CEO) <ceo.office52@gmail.com>,,Are you available?,"Hi Aarav, I'm in a meeting and can't talk. I need you to buy 8 Google Play gift cards for a client today. Keep this confidential for now. Send me the codes once done. I'll reimburse you.

Sent from my iPhone",phish
email,SBI <billing@sbi.co.in>,,Payment received - thank you,"Hi Emily, we've received your payment of Rs 1,250. Receipt number 0kSqGewAMU. No further action is needed.",legit
email,Netflix <billing@netflix.com>,,Payment received - thank you,"Hi Priya, we've received your payment of ₹2,999. Receipt number wZVR9YIJM4. No further action is needed.",legit
email,Customer Service <security@outlook.com>,help@lqdhnq.info,Tax refund notification,"Dear User, after the annual calculation of your fiscal activity, you are eligible to receive a tax refund of Rs 1,250. Income Tax Department requires you to submit the refund request: http://linkedin-verify.co/signin.php",phish
email,Newsletter <news@coursera.org>,,New courses this month,"Hello Chen, here's what's new this week. Read more at https://coursera.org/blog/uvheyy. You're receiving this because you subscribed. Unsubscribe any time.",legit
email,Amazon Support <security@mail496.xyz>,,Work from home opportunity,"Dear Customer! Part time job available. Earn Rs 5,000 per day by liking YouTube videos. No experience needed. Contact our HR on Telegram or register here: http://linkedin-verify.top. Registration fee Rs 499 only.",phish
sms,+917331883845,,,Can you send me the notes from class?,legit
sms,+918838439106,,,Your electricity connection will be disconnected tonight at 9:30 PM as previous bill was not updated. Contact officer +918735174546 immediately.,phish
email,Apple Security <support@kommcnw.com>,,KYC update pending,"Dear User, your Apple KYC is pending. Your account will be blocked today. Update KYC by sharing your PAN and OTP at https://dropbox-verify.net or reply with your card number.",phish
sms,+917640270116,,,Congratulations! You have won Rs 25 cashback from SBI. Claim your reward now https://147.199.205.89/amazon/verify,phish
email,LinkedIn <billing@linkedin.com>,,Payment received - thank you,"Hi Emily, we've received your payment of Rs 499. Receipt number 4i9Oek694s. No further action is needed.",legit
email,Paytm Security <security@paytm.com>,,New sign-in to your account,"Hi Aarav, we noticed a new sign-in to your Paytm account from Chrome on Windows. If this was you, you don't need to do anything. If not, open the Paytm app or go to https://paytm.com/security to review your activity. We will never ask for your password by email.",legit
sms,VM-HDFCBK,,,$49.99 debited from A/c XX5157 on 5-10-26 to UPI/SARAH. Not you? Call 18002586161. -HDFC Bank,legit
email,Vikram Sharma <recruiting@orbitsystems.com>,,Interview schedule - Software Engineer,"Dear Priya,

Thank you for applying to Orbit Systems. We would like to invite you for a technical interview next week. Please pick a slot using the calendar link on our careers page https://orbitsystems.com/careers. There is no fee at any stage of our hiring process.

Regards,
Talent team",legit
sms,VM-DHLIND,,,Your DHL shipment 0009773549 is out for delivery today. Track: https://www.dhl.com/in-en/home/tracking.html,legit
sms,VM-DHLIND,,,Your DHL shipment 3275411565 is out for delivery today. Track: https://www.dhl.com/in-en/home/tracking.html,legit
sms,+917071518203,,,"Hi, I am from PayPal HR. Part time job, earn Rs 5000 daily from home. WhatsApp +919788925546 for details.",phish
sms,BX-OFFER,,,India Post: Your parcel is on hold due to incomplete address. Pay Rs 25 redelivery fee at https://icici-secure-service.top/login within 24 hrs.,phish
sms,VK-FLPKRT,,,Big Billion Days start tomorrow! Shop on the Flipkart app for deals on mobiles. T&C apply. To opt out reply STOP.,legit
email,Amazon <no-reply@amazon.in>,,Verify your email address,"Hi Rahul, thanks for signing up! Please confirm this is your email address by entering the code 485200 in the app. If you didn't create an account, you can ignore this email.",legit
sms,VK-FLPKRT,,,Big Billion Days start tomorrow! Shop on the Flipkart app for deals on mobiles. T&C apply. To opt out reply STOP.,legit
sms,+916034131647,,,Reached home. Thanks for today!,legit
sms,+916968019227,,,"Your PayPal reward points worth Rs 1,250 expire today! Redeem now: https://dropbox-support-account.com/wp-content/dropbox/index.html",phish
email,Microsoft <admin@notify255.com>,,Tax refund notification,"Dear Valued Member, after the annual calculation of your fiscal activity, you are eligible to receive a tax refund of ₹10. Income Tax Department requires you to submit the refund request: https://rb.gy/kdpowc",phish
sms,+916143634957,,,"Mom, I lost my phone, this is my new number. Can you send $120.00 urgently? I'll explain later.",phish
email,SBI Security <service@roqfzqa.com>,help@qhtoqg.xyz,KYC update pending,", your SBI KYC is pending. Your account will be blocked today. Update KYC by sharing your PAN and OTP at https://syjgca.ngrok.io/paytm or reply with your card number.",phish
sms,+919040142473,,,"Hi, I am from ICICI Bank HR. Part time job, earn Rs 5000 daily from home. WhatsApp +916072011379 for details.",phish
email,Dropbox Security <security@dropbox.com>,,New sign-in to your account,"Hi Noah, we noticed a new sign-in to your Dropbox account from Chrome on Windows. If this was you, you don't need to do anything. If not, open the Dropbox app or go to https://dropbox.com/security to review your activity. We will never ask for your password by email.",legit
sms,+917406547476,,,"Dear Customer, your PayPal account will be blocked today. Update your KYC immediately: https://cv6bj7zbycs9.com/secure/confirm",phish
sms,+916829716815,,,Your electricity connection will be disconnected tonight at 9:30 PM as previous bill was not updated. Contact officer +919245000000 immediately.,phish
sms,+916093676777,,,Congratulations! You have won ₹10 cashback from PayPal. Claim your reward now https://eportalhub.com/signin.php,phish
email,Flipkart Security <security@flipkart.com>,,New sign-in to your account,"Hi Fatima, we noticed a new sign-in to your Flipkart account from Chrome on Windows. If this was you, you don't need to do anything. If not, open the Flipkart app or go to https://flipkart.com/security to review your activity. We will never ask for your password by email.",legit
email,Flipkart <no-reply@f1ipkart.com>,,Action required: update your payment details,"Dear User, your recent payment could not be processed. Please update your billing information immediately to avoid service interruption. Update now: https://billing-icici.com/login",phish
email,Emily <fatima@kiteanalytics.com>,,Lunch on Friday?,"Hi Chen,

Attaching the notes from today. Can you review the second section before our sync on Wednesday? The shared folder is on https://kiteanalytics.com/wiki/pJYLs.

Thanks,
John",legit
email,Olivia <ananya5@gmail.com>,,Happy birthday!,Hey Arjun! Hope you have a great day. ,legit
sms,+919455442157,,,"Refund of ₹15,000 initiated for your order. To receive it, share the OTP sent to your phone with our agent or visit http://vvdpns.web.app/instagram/secure/confirm",phish
sms,+918597794523,,,"Dear Customer, your Netflix account will be blocked today. Update your KYC immediately: http://qf6bh3llz.site/account",phish
sms,VM-IRCTCI,,,"PNR 9184544198: Train 21036 confirmed, Coach B2 Berth 65. Happy journey.",legit
email,LinkedIn <no-reply@linkedin.com>,,Verify your email address,"Hi Lucas, thanks for signing up! Please confirm this is your email address by entering the code 331465 in the app. If you didn't create an account, you can ignore this email.",legit
sms,+916244569791,,,"Mom, I lost my phone, this is my new number. Can you send Rs 1,250 urgently? I'll explain later.",phish
sms,+918069298738,,,India Post: Your parcel is on hold due to incomplete address. Pay Rs 25 redelivery fee at https://netfl1x.live/account/update within 24 hrs.,phish
email,PayPal <statements@paypal.com>,,Your monthly statement is ready,"Dear Kavya,

Your statement for August is now available. Log in through our official website or app to view it. Amount due: Rs 25. Due date: 18th.

This is an automated message.",legit
email,Dropbox Security <support@qphkqky.com>,,Shared document: Q3_Salary_Revision.pdf,Kavya has shared a document with you via Dropbox. Sign in with your email password to view: http://173.1.11.204/apple/account/update,phish
email,Instagram <admin@outlook.com>,,Your Instagram account has been suspended,"Hi Olivia,

We detected unusual activity and your account has been temporarily suspended. To restore access, verify your account within 24 hours: http://paypal-verify.support/signin.php

Failure to verify will result in permanent closure.

Instagram Security Team",phish
email,Customer Service <service@outlook.com>,,KYC update pending,"Dear Valued Member, your Paytm KYC is pending. Your account will be blocked today. Update KYC by sharing your PAN and OTP at https://bit.ly/RgYefb or reply with your card number.",phish
email,HDFC Bank Security <admin@hdfcbank-help.top>,,KYC update pending,"Dear User, your HDFC Bank KYC is pending. Your account will be blocked today. Update KYC by sharing your PAN and OTP at http://flipkart-service-service.net/login or reply with your card number.",phish
sms,VM-IRCTCI,,,"PNR 5612064646: Train 17856 confirmed, Coach B4 Berth 34. Happy journey.",legit
sms,+917242637836,,,"Congratulations! You have won Rs 1,250 cashback from Instagram. Claim your reward now https://i5an71s2oj.top/verify",phish
sms,BX-OFFER,,,India Post: Your parcel is on hold due to incomplete address. Pay $49.99 redelivery fee at https://nkwoxw.ngrok.io/dhl/kyc within 24 hrs.,phish
email,Chen <sarah@orbitsystems.com>,,Notes from today's meeting,"Hi Arjun,

Attaching the notes from today. Can you review the second section before our sync on Thursday? The shared folder is on https://docs.google.com/document/d/tVtAbbsulTf3i7HM.

Thanks,
Arjun",legit
email,HDFC Bank <no-reply@hdfcbank.com>,,Verify your email address,"Hi Kavya, thanks for signing up! Please confirm this is your email address by entering the code 132225 in the app. If you didn't create an account, you can ignore this email.",legit
email,Fatima <emily@nimbuslabs.com>,,Lunch on Friday?,"Hi Meera,

Attaching the notes from today. Can you review the second section before our sync on Wednesday? The shared folder is on https://docs.google.com/document/d/b610xKtIOnYzb5Kb.

Thanks,
Sneha",legit
sms,+918219262213,,,Call me when you're free,legit
sms,VM-DHLIND,,,"Dear Customer, your credit card statement is generated. Total due ₹10. Pay by 27th via app or netbanking to avoid late fee. -DHL",legit
email,Flipkart <no-reply@flipkart.com>,,Verify your email address,"Hi Priya, thanks for signing up! Please confirm this is your email address by entering the code 749511 in the app. If you didn't create an account, you can ignore this email.",legit
email,PayPal <no-reply@paypal.com>,,Verify your email address,"Hi Michael, thanks for signing up! Please confirm this is your email address by entering the code 215574 in the app. If you didn't create an account, you can ignore this email.",legit
sms,VK-FLPKRT,,,Big Billion Days start tomorrow! Shop on the Flipkart app for deals on mobiles. T&C apply. To opt out reply STOP.,legit
email,Admin <no-reply@amaz0n.com>,,Shared document: Q3_Salary_Revision.pdf,Vikram has shared a document with you via DocuSign. Sign in with your email password to view: http://amazon-alert-secure.live,phish
email,Admin <admin@outlook.com>,,Invoice #928866 overdue,"Hi Ananya,

Please find the overdue invoice attached. Kindly review and make payment at https://cutt.ly/uajy07 to avoid late penalties.

Accounts Department",phish
email,Admin <support@kdzvniq.com>,help@xgnwry.info,Work from home opportunity,"Dear Customer! Part time job available. Earn Rs 3,000 per day by liking YouTube videos. No experience needed. Contact our HR on Telegram or register here: http://83.171.253.211/apple. Registration fee ₹10 only.",phish
email,ICICI Bank <billing@icicibank.com>,,Payment received - thank you,"Hi Rohan, we've received your payment of ₹15,000. Receipt number qcM0eJYwGa. No further action is needed.",legit
sms,VK-FLPKRT,,,Big Billion Days start tomorrow! Shop on the Flipkart app for deals on mobiles. T&C apply. To opt out reply STOP.,legit
email,Paytm Support <security@outlook.com>,,Work from home opportunity,"Hello Sneha! Part time job available. Earn Rs 3,000 per day by liking YouTube videos. No experience needed. Contact our HR on Telegram or register here: https://google.auth.ieneyj.support/Sa58rg84b8. Registration fee ₹15,000 only.",phish
email,Paytm Support <admin@auehqul.com>,,Tax refund notification,"Hi Ananya, after the annual calculation of your fiscal activity, you are eligible to receive a tax refund of Rs 1,250. Income Tax Department requires you to submit the refund request: https://xpxxyx.000webhostapp.com/microsoft/signin.php",phish
sms,BZ-SBIINB,,,871638 is your OTP for login. Valid for 10 minutes. Do not share it with anyone. -SBI,legit
email,Admin <support@hdfcbank-kyc.com>,,Document review,"Dear Customer, a document needs your review. Please use the link below.
https://hdfc-kyc-support.online/wp-content/hdfc/index.html",phish
sms,VM-DHLIND,,,Your DHL shipment 2400825478 is out for delivery today. Track: https://www.dhl.com/in-en/home/tracking.html,legit
sms,VM-IRCTCI,,,"PNR 5484000040: Train 10368 confirmed, Coach B3 Berth 53. Happy journey.",legit
sms,VM-DHLIND,,,Your DHL shipment 7177840190 is out for delivery today. Track: https://www.dhl.com/in-en/home/tracking.html,legit
email,Admin <admin@microsoft-verify.com>,,Your mailbox is almost full,"Dear User, a document needs your review. Please use the link below.
https://gkfsfyhrevb.online/lG8hCK0nlm",phish
sms,AX-AMAZON,,,Your Amazon order #7177449 has been delivered. Rate your experience in the Amazon app.,legit
sms,+919899690878,,,Your PayPal reward points worth Rs 25 expire today! Redeem now: https://sb1.co/verify,phish
email,Google Support <no-reply@gmail.com>,,Shared document: Q3_Salary_Revision.pdf,Noah has shared a document with you via DocuSign. Sign in with your email password to view: http://icici-login-billing.click/kyc,phish
email,Newsletter <news@bbc.co.uk>,,Your weekly digest,"Hello Ananya, here's what's new this week. Read more at https://zomato.com/blog/jajlcf. You're receiving this because you subscribed. Unsubscribe any time.",legit
email,Customer Service <admin@outlook.com>,,Your Paytm account has been suspended,"Hi Olivia,

We detected unusual activity and your account has been temporarily suspended. To restore access, verify your account within 24 hours: http://erefundcenter.com

Failure to verify will result in permanent closure.

Paytm Security Team",phish
sms,+916102320018,,,Congratulations! You have won Rs 25 cashback from LinkedIn. Claim your reward now http://inst4gram.top,phish
email,John Smith <recruiting@brightline.com>,,Interview schedule - Software Engineer,"Dear Fatima,

Thank you for applying to Brightline. We would like to invite you for a technical interview next week. Please pick a slot using the calendar link on our careers page https://brightline.com/careers. There is no fee at any stage of our hiring process.

Regards,
Talent team",legit
sms,VM-IRCTCI,,,"PNR 7988368636: Train 20366 confirmed, Coach B3 Berth 40. Happy journey.",legit
sms,VK-FLPKRT,,,Big Billion Days start tomorrow! Shop on the Flipkart app for deals on mobiles. T&C apply. To opt out reply STOP.,legit
email,DHL <billing@dhl.com>,,Payment received - thank you,"Hi Emily, we've received your payment of ₹10. Receipt number FkfKbYWosc. No further action is needed.",legit
sms,VK-FLPKRT,,,Big Billion Days start tomorrow! Shop on the Flipkart app for deals on mobiles. T&C apply. To opt out reply STOP.,legit
email,Instagram <billing@instagram.com>,,Payment received - thank you,"Hi Fatima, we've received your payment of $120.00. Receipt number 8BkJaFm4ox. No further action is needed.",legit
sms,+917173033249,,,"Mom, I lost my phone, this is my new number. Can you send Rs 25 urgently? I'll explain later.",phish
sms,INFO,,,"Mom, I lost my phone, this is my new number. Can you send $49.99 urgently? I'll explain later.",phish
email,Google <billing@google.com>,,Payment received - thank you,"Hi Fatima, we've received your payment of Rs 499. Receipt number upW0Ma66I6. No further action is needed.",legit
sms,VM-DHLIND,,,"Dear Customer, your credit card statement is generated. Total due Rs 499. Pay by 16th via app or netbanking to avoid late fee. -DHL",legit
sms,+916793647089,,,"Refund of $49.99 initiated for your order. To receive it, share the OTP sent to your phone with our agent or visit http://linkedin.support.scymty.xyz/secure/confirm",phish
email,Dropbox <no-reply@dropbox.com>,,Verify your email address,"Hi Noah, thanks for signing up! Please confirm this is your email address by entering the code 936742 in the app. If you didn't create an account, you can ignore this email.",legit
sms,+918058300335,,,"Refund of $49.99 initiated for your order. To receive it, share the OTP sent to your phone with our agent or visit https://paypa1.site/wp-content/paypal/index.html",phish
email,Priya Patel <recruiting@kiteanalytics.com>,,Interview schedule - Software Engineer,"Dear Vikram,

Thank you for applying to Kite Analytics. We would like to invite you for a technical interview next week. Please pick a slot using the calendar link on our careers page https://kiteanalytics.com/careers. There is no fee at any stage of our hiring process.

Regards,
Talent team",legit
sms,VM-DHLIND,,,Your DHL shipment 4307324668 is out for delivery today. Track: https://www.dhl.com/in-en/home/tracking.html,legit
email,HDFC Bank Security <support@outlook.com>,,Action required: update your payment details,", your recent payment could not be processed. Please update your billing information immediately to avoid service interruption. Update now: https://google-update-help.com/kyc",phish
sms,JD-PAYTMB,,,960567 is your OTP for login. Valid for 10 minutes. Do not share it with anyone. -Paytm,legit
email,Kavya <rahul@brightline.com>,,Notes from today's meeting,"Hi Lucas,

Attaching the notes from today. Can you review the second section before our sync on Thursday? The shared folder is on https://docs.google.com/document/d/f8eqoBEIAkOg8ZaF.

Thanks,
Priya",legit
email,David <fatima@brightline.com>,,Q3 report draft,"Hi Rahul,

Attaching the notes from today. Can you review the second section before our sync on Thursday? The shared folder is on https://brightline.com/wiki/0KKbP.

Thanks,
Arjun",legit
email,Rahul <rahul24@gmail.com>,,Book recommendation,Hey Aarav! You have to read this one. Call me later.,legit
email,Apple <billing@apple.com>,,Payment received - thank you,"Hi Arjun, we've received your payment of Rs 499. Receipt number 3uXzbmQU7x. No further action is needed.",legit
email,Olivia <chen41@gmail.com>,,Dinner plans,Hey Rohan! Hope you have a great day. Miss you guys.,legit
email,SBI <statements@sbi.co.in>,,Your monthly statement is ready,"Dear Ananya,

Your statement for August is now available. Log in through our official website or app to view it. Amount due: Rs 499. Due date: 28th.

This is an automated message.",legit
sms,VK-NOTICE,,,"Mom, I lost my phone, this is my new number. Can you send ₹15,000 urgently? I'll explain later.",phish
email,Chen Khan <recruiting@zenithtech.com>,,Interview schedule - Software Engineer,"Dear Sarah,

Thank you for applying to Zenith Tech. We would like to invite you for a technical interview next week. Please pick a slot using the calendar link on our careers page https://zenithtech.com/careers. There is no fee at any stage of our hiring process.

Regards,
Talent team",legit
sms,+918951484656,,,"Hi, I am from SBI HR. Part time job, earn Rs 5000 daily from home. WhatsApp +918823662994 for details.",phish
email,Microsoft <support@micr0soft.com>,,Congratulations! You've been selected,"Dear Customer, you have won a Rs 50,000 voucher in our annual customer draw! Claim your prize here https://tinyurl.com/7RA0ei before it expires today. A small processing fee of ₹15,000 applies.",phish
sms,VM-DHLIND,,,Your DHL shipment 3093535215 is out for delivery today. Track: https://www.dhl.com/in-en/home/tracking.html,legit
email,Customer Service <security@alerts400.info>,,Work from home opportunity,"! Part time job available. Earn Rs 3,000 per day by liking YouTube videos. No experience needed. Contact our HR on Telegram or register here: https://tinyurl.com/J4VlIQ. Registration fee ₹15,000 only.",phish
sms,+918659866932,,,India Post: Your parcel is on hold due to incomplete address. Pay ₹10 redelivery fee at http://flipkart.service.rswehw.online/signin.php within 24 hrs.,phish
email,Google <billing@google.com>,,Payment received - thank you,"Hi Sarah, we've received your payment of Rs 25. Receipt number Zol9GOPirA. No further action is needed.",legit
email,Amazon <no-reply@gmail.com>,,Your Amazon account has been suspended,"Hi Michael,

We detected unusual activity and your account has been temporarily suspended. To restore access, verify your account within 24 hours: http://171.97.133.247/instagram

Failure to verify will result in permanent closure.

Amazon Security Team",phish
email,Aarav <david@zenithtech.com>,,Notes from today's meeting,"Hi Rahul,

Attaching the notes from today. Can you review the second section before our sync on Wednesday? The shared folder is on https://zenithtech.com/wiki/PX16s.

Thanks,
Sarah",legit
sms,BX-OFFER,,,"Your Dropbox reward points worth ₹2,999 expire today! Redeem now: https://bit.ly/9LD3zV",phish
email,Instagram Support <admin@gmail.com>,,Shared document: Q3_Salary_Revision.pdf,Sarah has shared a document with you via Dropbox. Sign in with your email password to view: https://194.44.125.65/paypal/secure/confirm,phish
sms,+916235640930,,,Congratulations! You have won Rs 25 cashback from Amazon. Claim your reward now http://support-paypal.co/pay?ref=wsvviD98,phish
sms,VK-FLPKRT,,,513251 is your OTP for login. Valid for 10 minutes. Do not share it with anyone. -Flipkart,legit
email,Customer Service <service@gmail.com>,,Work from home opportunity,"Dear Customer! Part time job available. Earn Rs 3,000 per day by liking YouTube videos. No experience needed. Contact our HR on Telegram or register here: http://linkedio.site/signin.php. Registration fee ₹15,000 only.",phish
email,ICICI Bank <admin@service187.live>,,KYC update pending,", your ICICI Bank KYC is pending. Your account will be blocked today. Update KYC by sharing your PAN and OTP at https://adxifq.web.app/instagram/verify or reply with your card number.",phish
email,ICICI Bank <no-reply@icicibank.com>,,Verify your email address,"Hi Priya, thanks for signing up! Please confirm this is your email address by entering the code 852871 in the app. If you didn't create an account, you can ignore this email.",legit
email,Emily Sharma (CEO) <ceo.office70@gmail.com>,,Urgent request,"Hi Sarah, I'm in a meeting and can't talk. I need you to buy 10 Google Play gift cards for a client today. Keep this confidential for now. Send me the codes once done. I'll reimburse you.

Sent from my iPhone",phish
email,Google Security <no-reply@googlo.com>,,Shared document: Q3_Salary_Revision.pdf,David has shared a document with you via DocuSign. Sign in with your email password to view: https://www.dropbox.com@ygdpxtlx.co/pay?ref=0hflG6LU,phish
sms,+918140138569,,,"Flipkart: Unusual login detected. If this wasn't you, verify your account at http://amazon.login.uvdujf.tk",phish
email,Admin <admin@gmail.com>,,Work from home opportunity,"! Part time job available. Earn Rs 3,000 per day by liking YouTube videos. No experience needed. Contact our HR on Telegram or register here: http://mydocsnow.com/signin.php. Registration fee Rs 1,250 only.",phish
sms,+919939089413,,,"Hey, running 10 min late, order for me pls",legit
sms,VM-IRCTCI,,,"PNR 0299140688: Train 14305 confirmed, Coach B1 Berth 25. Happy journey.",legit
sms,+918019473779,,,"Mom, I lost my phone, this is my new number. Can you send Rs 25 urgently? I'll explain later.",phish
email,Customer Service <service@alzoivk.com>,,Your ICICI Bank account has been suspended,"Hi Vikram,

We detected unusual activity and your account has been temporarily suspended. To restore access, verify your account within 24 hours: http://gorewardscenter.com/account/update

Failure to verify will result in permanent closure.

ICICI Bank Security Team",phish
sms,VM-IRCTCI,,,"PNR 7811678629: Train 10115 confirmed, Coach B2 Berth 41. Happy journey.",legit
email,Dropbox <no-reply@dropbox.com>,,Verify your email address,"Hi Rahul, thanks for signing up! Please confirm this is your email address by entering the code 854728 in the app. If you didn't create an account, you can ignore this email.",legit
sms,VK-NOTICE,,,Congratulations! You have won ₹10 cashback from LinkedIn. Claim your reward now https://amazon-verify.live/lckzsdcNTm,phish
sms,VM-DHLIND,,,Your DHL shipment 3021166732 is out for delivery today. Track: https://www.dhl.com/in-en/home/tracking.html,legit
email,IT Helpdesk <it@nimbuslabs.com>,,Reminder: password expires in 3 days,"Hi Rohan, your corporate password expires in 3 days. Please change it from your laptop using Ctrl+Alt+Del > Change password, or visit the internal portal https://sso.nimbuslabs.com. Contact the helpdesk on ext. 7038 if you need help.",legit
sms,AX-AMAZON,,,Your Amazon order #3057824 has been delivered. Rate your experience in the Amazon app.,legit
sms,+918587774969,,,"Refund of Rs 499 initiated for your order. To receive it, share the OTP sent to your phone with our agent or visit http://5nf4ek6y6x5.live/kyc",phish
sms,+916132495193,,,Your Apple reward points worth $120.00 expire today! Redeem now: http://jntear.firebaseapp.com/paypal/kyc,phish
sms,+917132155130,,,"Hi, I am from DHL HR. Part time job, earn Rs 5000 daily from home. WhatsApp +918570836821 for details.",phish
email,Fatima Patel <recruiting@brightline.com>,,Interview schedule - Software Engineer,"Dear Kavya,

Thank you for applying to Brightline. We would like to invite you for a technical interview next week. Please pick a slot using the calendar link on our careers page https://brightline.com/careers. There is no fee at any stage of our hiring process.

Regards,
Talent team",legit
sms,AX-AMAZON,,,Your Amazon order #2792949 has been delivered. Rate your experience in the Amazon app.,legit
email,Admin <security@sb1.com>,,Congratulations! You've been selected,"Dear Customer, you have won a $1000 gift card in our annual customer draw! Claim your prize here https://dhl-login-alert.ru/verify before it expires today. A small processing fee of Rs 1,250 applies.",phish
email,Admin <no-reply@mail322.top>,,Tax refund notification,", after the annual calculation of your fiscal activity, you are eligible to receive a tax refund of ₹2,999. Income Tax Department requires you to submit the refund request: http://xbjlif0.site/pay?ref=DFlEV3PW",phish
sms,VM-DHLIND,,,Your DHL shipment 3223023332 is out for delivery today. Track: https://www.dhl.com/in-en/home/tracking.html,legit
sms,VM-DHLIND,,,$49.99 debited from A/c XX8772 on 23-10-26 to UPI/VIKRAM. Not you? Call 18002586161. -DHL,legit
sms,BX-OFFER,,,Congratulations! You have won $120.00 cashback from SBI. Claim your reward now http://yeyct4yed.click/verify,phish
email,SBI <security@mcoamdg.com>,,Action required: update your payment details,"Dear Customer, your recent payment could not be processed. Please update your billing information immediately to avoid service interruption. Update now: https://209.2.50.66/paytm/secure/confirm",phish
email,LinkedIn <statements@linkedin.com>,,Your monthly statement is ready,"Dear Arjun,

Your statement for October is now available. Log in through our official website or app to view it. Amount due: ₹2,999. Due date: 26th.

This is an automated message.",legit
email,Newsletter <news@notion.so>,,This week's top stories,"Hello Arjun, here's what's new this week. Read more at https://zoom.us/blog/munrrv. You're receiving this because you subscribed. Unsubscribe any time.",legit
email,Priya <david42@gmail.com>,,Book recommendation,Hey John! You have to read this one. Call me later.,legit
sms,+917700715800,,,Happy birthday!! Party tonight?,legit
sms,+919782816896,,,"Hey, running 10 min late, order for me pls",legit
email,LinkedIn <no-reply@linkedin.com>,,Your LinkedIn order has shipped,"Hi Sarah,

Good news! Your order #859356535 has shipped and will arrive by Monday. You can track it any time at https://www.linkedin.com/orders.

Thanks for shopping with us.",legit
email,DHL Support <admin@dh1.com>,help@qrjyip.shop,Your mailbox is almost full,"Dear Account Holder, your storage quota is 98% used. Messages may stop arriving. Please use the link below.
https://applu.info/secure/confirm",phish
email,Apple Security <security@apple.com>,,New sign-in to your account,"Hi Priya, we noticed a new sign-in to your Apple account from Chrome on Windows. If this was you, you don't need to do anything. If not, open the Apple app or go to https://apple.com/security to review your activity. We will never ask for your password by email.",legit
email,Apple Support <security@apples.com>,,KYC update pending,"Dear Account Holder, your Apple KYC is pending. Your account will be blocked today. Update KYC by sharing your PAN and OTP at https://14.49.133.93/paytm/pay?ref=Xz3G0aQ3 or reply with your card number.",phish
sms,VK-FLPKRT,,,Big Billion Days start tomorrow! Shop on the Flipkart app for deals on mobiles. T&C apply. To opt out reply STOP.,legit
sms,+919830953122,,,India Post: Your parcel is on hold due to incomplete address. Pay $120.00 redelivery fee at http://amazon-update-secure.online/signin.php within 24 hrs.,phish
sms,+916184252786,,,"Mom, I lost my phone, this is my new number. Can you send ₹15,000 urgently? I'll explain later.",phish
sms,AD-NFLIX,,,"Dear Customer, your credit card statement is generated. Total due Rs 25. Pay by 5th via app or netbanking to avoid late fee. -Netflix",legit
sms,+917778340793,,,"Congratulations! You have won ₹2,999 cashback from PayPal. Claim your reward now https://www.hdfc.com@lhjrrhct.live/login",phish
sms,+917379376699,,,"Hi, I am from Dropbox HR. Part time job, earn Rs 5000 daily from home. WhatsApp +919681608557 for details.",phish
email,Customer Service <security@gmail.com>,help@wqobrh.com,Congratulations! You've been selected,"Dear User, you have won a iPhone 16 in our annual customer draw! Claim your prize here https://dhl-alert-secure.support/signin.php before it expires today. A small processing fee of Rs 1,250 applies.",phish
email,Admin <admin@npxfncp.com>,,Invoice #629245 overdue,",

Please find the overdue invoice attached. Kindly review and make payment at https://getdocshub.com/DL7xnye5ra to avoid late penalties.

Accounts Department",phish
sms,+917807951181,,,"Your ICICI Bank reward points worth ₹2,999 expire today! Redeem now: http://dropbox.service.jmneko.tk",phish
sms,+919817341880,,,"Apple: Unusual login detected. If this wasn't you, verify your account at https://www.google.com@qphbilds.live/account/update",phish
sms,VM-IRCTCI,,,"PNR 8800537893: Train 11100 confirmed, Coach B5 Berth 49. Happy journey.",legit
email,Noah <priya87@gmail.com>,,Dinner plans,Hey Rohan! Here are the photos from last weekend. ,legit
email,Customer Service <admin@outlook.com>,,Action required: update your payment details,"Dear User, your recent payment could not be processed. Please update your billing information immediately to avoid service interruption. Update now: http://sbi-verify.ru/signin.php",phish
email,SBI Security <admin@gmail.com>,,Shared document: Q3_Salary_Revision.pdf,Kavya has shared a document with you via DocuSign. Sign in with your email password to view: http://dropbox.update.krmwox.co/q6HDJKc80Z,phish
sms,VM-DHLIND,,,Your DHL shipment 3308003700 is out for delivery today. Track: https://www.dhl.com/in-en/home/tracking.html,legit
email,ICICI Bank <security@ynvjdok.com>,help@qjkyqp.top,Your mailbox is almost full,"Dear Account Holder, your storage quota is 98% used. Messages may stop arriving. Please use the link below.
https://instagram.service.odyfpa.site/pay?ref=q3IpvrRJ",phish
email,David <olivia@zenithtech.com>,,Q3 report draft,"Hi Rohan,

Attaching the notes from today. Can you review the second section before our sync on Thursday? The shared folder is on https://docs.google.com/document/d/ULhaYy6DBNH5E1ec.

Thanks,
Rohan",legit
email,LinkedIn <no-reply@linkedin.com>,,Your LinkedIn order has shipped,"Hi David,

Good news! Your order #838688891 has shipped and will arrive by Tuesday. You can track it any time at https://www.linkedin.com/orders.

Thanks for shopping with us.",legit
email,PayPal Security <security@paypal.com>,,New sign-in to your account,"Hi Kavya, we noticed a new sign-in to your PayPal account from Chrome on Windows. If this was you, you don't need to do anything. If not, open the PayPal app or go to https://paypal.com/security to review your activity. We will never ask for your password by email.",legit
email,ICICI Bank <no-reply@icicibank-verify.com>,,Congratulations! You've been selected,"Dear Account Holder, you have won a Rs 50,000 voucher in our annual customer draw! Claim your prize here http://flipkart-billing-verify.xyz/signin.php before it expires today. A small processing fee of Rs 499 applies.",phish
sms,+919712007202,,,"Dear Customer, your HDFC Bank account will be blocked today. Update your KYC immediately: https://help-google.com/verify",phish
sms,+919779256041,,,"Your LinkedIn reward points worth ₹15,000 expire today! Redeem now: https://apples.live/signin.php",phish
email,Rahul Sharma <recruiting@acmecorp.com>,,Interview schedule - Software Engineer,"Dear Priya,

Thank you for applying to Acme Corp. We would like to invite you for a technical interview next week. Please pick a slot using the calendar link on our careers page https://acmecorp.com/careers. There is no fee at any stage of our hiring process.

Regards,
Talent team",legit
email,IT Helpdesk <it@nimbuslabs.com>,,Reminder: password expires in 3 days,"Hi Kavya, your corporate password expires in 3 days. Please change it from your laptop using Ctrl+Alt+Del > Change password, or visit the internal portal https://sso.nimbuslabs.com. Contact the helpdesk on ext. 1132 if you need help.",legit
email,Chen Patel <recruiting@zenithtech.com>,,Interview schedule - Software Engineer,"Dear Vikram,

Thank you for applying to Zenith Tech. We would like to invite you for a technical interview next week. Please pick a slot using the calendar link on our careers page https://zenithtech.com/careers. There is no fee at any stage of our hiring process.

Regards,
Talent team",legit
email,LinkedIn <billing@linkedin.com>,,Payment received - thank you,"Hi Fatima, we've received your payment of $49.99. Receipt number URcpOOYgw4. No further action is needed.",legit
sms,+916063621051,,,Can you send me the notes from class?,legit
email,Flipkart <admin@flipkaro.com>,help@hdcdoy.ru,Work from home opportunity,"Dear Customer! Part time job available. Earn Rs 8,000 per day by liking YouTube videos. No experience needed. Contact our HR on Telegram or register here: http://mlotkl.000webhostapp.com/icici/kyc. Registration fee $49.99 only.",phish
sms,AX-AMAZON,,,Your Amazon order #7622368 has been delivered. Rate your experience in the Amazon app.,legit
sms,+917440095224,,,Call me when you're free,legit
email,IT Helpdesk <it@brightline.com>,,Reminder: password expires in 3 days,"Hi David, your corporate password expires in 3 days. Please change it from your laptop using Ctrl+Alt+Del > Change password, or visit the internal portal https://sso.brightline.com. Contact the helpdesk on ext. 7411 if you need help.",legit
email,LinkedIn Security <security@linkedin.com>,,New sign-in to your account,"Hi Priya, we noticed a new sign-in to your LinkedIn account from Chrome on Windows. If this was you, you don't need to do anything. If not, open the LinkedIn app or go to https://linkedin.com/security to review your activity. We will never ask for your password by email.",legit
sms,VK-FLPKRT,,,$49.99 debited from A/c XX9691 on 17-10-26 to UPI/SNEHA. Not you? Call 18001080. -Flipkart,legit
sms,VK-FLPKRT,,,Big Billion Days start tomorrow! Shop on the Flipkart app for deals on mobiles. T&C apply. To opt out reply STOP.,legit
email,Netflix Security <security@netflix.com>,,New sign-in to your account,"Hi Sneha, we noticed a new sign-in to your Netflix account from Chrome on Windows. If this was you, you don't need to do anything. If not, open the Netflix app or go to https://netflix.com/security to review your activity. We will never ask for your password by email.",legit
email,IT Helpdesk <it@acmecorp.com>,,Reminder: password expires in 3 days,"Hi Kavya, your corporate password expires in 3 days. Please change it from your laptop using Ctrl+Alt+Del > Change password, or visit the internal portal https://sso.acmecorp.com. Contact the helpdesk on ext. 5264 if you need help.",legit
sms,+919008445801,,,Your Amazon reward points worth $120.00 expire today! Redeem now: https://dropbox.account.iicamd.click/login,phish
email,Apple <no-reply@apple.com>,,Your Apple order has shipped,"Hi Chen,

Good news! Your order #285514382 has shipped and will arrive by Tuesday. You can track it any time at https://www.apple.com/orders.

Thanks for shopping with us.",legit
email,HDFC Bank Support <support@hdfcbank-kyc.xyz>,,Congratulations! You've been selected,"Hello Priya, you have won a $1000 gift card in our annual customer draw! Claim your prize here https://ypoaid.weebly.com/icici/signin.php before it expires today. A small processing fee of $49.99 applies.",phish
sms,VM-DHLIND,,,Your DHL shipment 3391419811 is out for delivery today. Track: https://www.dhl.com/in-en/home/tracking.html,legit
email,Rohan Sharma (CEO) <ceo.office12@gmail.com>,,Are you available?,"Hi Vikram, I'm in a meeting and can't talk. I need you to buy 5 Google Play gift cards for a client today. Keep this confidential for now. Send me the codes once done. I'll reimburse you.

Sent from my iPhone",phish
sms,+919423330591,,,"Congratulations! You have won ₹2,999 cashback from Microsoft. Claim your reward now http://instagram.auth.wjoufs.top/login",phish
email,Fatima Smith (CEO) <ceo.office46@gmail.com>,help@fnpvuz.shop,Quick favour,"Hi Lucas, I'm in a meeting and can't talk. I need you to buy 8 Google Play gift cards for a client today. Keep this confidential for now. Send me the codes once done. I'll reimburse you.

Sent from my iPhone",phish
email,LinkedIn <admin@outlook.com>,help@zairbn.support,Document review,"Hello Chen, a document needs your review. Please use the link below.
https://kyc-flipkart.com/pay?ref=1IGOL9s7",phish
sms,JD-PAYTMB,,,$49.99 debited from A/c XX7304 on 18-10-26 to UPI/MICHAEL. Not you? Call 18001080. -Paytm,legit
sms,BX-OFFER,,,"Dear Customer, your ICICI Bank account will be blocked today. Update your KYC immediately: http://fuwxez.000webhostapp.com/icici",phish
email,Admin <admin@notify173.top>,,Shared document: Q3_Salary_Revision.pdf,Emily has shared a document with you via DocuSign. Sign in with your email password to view: https://paypal-help-verify.support/WtixvZbEJ3,phish
sms,VM-DHLIND,,,Your DHL shipment 1218052579 is out for delivery today. Track: https://www.dhl.com/in-en/home/tracking.html,legit
email,Customer Service <no-reply@gogle.com>,help@cwosxb.shop,KYC update pending,", your Google KYC is pending. Your account will be blocked today. Update KYC by sharing your PAN and OTP at http://ncmuxc.ngrok.io/amazon/signin.php or reply with your card number.",phish
sms,AD-ICICIB,,,"₹2,999 debited from A/c XX3142 on 26-10-26 to UPI/RAHUL. Not you? Call 18002586161. -ICICI Bank",legit
email,Netflix Support <service@netflix-login.tk>,help@neryus.shop,Tax refund notification,"Dear Account Holder, after the annual calculation of your fiscal activity, you are eligible to receive a tax refund of $49.99. Income Tax Department requires you to submit the refund request: https://apple-verify.click/signin.php",phish
email,ICICI Bank Support <admin@gmail.com>,,Congratulations! You've been selected,"Dear Valued Member, you have won a free trip in our annual customer draw! Claim your prize here http://microsofe.info/signin.php before it expires today. A small processing fee of $49.99 applies.",phish
email,Netflix <statements@netflix.com>,,Your monthly statement is ready,"Dear Arjun,

Your statement for October is now available. Log in through our official website or app to view it. Amount due: ₹2,999. Due date: 1th.

This is an automated message.",legit
email,Lucas Khan <recruiting@acmecorp.com>,,Interview schedule - Software Engineer,"Dear Arjun,

Thank you for applying to Acme Corp. We would like to invite you for a technical interview next week. Please pick a slot using the calendar link on our careers page https://acmecorp.com/careers. There is no fee at any stage of our hiring process.

Regards,
Talent team",legit
email,Admin <security@outlook.com>,,Work from home opportunity,"Dear Account Holder! Part time job available. Earn Rs 5,000 per day by liking YouTube videos. No experience needed. Contact our HR on Telegram or register here: http://www.amazon.com@uqcpxwtz.com. Registration fee ₹2,999 only.",phish
email,Sneha <john@zenithtech.com>,,Lunch on Friday?,"Hi Ananya,

Attaching the notes from today. Can you review the second section before our sync on Wednesday? The shared folder is on https://docs.google.com/document/d/VsOqm5fH2TmPtpB4.

Thanks,
Priya",legit
sms,VM-IRCTCI,,,"PNR 7243807017: Train 16244 confirmed, Coach B3 Berth 52. Happy journey.",legit
email,Rahul <ananya@kiteanalytics.com>,,Re: project timeline,"Hi Arjun,

Attaching the notes from today. Can you review the second section before our sync on Wednesday? The shared folder is on https://kiteanalytics.com/wiki/jfP74.

Thanks,
Kavya",legit
sms,+919015019679,,,India Post: Your parcel is on hold due to incomplete address. Pay ₹10 redelivery fee at https://flipkart-alert-alert.ru/pay?ref=MjoizFer within 24 hrs.,phish
email,Noah <michael4@gmail.com>,,Happy birthday!,Hey Chen! Are we still on for Saturday?. Miss you guys.,legit
sms,VM-IRCTCI,,,"PNR 7548138666: Train 21571 confirmed, Coach B4 Berth 46. Happy journey.",legit
email,Newsletter <news@myntra.com>,,Your weekly digest,"Hello Noah, here's what's new this week. Read more at https://swiggy.com/blog/qvjxpi. You're receiving this because you subscribed. Unsubscribe any time.",legit
sms,AD-ICICIB,,,380351 is your OTP for login. Valid for 10 minutes. Do not share it with anyone. -ICICI Bank,legit
sms,VK-NOTICE,,,"Refund of Rs 499 initiated for your order. To receive it, share the OTP sent to your phone with our agent or visit http://4j5l5simf.ru/signin.php",phish
email,Customer Service <security@gmail.com>,,Tax refund notification,"Dear Valued Member, after the annual calculation of your fiscal activity, you are eligible to receive a tax refund of $120.00. Income Tax Department requires you to submit the refund request: https://sb1.ru/account/update",phish
email,Flipkart <security@gmail.com>,help@zqkgfo.info,Work from home opportunity,"Hi John! Part time job available. Earn Rs 8,000 per day by liking YouTube videos. No experience needed. Contact our HR on Telegram or register here: http://hdfc.support.qfjfmm.site. Registration fee ₹15,000 only.",phish
sms,+916948377402,,,"Your ICICI Bank reward points worth ₹2,999 expire today! Redeem now: http://dhzyji.web.app/paytm/kyc",phish
email,HDFC Bank <no-reply@hdfcbank.com>,,Verify your email address,"Hi Michael, thanks for signing up! Please confirm this is your email address by entering the code 356523 in the app. If you didn't create an account, you can ignore this email.",legit
email,Customer Service <admin@outlook.com>,,Delivery attempt failed,"Dear Account Holder, a document needs your review. Please use the link below.
https://dhl.service.rpkmxj.xyz/pay?ref=hJ8wURdH",phish
email,Microsoft <no-reply@microsoft.com>,,Verify your email address,"Hi David, thanks for signing up! Please confirm this is your email address by entering the code 871148 in the app. If you didn't create an account, you can ignore this email.",legit
sms,+919248607047,,,"Your HDFC Bank reward points worth ₹2,999 expire today! Redeem now: https://update-icici.net/Wvzzk3kMYR",phish
email,Admin <support@blxurbm.com>,,Your SBI account has been suspended,"Hello Priya,

We detected unusual activity and your account has been temporarily suspended. To restore access, verify your account within 24 hours: http://dhl.support.tvhbac.top/secure/confirm

Failure to verify will result in permanent closure.

SBI Security Team",phish
email,Dropbox Security <no-reply@qujgnil.com>,,Your mailbox is almost full,"Dear User, we could not deliver your package because the address was incomplete. Please use the link below.
http://dropbox-verify.info/secure/confirm",phish
email,Paytm Support <support@payte.com>,help@olbtuv.tk,Congratulations! You've been selected,"Hello Olivia, you have won a Rs 50,000 voucher in our annual customer draw! Claim your prize here https://apple-support-alert.online/wp-content/apple/index.html before it expires today. A small processing fee of Rs 1,250 applies.",phish
sms,+917175624799,,,India Post: Your parcel is on hold due to incomplete address. Pay $49.99 redelivery fee at https://www.dhl.com@udhuxogw.co/wp-content/dhl/index.html within 24 hrs.,phish
sms,+918144294267,,,"Flipkart: Unusual login detected. If this wasn't you, verify your account at https://erewardshub.com/account/update",phish
email,Customer Service <admin@gmail.com>,,Delivery attempt failed,", we could not deliver your package because the address was incomplete. Please use the link below.
https://innmdb.firebaseapp.com/dhl/signin.php",phish
email,Admin <admin@amazon-account.info>,help@ieorsl.info,KYC update pending,"Dear Account Holder, your Amazon KYC is pending. Your account will be blocked today. Update KYC by sharing your PAN and OTP at http://instagram.kyc.jgdvmy.tk/verify or reply with your card number.",phish
email,DHL Support <support@dhl-support.info>,help@tdhynw.tk,Work from home opportunity,"Dear Customer! Part time job available. Earn Rs 8,000 per day by liking YouTube videos. No experience needed. Contact our HR on Telegram or register here: https://amazon.help.qczjxk.live/secure/confirm. Registration fee $49.99 only.",phish
sms,BX-OFFER,,,"Hi, I am from Flipkart HR. Part time job, earn Rs 5000 daily from home. WhatsApp +918633953481 for details.",phish
sms,VK-FLPKRT,,,Big Billion Days start tomorrow! Shop on the Flipkart app for deals on mobiles. T&C apply. To opt out reply STOP.,legit
email,Customer Service <support@micr0soft.com>,,Invoice #095055 overdue,"Hello Vikram,

Please find the overdue invoice attached. Kindly review and make payment at https://49.159.164.124/netflix/mE7WOwbv2y to avoid late penalties.

Accounts Department",phish
sms,+918881050391,,,"Mom, I lost my phone, this is my new number. Can you send Rs 25 urgently? I'll explain later.",phish
email,Customer Service <service@mail763.com>,help@dbzvqs.xyz,Invoice #216110 overdue,"Dear User,

Please find the overdue invoice attached. Kindly review and make payment at http://www.hdfc.com@pljwleot.ru/account/update to avoid late penalties.

Accounts Department",phish
email,Newsletter <news@nptel.ac.in>,,Your weekly digest,"Hello Rohan, here's what's new this week. Read more at https://zomato.com/blog/wfguat. You're receiving this because you subscribed. Unsubscribe any time.",legit
sms,AX-AMAZON,,,133761 is your OTP for login. Valid for 10 minutes. Do not share it with anyone. -Amazon,legit
email,Fatima Patel <recruiting@brightline.com>,,Interview schedule - Software Engineer,"Dear Lucas,

Thank you for applying to Brightline. We would like to invite you for a technical interview next week. Please pick a slot using the calendar link on our careers page https://brightline.com/careers. There is no fee at any stage of our hiring process.

Regards,
Talent team",legit
sms,BX-OFFER,,,"Mom, I lost my phone, this is my new number. Can you send Rs 499 urgently? I'll explain later.",phish
sms,AD-NFLIX,,,$120.00 debited from A/c XX8872 on 19-10-26 to UPI/EMILY. Not you? Call 18001080. -Netflix,legit
sms,+917708120780,,,"Dropbox: Unusual login detected. If this wasn't you, verify your account at http://flipkart.kyc.khivwp.online/secure/confirm",phish
email,Newsletter <news@zoom.us>,,This week's top stories,"Hello Emily, here's what's new this week. Read more at https://coursera.org/blog/fnijlv. You're receiving this because you subscribed. Unsubscribe any time.",legit
email,Priya <rahul@acmecorp.com>,,Notes from today's meeting,"Hi Aarav,

Attaching the notes from today. Can you review the second section before our sync on Wednesday? The shared folder is on https://docs.google.com/document/d/l4gTinLv9xglg30A.

Thanks,
Lucas",legit
sms,VM-DHLIND,,,"Dear Customer, your credit card statement is generated. Total due $120.00. Pay by 17th via app or netbanking to avoid late fee. -DHL",legit
sms,+918384185201,,,"Dear Customer, your Paytm account will be blocked today. Update your KYC immediately: https://4peh8drz5rgp.shop/3llU9wzdyl",phish
email,Admin <security@outlook.com>,help@ldcyfc.com,Action required: update your payment details,"Dear Customer, your recent payment could not be processed. Please update your billing information immediately to avoid service interruption. Update now: https://184.230.2.22/apple/signin.php",phish
sms,VK-NOTICE,,,Your DHL reward points worth ₹10 expire today! Redeem now: https://bit.ly/e8JUPD,phish
email,Customer Service <no-reply@icicibank-online.com>,,Work from home opportunity,"Dear Customer! Part time job available. Earn Rs 5,000 per day by liking YouTube videos. No experience needed. Contact our HR on Telegram or register here: https://icici-auth-verify.tk/account/update. Registration fee Rs 499 only.",phish
sms,AX-AMAZON,,,"Dear Customer, your credit card statement is generated. Total due ₹15,000. Pay by 1th via app or netbanking to avoid late fee. -Amazon",legit
email,HDFC Bank Support <admin@baaezlq.com>,,Tax refund notification,"Hi Emily, after the annual calculation of your fiscal activity, you are eligible to receive a tax refund of $120.00. Income Tax Department requires you to submit the refund request: https://www.hdfc.com@lzhqjivi.ru/hm2E8hw9Y6",phish
sms,VM-HDFCBK,,,"₹2,999 debited from A/c XX3706 on 11-10-26 to UPI/DAVID. Not you? Call 18002586161. -HDFC Bank",legit
email,Aarav Smith (CEO) <ceo.office5@gmail.com>,,Urgent request,"Hi Priya, I'm in a meeting and can't talk. I need you to buy 10 Google Play gift cards for a client today. Keep this confidential for now. Send me the codes once done. I'll reimburse you.

Sent from my iPhone",phish
email,Newsletter <news@booking.com>,,New courses this month,"Hello Aarav, here's what's new this week. Read more at https://zoom.us/blog/gxgjje. You're receiving this because you subscribed. Unsubscribe any time.",legit
email,ICICI Bank <billing@icicibank.com>,,Payment received - thank you,"Hi Ananya, we've received your payment of ₹10. Receipt number 3yV2ikA6SE. No further action is needed.",legit
sms,BZ-SBIINB,,,"₹2,999 debited from A/c XX9992 on 27-10-26 to UPI/RAHUL. Not you? Call 18002586161. -SBI",legit
email,PayPal Support <admin@gmail.com>,help@bdpepi.ru,Work from home opportunity,"! Part time job available. Earn Rs 8,000 per day by liking YouTube videos. No experience needed. Contact our HR on Telegram or register here: http://instagrarn.info/kyc. Registration fee $49.99 only.",phish
sms,VK-FLPKRT,,,164005 is your OTP for login. Valid for 10 minutes. Do not share it with anyone. -Flipkart,legit
email,ICICI Bank Security <no-reply@outlook.com>,,Congratulations! You've been selected,"Hello Rohan, you have won a $1000 gift card in our annual customer draw! Claim your prize here https://update-linkedin.co/secure/confirm before it expires today. A small processing fee of ₹10 applies.",phish
sms,+918182755394,,,"India Post: Your parcel is on hold due to incomplete address. Pay ₹2,999 redelivery fee at https://www.hdfc.com@lqrawihj.net/secure/confirm within 24 hrs.",phish
sms,+918393304596,,,"Mom, I lost my phone, this is my new number. Can you send ₹2,999 urgently? I'll explain later.",phish
email,Admin <service@sbi-secure.info>,,KYC update pending,"Hi Michael, your SBI KYC is pending. Your account will be blocked today. Update KYC by sharing your PAN and OTP at https://cutt.ly/Lagg5k or reply with your card number.",phish
email,Instagram <no-reply@instagram.com>,,Verify your email address,"Hi Arjun, thanks for signing up! Please confirm this is your email address by entering the code 663227 in the app. If you didn't create an account, you can ignore this email.",legit
email,Admin <no-reply@outlook.com>,,Invoice #218366 overdue,"Dear Customer,

Please find the overdue invoice attached. Kindly review and make payment at https://hdfc-in.com/pay?ref=GddjfVrM to avoid late penalties.

Accounts Department",phish
email,Kavya <aarav29@gmail.com>,,Photos from the trip,Hey Rahul! Are we still on for Saturday?. Call me later.,legit
email,Paytm Support <service@paytm-verify.com>,help@bjakid.top,Work from home opportunity,"! Part time job available. Earn Rs 8,000 per day by liking YouTube videos. No experience needed. Contact our HR on Telegram or register here: https://amazon-verify-login.live/secure/confirm. Registration fee ₹15,000 only.",phish
sms,AD-ICICIB,,,Rs 499 debited from A/c XX4804 on 12-10-26 to UPI/RAHUL. Not you? Call 18002586161. -ICICI Bank,legit
sms,AD-ICICIB,,,504596 is your OTP for login. Valid for 10 minutes. Do not share it with anyone. -ICICI Bank,legit
email,Admin <admin@yftvqif.com>,help@mmedag.ru,Tax refund notification,"Dear Account Holder, after the annual calculation of your fiscal activity, you are eligible to receive a tax refund of ₹10. Income Tax Department requires you to submit the refund request: https://tinyurl.com/CME3Ek",phish
sms,+918426874470,,,"Hey, running 10 min late, order for me pls",legit
email,Newsletter <news@galgotiasuniversity.edu.in>,,This week's top stories,"Hello Aarav, here's what's new this week. Read more at https://airbnb.com/blog/rcgtrs. You're receiving this because you subscribed. Unsubscribe any time.",legit
sms,VM-DHLIND,,,"Dear Customer, your credit card statement is generated. Total due Rs 1,250. Pay by 1th via app or netbanking to avoid late fee. -DHL",legit
email,HDFC Bank Security <support@hdfcbank-kyc.top>,help@mswvmz.click,Work from home opportunity,"Dear Customer! Part time job available. Earn Rs 8,000 per day by liking YouTube videos. No experience needed. Contact our HR on Telegram or register here: https://194.92.151.31/dhl. Registration fee Rs 1,250 only.",phish
sms,INFO,,,"Dear Customer, your Amazon account will be blocked today. Update your KYC immediately: http://mydocsnow.com/wp-content/dhl/index.html",phish
sms,+919221455937,,,Congratulations! You have won Rs 25 cashback from Microsoft. Claim your reward now https://flipkart-alert-login.shop/verify,phish
email,Ananya <sarah@orbitsystems.com>,,Re: project timeline,"Hi Olivia,

Attaching the notes from today. Can you review the second section before our sync on Thursday? The shared folder is on https://orbitsystems.com/wiki/sJUcf.

Thanks,
Fatima",legit
email,PayPal <security@paypal-update.net>,,Congratulations! You've been selected,"Dear Customer, you have won a iPhone 16 in our annual customer draw! Claim your prize here https://dropbox.auth.jmfecm.ru/secure/confirm before it expires today. A small processing fee of $49.99 applies.",phish
sms,+918453975082,,,Your electricity connection will be disconnected tonight at 9:30 PM as previous bill was not updated. Contact officer +916385698028 immediately.,phish
email,Apple <statements@apple.com>,,Your monthly statement is ready,"Dear Lucas,

Your statement for August is now available. Log in through our official website or app to view it. Amount due: Rs 499. Due date: 26th.

This is an automated message.",legit
sms,VM-HDFCBK,,,"Rs 1,250 debited from A/c XX8312 on 23-10-26 to UPI/OLIVIA. Not you? Call 18001080. -HDFC Bank",legit
sms,+917318195883,,,Your Apple reward points worth ₹10 expire today! Redeem now: http://myrewardscenter.com/wp-content/paytm/index.html,phish
email,Google <statements@google.com>,,Your monthly statement is ready,"Dear Rahul,

Your statement for August is now available. Log in through our official website or app to view it. Amount due: ₹15,000. Due date: 28th.

This is an automated message.",legit
email,SBI Security <admin@alerts346.online>,help@ufsurl.click,Congratulations! You've been selected,"Dear Customer, you have won a free trip in our annual customer draw! Claim your prize here http://wv23b3d42.online/signin.php before it expires today. A small processing fee of ₹2,999 applies.",phish
sms,BZ-SBIINB,,,152979 is your OTP for login. Valid for 10 minutes. Do not share it with anyone. -SBI,legit
email,Admin <support@outlook.com>,,Action required: update your payment details,"Dear Account Holder, your recent payment could not be processed. Please update your billing information immediately to avoid service interruption. Update now: https://micr0soft.xyz/signin.php",phish
sms,VM-HDFCBK,,,Rs 25 debited from A/c XX3223 on 28-10-26 to UPI/MICHAEL. Not you? Call 18002586161. -HDFC Bank,legit
email,Customer Service <support@mail172.click>,help@amktmz.com,Work from home opportunity,"Dear User! Part time job available. Earn Rs 8,000 per day by liking YouTube videos. No experience needed. Contact our HR on Telegram or register here: http://flipkart.login.fvmfei.xyz/signin.php. Registration fee ₹15,000 only.",phish
email,IT Helpdesk <it@acmecorp.com>,,Reminder: password expires in 3 days,"Hi Sneha, your corporate password expires in 3 days. Please change it from your laptop using Ctrl+Alt+Del > Change password, or visit the internal portal https://sso.acmecorp.com. Contact the helpdesk on ext. 4876 if you need help.",legit
email,Apple Security <service@outlook.com>,help@yroxew.site,Invoice #353153 overdue,"Dear Customer,

Please find the overdue invoice attached. Kindly review and make payment at http://auth-netflix.co/verify to avoid late penalties.

Accounts Department",phish
email,LinkedIn Security <security@linkedin.com>,,New sign-in to your account,"Hi David, we noticed a new sign-in to your LinkedIn account from Chrome on Windows. If this was you, you don't need to do anything. If not, open the LinkedIn app or go to https://linkedin.com/security to review your activity. We will never ask for your password by email.",legit
email,Aarav Smith <recruiting@orbitsystems.com>,,Interview schedule - Software Engineer,"Dear John,

Thank you for applying to Orbit Systems. We would like to invite you for a technical interview next week. Please pick a slot using the calendar link on our careers page https://orbitsystems.com/careers. There is no fee at any stage of our hiring process.

Regards,
Talent team",legit
email,PayPal Support <service@olmzsfn.com>,,Congratulations! You've been selected,"Hi Fatima, you have won a iPhone 16 in our annual customer draw! Claim your prize here https://ioajbp.ngrok.io/amazon/wp-content/amazon/index.html before it expires today. A small processing fee of ₹15,000 applies.",phish
email,Netflix Support <security@alerts872.live>,,Action required: update your payment details,"Dear User, your recent payment could not be processed. Please update your billing information immediately to avoid service interruption. Update now: http://paytm-account-help.xyz",phish
sms,+916819695448,,,Can you send me the notes from class?,legit
sms,VM-DHLIND,,,Your DHL shipment 9501364971 is out for delivery today. Track: https://www.dhl.com/in-en/home/tracking.html,legit
email,HDFC Bank <no-reply@hdfcbank.com>,,Verify your email address,"Hi Aarav, thanks for signing up! Please confirm this is your email address by entering the code 872779 in the app. If you didn't create an account, you can ignore this email.",legit
sms,VK-FLPKRT,,,Big Billion Days start tomorrow! Shop on the Flipkart app for deals on mobiles. T&C apply. To opt out reply STOP.,legit
sms,VK-FLPKRT,,,Big Billion Days start tomorrow! Shop on the Flipkart app for deals on mobiles. T&C apply. To opt out reply STOP.,legit
sms,+919706769333,,,"Dear Customer, your Google account will be blocked today. Update your KYC immediately: https://is.gd/YhLlV7",phish
sms,+919751401051,,,"Hi, I am from Microsoft HR. Part time job, earn Rs 5000 daily from home. WhatsApp +917382825867 for details.",phish
email,SBI <support@gmail.com>,help@xpayxs.com,Your mailbox is almost full,", your storage quota is 98% used. Messages may stop arriving. Please use the link below.
http://arnazon.net/UXJ1bJkWkz",phish
sms,+918057144695,,,"Hi, I am from PayPal HR. Part time job, earn Rs 5000 daily from home. WhatsApp +919740687354 for details.",phish
sms,+916536597268,,,Call me when you're free,legit
email,Dropbox <support@drpbox.com>,help@tzhnas.shop,Document review,"Dear Customer, we could not deliver your package because the address was incomplete. Please use the link below.
https://ukneux.weebly.com/netflix/login",phish
email,Customer Service <service@drpbox.com>,help@vufqaz.click,Your Dropbox account has been suspended,"Dear Valued Member,

We detected unusual activity and your account has been temporarily suspended. To restore access, verify your account within 24 hours: https://sbi-account-support.net/account/update

Failure to verify will result in permanent closure.

Dropbox Security Team",phish
email,Paytm <no-reply@paytm.com>,,Verify your email address,"Hi Priya, thanks for signing up! Please confirm this is your email address by entering the code 961642 in the app. If you didn't create an account, you can ignore this email.",legit
sms,+917264418024,,,"Microsoft: Unusual login detected. If this wasn't you, verify your account at https://bit.ly/ZkfdfG",phish
sms,+916982210401,,,"Mom, I lost my phone, this is my new number. Can you send Rs 25 urgently? I'll explain later.",phish
sms,+919237886173,,,"PayPal: Unusual login detected. If this wasn't you, verify your account at https://c9m0is92.support/kyc",phish
sms,BX-OFFER,,,"Amazon: Unusual login detected. If this wasn't you, verify your account at http://auth-dropbox.in/wp-content/dropbox/index.html",phish
sms,AX-AMAZON,,,Your Amazon order #6762590 has been delivered. Rate your experience in the Amazon app.,legit
sms,VM-DHLIND,,,Your DHL shipment 6831465003 is out for delivery today. Track: https://www.dhl.com/in-en/home/tracking.html,legit
sms,+919895599098,,,Congratulations! You have won $49.99 cashback from Amazon. Claim your reward now http://auth-hdfc.in/signin.php,phish
sms,+919634541829,,,"Hi, I am from Amazon HR. Part time job, earn Rs 5000 daily from home. WhatsApp +916269945206 for details.",phish
sms,VM-IRCTCI,,,"PNR 0187779533: Train 22238 confirmed, Coach B3 Berth 19. Happy journey.",legit
email,Newsletter <news@coursera.org>,,5 tips for better sleep,"Hello Sarah, here's what's new this week. Read more at https://python.org/blog/gtydsn. You're receiving this because you subscribed. Unsubscribe any time.",legit
sms,AX-AMAZON,,,Your Amazon order #9486309 has been delivered. Rate your experience in the Amazon app.,legit
sms,+917651034444,,,"Dear Customer, your SBI account will be blocked today. Update your KYC immediately: http://microsoft.auth.qpfnuz.top/login",phish
sms,AD-ICICIB,,,"Dear Customer, your credit card statement is generated. Total due $120.00. Pay by 24th via app or netbanking to avoid late fee. -ICICI Bank",legit
email,Michael Patel <recruiting@orbitsystems.com>,,Interview schedule - Software Engineer,"Dear Aarav,

Thank you for applying to Orbit Systems. We would like to invite you for a technical interview next week. Please pick a slot using the calendar link on our careers page https://orbitsystems.com/careers. There is no fee at any stage of our hiring process.

Regards,
Talent team",legit
email,Customer Service <security@icicib4nk.com>,,KYC update pending,"Dear Customer, your ICICI Bank KYC is pending. Your account will be blocked today. Update KYC by sharing your PAN and OTP at https://account-paytm.net/verify or reply with your card number.",phish
sms,VK-FLPKRT,,,Big Billion Days start tomorrow! Shop on the Flipkart app for deals on mobiles. T&C apply. To opt out reply STOP.,legit
sms,VM-DHLIND,,,880418 is your OTP for login. Valid for 10 minutes. Do not share it with anyone. -DHL,legit
email,ICICI Bank <no-reply@icicibank.com>,,Your ICICI Bank order has shipped,"Hi Lucas,

Good news! Your order #971231660 has shipped and will arrive by Monday. You can track it any time at https://www.icicibank.com/orders.

Thanks for shopping with us.",legit
email,SBI Security <service@alerts812.co>,,Document review,"Dear Account Holder, we could not deliver your package because the address was incomplete. Please use the link below.
https://is.gd/2B8Pt2",phish
sms,+916650761222,,,"Congratulations! You have won ₹15,000 cashback from PayPal. Claim your reward now http://apple-verify.site/pay?ref=ZEZzhXkg",phish
sms,VM-DHLIND,,,Your DHL shipment 6689859321 is out for delivery today. Track: https://www.dhl.com/in-en/home/tracking.html,legit
email,Netflix <statements@netflix.com>,,Your monthly statement is ready,"Dear Meera,

Your statement for October is now available. Log in through our official website or app to view it. Amount due: Rs 499. Due date: 6th.

This is an automated message.",legit
sms,+917596985045,,,Your electricity connection will be disconnected tonight at 9:30 PM as previous bill was not updated. Contact officer +916566937540 immediately.,phish
email,Admin <security@gmail.com>,help@vcxwsp.top,Shared document: Q3_Salary_Revision.pdf,Olivia has shared a document with you via Dropbox. Sign in with your email password to view: http://137.119.103.152/amazon/verify,phish
sms,AX-AMAZON,,,Your Amazon order #6731234 has been delivered. Rate your experience in the Amazon app.,legit
sms,BZ-SBIINB,,,422842 is your OTP for login. Valid for 10 minutes. Do not share it with anyone. -SBI,legit
email,Netflix <no-reply@netflix.com>,,Verify your email address,"Hi Vikram, thanks for signing up! Please confirm this is your email address by entering the code 709872 in the app. If you didn't create an account, you can ignore this email.",legit
sms,VK-FLPKRT,,,Big Billion Days start tomorrow! Shop on the Flipkart app for deals on mobiles. T&C apply. To opt out reply STOP.,legit
sms,AD-ICICIB,,,"Dear Customer, your credit card statement is generated. Total due ₹10. Pay by 8th via app or netbanking to avoid late fee. -ICICI Bank",legit
sms,BZ-SBIINB,,,698042 is your OTP for login. Valid for 10 minutes. Do not share it with anyone. -SBI,legit
sms,AX-AMAZON,,,Your Amazon order #8081226 has been delivered. Rate your experience in the Amazon app.,legit
sms,+918956919220,,,"Mom, I lost my phone, this is my new number. Can you send $120.00 urgently? I'll explain later.",phish
sms,+917581738681,,,"Refund of Rs 25 initiated for your order. To receive it, share the OTP sent to your phone with our agent or visit http://billing-dhl.co/pay?ref=mHC0BJGn",phish
sms,BZ-SBIINB,,,"Dear Customer, your credit card statement is generated. Total due Rs 1,250. Pay by 8th via app or netbanking to avoid late fee. -SBI",legit
email,IT Helpdesk <it@nimbuslabs.com>,,Reminder: password expires in 3 days,"Hi Fatima, your corporate password expires in 3 days. Please change it from your laptop using Ctrl+Alt+Del > Change password, or visit the internal portal https://sso.nimbuslabs.com. Contact the helpdesk on ext. 8454 if you need help.",legit
email,Customer Service <no-reply@ujnzlqk.com>,,Work from home opportunity,"Dear Account Holder! Part time job available. Earn Rs 8,000 per day by liking YouTube videos. No experience needed. Contact our HR on Telegram or register here: http://www.dropbox.com@idyjqjen.online/signin.php. Registration fee $120.00 only.",phish
sms,+917829682448,,,"Mom, I lost my phone, this is my new number. Can you send $120.00 urgently? I'll explain later.",phish
email,DHL Security <security@gbfqnku.com>,help@xddjze.xyz,Your DHL account has been suspended,"Dear Valued Member,

We detected unusual activity and your account has been temporarily suspended. To restore access, verify your account within 24 hours: https://bit.ly/x8qlTV

Failure to verify will result in permanent closure.

DHL Security Team",phish
sms,+919737295450,,,Your electricity connection will be disconnected tonight at 9:30 PM as previous bill was not updated. Contact officer +917801625851 immediately.,phish
sms,AX-AMAZON,,,Your Amazon order #8107677 has been delivered. Rate your experience in the Amazon app.,legit
email,Paytm Support <security@outlook.com>,,Invoice #582717 overdue,"Dear Account Holder,

Please find the overdue invoice attached. Kindly review and make payment at http://instagram-online.click/login to avoid late penalties.

Accounts Department",phish
email,ICICI Bank <billing@icicibank.com>,,Payment received - thank you,"Hi Meera, we've received your payment of Rs 499. Receipt number 68ZN7v17qE. No further action is needed.",legit
email,Microsoft <support@microsoft-billing.click>,help@ikqywq.shop,Congratulations! You've been selected,"Hi Michael, you have won a iPhone 16 in our annual customer draw! Claim your prize here https://paypal-verify-update.info/wp-content/paypal/index.html before it expires today. A small processing fee of ₹10 applies.",phish
sms,INFO,,,"Dear Customer, your Paytm account will be blocked today. Update your KYC immediately: http://32.234.65.10/dropbox/wp-content/dropbox/index.html",phish
email,HDFC Bank <billing@hdfcbank.com>,,Payment received - thank you,"Hi Sneha, we've received your payment of ₹15,000. Receipt number 27U1K7VQDZ. No further action is needed.",legit
email,Fatima Smith <recruiting@kiteanalytics.com>,,Interview schedule - Software Engineer,"Dear Rahul,

Thank you for applying to Kite Analytics. We would like to invite you for a technical interview next week. Please pick a slot using the calendar link on our careers page https://kiteanalytics.com/careers. There is no fee at any stage of our hiring process.

Regards,
Talent team",legit
email,Admin <admin@paytm-service.info>,,Work from home opportunity,"Hello Noah! Part time job available. Earn Rs 5,000 per day by liking YouTube videos. No experience needed. Contact our HR on Telegram or register here: https://flipkart-help-help.site/account/update. Registration fee ₹10 only.",phish
email,SBI <statements@sbi.co.in>,,Your monthly statement is ready,"Dear Ananya,

Your statement for September is now available. Log in through our official website or app to view it. Amount due: Rs 499. Due date: 6th.

This is an automated message.",legit
sms,VM-DHLIND,,,503374 is your OTP for login. Valid for 10 minutes. Do not share it with anyone. -DHL,legit
email,PayPal <security@gmail.com>,help@tbzdyb.info,Document review,", a document needs your review. Please use the link below.
https://www.sbi.com@zrgqlczn.support/secure/confirm",phish
sms,+919485864766,,,Congratulations! You have won $120.00 cashback from LinkedIn. Claim your reward now https://tinyurl.com/WCWJ6T,phish
sms,+918284022462,,,Can you send me the notes from class?,legit
email,Paytm <no-reply@paytm.com>,,Verify your email address,"Hi Vikram, thanks for signing up! Please confirm this is your email address by entering the code 478189 in the app. If you didn't create an account, you can ignore this email.",legit
email,Olivia Sharma <recruiting@zenithtech.com>,,Interview schedule - Software Engineer,"Dear Lucas,

Thank you for applying to Zenith Tech. We would like to invite you for a technical interview next week. Please pick a slot using the calendar link on our careers page https://zenithtech.com/careers. There is no fee at any stage of our hiring process.

Regards,
Talent team",legit
sms,VM-IRCTCI,,,"PNR 0772720450: Train 21405 confirmed, Coach B6 Berth 71. Happy journey.",legit
email,Chen <arjun@brightline.com>,,Q3 report draft,"Hi Michael,

Attaching the notes from today. Can you review the second section before our sync on Wednesday? The shared folder is on https://brightline.com/wiki/EEnLk.

Thanks,
Aarav",legit
sms,VM-DHLIND,,,Your DHL shipment 6801314336 is out for delivery today. Track: https://www.dhl.com/in-en/home/tracking.html,legit
sms,AX-AMAZON,,,Your Amazon order #9876816 has been delivered. Rate your experience in the Amazon app.,legit
sms,+918482943500,,,"Mom, I lost my phone, this is my new number. Can you send ₹10 urgently? I'll explain later.",phish
sms,VM-IRCTCI,,,"PNR 9408654243: Train 21918 confirmed, Coach B5 Berth 23. Happy journey.",legit
email,DHL <statements@dhl.com>,,Your monthly statement is ready,"Dear Arjun,

Your statement for September is now available. Log in through our official website or app to view it. Amount due: $49.99. Due date: 27th.

This is an automated message.",legit
sms,VM-DHLIND,,,Your DHL shipment 6250692965 is out for delivery today. Track: https://www.dhl.com/in-en/home/tracking.html,legit
sms,+918129311005,,,Your electricity connection will be disconnected tonight at 9:30 PM as previous bill was not updated. Contact officer +916297519102 immediately.,phish
sms,BZ-SBIINB,,,863536 is your OTP for login. Valid for 10 minutes. Do not share it with anyone. -SBI,legit
email,David Sharma (CEO) <ceo.office89@gmail.com>,,Are you available?,"Hi Rohan, I'm in a meeting and can't talk. I need you to buy 5 Google Play gift cards for a client today. Keep this confidential for now. Send me the codes once done. I'll reimburse you.

Sent from my iPhone",phish
sms,AD-ICICIB,,,"Dear Customer, your credit card statement is generated. Total due Rs 25. Pay by 27th via app or netbanking to avoid late fee. -ICICI Bank",legit
email,Google <billing@google.com>,,Payment received - thank you,"Hi Vikram, we've received your payment of Rs 499. Receipt number D9vSK9HINE. No further action is needed.",legit
sms,+919205548298,,,Congratulations! You have won ₹10 cashback from HDFC Bank. Claim your reward now http://getdocscenter.com/login,phish
sms,AD-ALERTS,,,"Refund of ₹10 initiated for your order. To receive it, share the OTP sent to your phone with our agent or visit https://help-netflix.in/wp-content/netflix/index.html",phish
sms,VK-NOTICE,,,"Hi, I am from Apple HR. Part time job, earn Rs 5000 daily from home. WhatsApp +918588108227 for details.",phish
email,ICICI Bank Security <admin@1cicibank.com>,,Work from home opportunity,"Hello Sneha! Part time job available. Earn Rs 5,000 per day by liking YouTube videos. No experience needed. Contact our HR on Telegram or register here: https://is.gd/qR6Gn3. Registration fee $120.00 only.",phish
sms,VM-IRCTCI,,,"PNR 9000191765: Train 13482 confirmed, Coach B2 Berth 38. Happy journey.",legit
email,Customer Service <service@paytm-secure.com>,,Action required: update your payment details,"Dear Valued Member, your recent payment could not be processed. Please update your billing information immediately to avoid service interruption. Update now: https://rb.gy/BYhgj2",phish
sms,AX-AMAZON,,,Your Amazon order #0102762 has been delivered. Rate your experience in the Amazon app.,legit
email,Customer Service <support@service222.shop>,help@amutuo.support,Congratulations! You've been selected,"Hi David, you have won a free trip in our annual customer draw! Claim your prize here http://b3g7q03d93.info/signin.php before it expires today. A small processing fee of $49.99 applies.",phish
sms,VK-NOTICE,,,Congratulations! You have won ₹10 cashback from Flipkart. Claim your reward now https://flipkart.update.zaascm.net/kyc,phish
email,Sneha <emily18@gmail.com>,,Dinner plans,Hey Olivia! You have to read this one. Call me later.,legit
email,Customer Service <service@outlook.com>,,Work from home opportunity,"Hi Kavya! Part time job available. Earn Rs 5,000 per day by liking YouTube videos. No experience needed. Contact our HR on Telegram or register here: https://getdocshub.com. Registration fee ₹10 only.",phish
email,Apple <billing@apple.com>,,Payment received - thank you,"Hi Emily, we've received your payment of Rs 25. Receipt number usPauoVOlr. No further action is needed.",legit
sms,VK-FLPKRT,,,Rs 499 debited from A/c XX4502 on 3-10-26 to UPI/LUCAS. Not you? Call 18001080. -Flipkart,legit
email,ICICI Bank <service@xyegwhg.com>,help@mianez.net,Invoice #514855 overdue,"Dear Customer,

Please find the overdue invoice attached. Kindly review and make payment at https://microsoft.kyc.bemtgs.live/verify to avoid late penalties.

Accounts Department",phish
email,Paytm <no-reply@paytm.com>,,Verify your email address,"Hi Rahul, thanks for signing up! Please confirm this is your email address by entering the code 308241 in the app. If you didn't create an account, you can ignore this email.",legit
email,Google <no-reply@xosskng.com>,help@hxngmh.top,Tax refund notification,"Dear Account Holder, after the annual calculation of your fiscal activity, you are eligible to receive a tax refund of ₹15,000. Income Tax Department requires you to submit the refund request: https://netf1ix.xyz/account/update",phish
email,Rahul <rahul18@gmail.com>,,Book recommendation,Hey David! You have to read this one. Call me later.,legit
email,LinkedIn Security <support@service454.info>,,Work from home opportunity,"Dear User! Part time job available. Earn Rs 5,000 per day by liking YouTube videos. No experience needed. Contact our HR on Telegram or register here: https://is.gd/2yCnog. Registration fee $120.00 only.",phish
sms,BX-OFFER,,,India Post: Your parcel is on hold due to incomplete address. Pay $49.99 redelivery fee at https://amazon.kyc.wtrukv.co within 24 hrs.,phish
sms,+917726149331,,,India Post: Your parcel is on hold due to incomplete address. Pay Rs 25 redelivery fee at https://goportalcenter.com/login within 24 hrs.,phish
sms,+918644710606,,,Congratulations! You have won Rs 499 cashback from Microsoft. Claim your reward now http://ervhdm.web.app/netflix/login,phish
email,Netflix Security <admin@outlook.com>,help@ztakhy.xyz,KYC update pending,"Dear Account Holder, your Netflix KYC is pending. Your account will be blocked today. Update KYC by sharing your PAN and OTP at http://getrefundonline.com/RbHQ0PKoKT or reply with your card number.",phish
email,Admin <support@gmail.com>,,Your mailbox is almost full,"Dear User, we could not deliver your package because the address was incomplete. Please use the link below.
https://gorewardsnow.com/wp-content/amazon/index.html",phish
sms,+918326748464,,,"Mom, I lost my phone, this is my new number. Can you send ₹15,000 urgently? I'll explain later.",phish
sms,VK-NOTICE,,,"LinkedIn: Unusual login detected. If this wasn't you, verify your account at https://77.171.247.36/netflix/verify",phish
sms,+916622072239,,,"Dear Customer, your Instagram account will be blocked today. Update your KYC immediately: http://amazon-verify-auth.net/account/update",phish
email,HDFC Bank Support <security@hdfcbank-account.live>,help@nvydia.co,Shared document: Q3_Salary_Revision.pdf,Sneha has shared a document with you via DocuSign. Sign in with your email password to view: http://netflix-update-account.xyz/verify,phish
sms,AD-ALERTS,,,"ICICI Bank: Unusual login detected. If this wasn't you, verify your account at https://goparcelcenter.com/account/update",phish
sms,VK-NOTICE,,,Your electricity connection will be disconnected tonight at 9:30 PM as previous bill was not updated. Contact officer +917983168739 immediately.,phish
email,Paytm <billing@paytm.com>,,Payment received - thank you,"Hi Aarav, we've received your payment of ₹10. Receipt number 3yeYA9q4TI. No further action is needed.",legit
sms,AD-NFLIX,,,$49.99 debited from A/c XX3378 on 18-10-26 to UPI/SARAH. Not you? Call 18001080. -Netflix,legit
email,Netflix <support@netflix-verify.com>,,Invoice #933969 overdue,"Hello Aarav,

Please find the overdue invoice attached. Kindly review and make payment at https://netflix.support.cplivb.live/secure/confirm to avoid late penalties.

Accounts Department",phish
sms,+917698344369,,,Reached home. Thanks for today!,legit
email,Instagram <no-reply@instagram-support.site>,help@toilow.ru,Shared document: Q3_Salary_Revision.pdf,Sneha has shared a document with you via Dropbox. Sign in with your email password to view: https://dropbox-verify.online/pay?ref=0b5fg6hZ,phish
sms,VK-FLPKRT,,,Big Billion Days start tomorrow! Shop on the Flipkart app for deals on mobiles. T&C apply. To opt out reply STOP.,legit
email,Rahul <kavya94@gmail.com>,,Happy birthday!,Hey Vikram! You have to read this one. Call me later.,legit
sms,JD-PAYTMB,,,"Dear Customer, your credit card statement is generated. Total due ₹2,999. Pay by 16th via app or netbanking to avoid late fee. -Paytm",legit
email,Admin <admin@notify389.shop>,,Tax refund notification,", after the annual calculation of your fiscal activity, you are eligible to receive a tax refund of ₹2,999. Income Tax Department requires you to submit the refund request: https://tinyurl.com/lmbl1q",phish
email,Instagram <no-reply@service596.com>,help@suqgtq.live,Invoice #475916 overdue,"Dear Valued Member,

Please find the overdue invoice attached. Kindly review and make payment at http://kovuvi.firebaseapp.com/hdfc/kyc to avoid late penalties.

Accounts Department",phish
sms,+918344902166,,,Your electricity connection will be disconnected tonight at 9:30 PM as previous bill was not updated. Contact officer +919708085096 immediately.,phish
sms,+918930741799,,,"Hi, I am from Apple HR. Part time job, earn Rs 5000 daily from home. WhatsApp +919546628973 for details.",phish
sms,+919815798123,,,Your PayPal reward points worth ₹10 expire today! Redeem now: http://icici-kyc-billing.co/kyc,phish
email,ICICI Bank <billing@icicibank.com>,,Payment received - thank you,"Hi Emily, we've received your payment of Rs 499. Receipt number 9ukZ8ND1S6. No further action is needed.",legit
sms,AD-NFLIX,,,266382 is your OTP for login. Valid for 10 minutes. Do not share it with anyone. -Netflix,legit
email,Admin <admin@vizsmiv.com>,,Congratulations! You've been selected,"Dear User, you have won a iPhone 16 in our annual customer draw! Claim your prize here http://google-alert-support.online/verify before it expires today. A small processing fee of Rs 25 applies.",phish
sms,BX-OFFER,,,Your electricity connection will be disconnected tonight at 9:30 PM as previous bill was not updated. Contact officer +918411935472 immediately.,phish
email,Netflix Security <service@outlook.com>,,Your mailbox is almost full,"Hello Vikram, we could not deliver your package because the address was incomplete. Please use the link below.
https://cutt.ly/Kz5iJq",phish
sms,+919687058079,,,"Hey, running 10 min late, order for me pls",legit
sms,+917214999703,,,"Mom, I lost my phone, this is my new number. Can you send ₹2,999 urgently? I'll explain later.",phish
sms,+917413503346,,,"Refund of Rs 499 initiated for your order. To receive it, share the OTP sent to your phone with our agent or visit http://dhl.auth.irwgnf.top/verify",phish
sms,VM-HDFCBK,,,"Dear Customer, your credit card statement is generated. Total due ₹2,999. Pay by 20th via app or netbanking to avoid late fee. -HDFC Bank",legit
email,Customer Service <admin@gmail.com>,help@foknle.co,Work from home opportunity,"Dear Valued Member! Part time job available. Earn Rs 3,000 per day by liking YouTube videos. No experience needed. Contact our HR on Telegram or register here: http://google-kyc-billing.top/account/update. Registration fee Rs 499 only.",phish
email,Customer Service <admin@instagram-billing.online>,,Work from home opportunity,"Dear Valued Member! Part time job available. Earn Rs 5,000 per day by liking YouTube videos. No experience needed. Contact our HR on Telegram or register here: https://cutt.ly/Po94Az. Registration fee ₹10 only.",phish
email,Newsletter <news@wikipedia.org>,,This week's top stories,"Hello Olivia, here's what's new this week. Read more at https://spotify.com/blog/tvqdfx. You're receiving this because you subscribed. Unsubscribe any time.",legit
sms,+919051958263,,,"Dear Customer, your HDFC Bank account will be blocked today. Update your KYC immediately: https://instagram-verify-account.info/pay?ref=WsFbQTSA",phish
sms,+919966101683,,,"Dear Customer, your SBI account will be blocked today. Update your KYC immediately: https://inst4gram.com/account/update",phish
sms,VM-IRCTCI,,,"PNR 0558173579: Train 12052 confirmed, Coach B1 Berth 16. Happy journey.",legit
sms,INFO,,,"Refund of ₹2,999 initiated for your order. To receive it, share the OTP sent to your phone with our agent or visit https://rb.gy/X8vpgh",phish
email,PayPal Security <service@dvncufz.com>,help@bbotfh.xyz,Tax refund notification,"Dear Valued Member, after the annual calculation of your fiscal activity, you are eligible to receive a tax refund of Rs 499. Income Tax Department requires you to submit the refund request: http://flipkart.service.aajcft.top/secure/confirm",phish
email,Amazon Support <service@amazon-online.com>,,Action required: update your payment details,"Dear Customer, your recent payment could not be processed. Please update your billing information immediately to avoid service interruption. Update now: https://zcunyy.weebly.com/icici/kyc",phish
sms,VK-FLPKRT,,,Big Billion Days start tomorrow! Shop on the Flipkart app for deals on mobiles. T&C apply. To opt out reply STOP.,legit
sms,VM-DHLIND,,,Your DHL shipment 5239596023 is out for delivery today. Track: https://www.dhl.com/in-en/home/tracking.html,legit
email,Apple <statements@apple.com>,,Your monthly statement is ready,"Dear Arjun,

Your statement for August is now available. Log in through our official website or app to view it. Amount due: Rs 1,250. Due date: 6th.

This is an automated message.",legit
sms,VK-FLPKRT,,,Big Billion Days start tomorrow! Shop on the Flipkart app for deals on mobiles. T&C apply. To opt out reply STOP.,legit
sms,VM-DHLIND,,,Your DHL shipment 7599117390 is out for delivery today. Track: https://www.dhl.com/in-en/home/tracking.html,legit
sms,+919783203161,,,"Hi, I am from Instagram HR. Part time job, earn Rs 5000 daily from home. WhatsApp +917177905340 for details.",phish
email,Netflix <billing@netflix.com>,,Payment received - thank you,"Hi Sarah, we've received your payment of Rs 499. Receipt number OBPuzluN1W. No further action is needed.",legit
email,Chen Sharma (CEO) <ceo.office78@gmail.com>,,Quick favour,"Hi Arjun, I'm in a meeting and can't talk. I need you to buy 5 Google Play gift cards for a client today. Keep this confidential for now. Send me the codes once done. I'll reimburse you.

Sent from my iPhone",phish
sms,+919342346199,,,Your Dropbox reward points worth $49.99 expire today! Redeem now: https://mirosoft.online/kyc,phish
email,Instagram <billing@instagram.com>,,Payment received - thank you,"Hi Vikram, we've received your payment of Rs 499. Receipt number Jmlc4cqWJF. No further action is needed.",legit
email,Rohan Patel <recruiting@nimbuslabs.com>,,Interview schedule - Software Engineer,"Dear Rahul,

Thank you for applying to Nimbus Labs. We would like to invite you for a technical interview next week. Please pick a slot using the calendar link on our careers page https://nimbuslabs.com/careers. There is no fee at any stage of our hiring process.

Regards,
Talent team",legit
email,Ananya <priya20@gmail.com>,,Dinner plans,Hey Fatima! Are we still on for Saturday?. Miss you guys.,legit
email,Instagram Security <security@ujjsnfu.com>,,Congratulations! You've been selected,"Dear Valued Member, you have won a iPhone 16 in our annual customer draw! Claim your prize here https://is.gd/25Nb2e before it expires today. A small processing fee of Rs 25 applies.",phish
email,Chen Smith (CEO) <ceo.office26@gmail.com>,help@ocrcdm.tk,Are you available?,"Hi Sneha, I'm in a meeting and can't talk. I need you to buy 8 Google Play gift cards for a client today. Keep this confidential for now. Send me the codes once done. I'll reimburse you.

Sent from my iPhone",phish
email,SBI Security <support@sbi-support.ru>,,Your SBI account has been suspended,"Dear Valued Member,

We detected unusual activity and your account has been temporarily suspended. To restore access, verify your account within 24 hours: http://flipkart.billing.wgwwpk.live/kyc

Failure to verify will result in permanent closure.

SBI Security Team",phish
email,Apple Support <no-reply@apple-support.online>,help@lngczz.top,Invoice #727186 overdue,"Dear Customer,

Please find the overdue invoice attached. Kindly review and make payment at https://support-amazon.in/AJZziTiS6p to avoid late penalties.

Accounts Department",phish
sms,VK-FLPKRT,,,Big Billion Days start tomorrow! Shop on the Flipkart app for deals on mobiles. T&C apply. To opt out reply STOP.,legit
email,Amazon <service@hpctumb.com>,help@lmkhst.live,Invoice #489731 overdue,"Dear Account Holder,

Please find the overdue invoice attached. Kindly review and make payment at https://google-kyc-verify.support/arZwWv8kWj to avoid late penalties.

Accounts Department",phish
email,HDFC Bank <statements@hdfcbank.com>,,Your monthly statement is ready,"Dear Emily,

Your statement for October is now available. Log in through our official website or app to view it. Amount due: ₹10. Due date: 15th.

This is an automated message.",legit
email,Admin <security@yusfdlv.com>,,Action required: update your payment details,"Hi Fatima, your recent payment could not be processed. Please update your billing information immediately to avoid service interruption. Update now: http://linkedin-secure.site/account/update",phish
sms,VM-DHLIND,,,"Rs 1,250 debited from A/c XX6581 on 14-10-26 to UPI/ANANYA. Not you? Call 18002586161. -DHL",legit
sms,+916088447408,,,Your electricity connection will be disconnected tonight at 9:30 PM as previous bill was not updated. Contact officer +917781919074 immediately.,phish
email,Dropbox <no-reply@dropbox.com>,,Verify your email address,"Hi Fatima, thanks for signing up! Please confirm this is your email address by entering the code 169957 in the app. If you didn't create an account, you can ignore this email.",legit
email,Dropbox <support@mail824.xyz>,,Action required: update your payment details,"Dear User, your recent payment could not be processed. Please update your billing information immediately to avoid service interruption. Update now: https://ochxun.000webhostapp.com/icici/wp-content/icici/index.html",phish
email,Dropbox <support@dropbox-verify.com>,help@ezeabx.shop,Invoice #632863 overdue,"Hello Sneha,

Please find the overdue invoice attached. Kindly review and make payment at https://flipkart-secure-billing.shop/signin.php to avoid late penalties.

Accounts Department",phish
email,Google Security <security@gmail.com>,,Congratulations! You've been selected,"Dear Account Holder, you have won a Rs 50,000 voucher in our annual customer draw! Claim your prize here https://is.gd/JnLwri before it expires today. A small processing fee of Rs 1,250 applies.",phish
sms,+917197899901,,,Your electricity connection will be disconnected tonight at 9:30 PM as previous bill was not updated. Contact officer +916400347131 immediately.,phish
sms,AD-NFLIX,,,"₹2,999 debited from A/c XX8320 on 20-10-26 to UPI/OLIVIA. Not you? Call 18001080. -Netflix",legit
email,Google <no-reply@google.com>,,Your Google order has shipped,"Hi Meera,

Good news! Your order #346332874 has shipped and will arrive by Friday. You can track it any time at https://www.google.com/orders.

Thanks for shopping with us.",legit
email,Noah <david78@gmail.com>,,Photos from the trip,Hey Fatima! Are we still on for Saturday?. Miss you guys.,legit
email,John Sharma <recruiting@orbitsystems.com>,,Interview schedule - Software Engineer,"Dear Priya,

Thank you for applying to Orbit Systems. We would like to invite you for a technical interview next week. Please pick a slot using the calendar link on our careers page https://orbitsystems.com/careers. There is no fee at any stage of our hiring process.

Regards,
Talent team",legit
sms,+919018830415,,,"Hi, I am from SBI HR. Part time job, earn Rs 5000 daily from home. WhatsApp +918474733435 for details.",phish
email,Flipkart <no-reply@flipkart.com>,,Your Flipkart order has shipped,"Hi Arjun,

Good news! Your order #673983448 has shipped and will arrive by Friday. You can track it any time at https://www.flipkart.com/orders.

Thanks for shopping with us.",legit
email,Kavya <sarah3@gmail.com>,,Happy birthday!,Hey Aarav! You have to read this one. Miss you guys.,legit
sms,AD-ALERTS,,,"Dear Customer, your Flipkart account will be blocked today. Update your KYC immediately: https://is.gd/2FQgvL",phish
sms,+919261499153,,,"Hi, I am from HDFC Bank HR. Part time job, earn Rs 5000 daily from home. WhatsApp +919038240733 for details.",phish
email,DHL <billing@dhl.com>,,Payment received - thank you,"Hi David, we've received your payment of ₹2,999. Receipt number 5ClJH1tcCA. No further action is needed.",legit
sms,AX-AMAZON,,,Rs 25 debited from A/c XX4803 on 19-10-26 to UPI/ROHAN. Not you? Call 18001080. -Amazon,legit
sms,VM-DHLIND,,,Your DHL shipment 2793468298 is out for delivery today. Track: https://www.dhl.com/in-en/home/tracking.html,legit
sms,+919130236416,,,"DHL: Unusual login detected. If this wasn't you, verify your account at http://angycq.web.app/sbi/account/update",phish
email,Admin <no-reply@outlook.com>,,Shared document: Q3_Salary_Revision.pdf,Lucas has shared a document with you via Dropbox. Sign in with your email password to view: http://i3lz2a6.net/account/update,phish
email,Customer Service <no-reply@outlook.com>,,Congratulations! You've been selected,"Hi Aarav, you have won a Rs 50,000 voucher in our annual customer draw! Claim your prize here https://amzon.support before it expires today. A small processing fee of Rs 499 applies.",phish
email,IT Helpdesk <it@zenithtech.com>,,Reminder: password expires in 3 days,"Hi Arjun, your corporate password expires in 3 days. Please change it from your laptop using Ctrl+Alt+Del > Change password, or visit the internal portal https://sso.zenithtech.com. Contact the helpdesk on ext. 8749 if you need help.",legit
email,Dropbox Support <support@gmail.com>,,Action required: update your payment details,"Hi Michael, your recent payment could not be processed. Please update your billing information immediately to avoid service interruption. Update now: https://svwugx.weebly.com/flipkart",phish
email,Olivia Smith (CEO) <ceo.office41@gmail.com>,,Urgent request,"Hi Meera, I'm in a meeting and can't talk. I need you to buy 10 Google Play gift cards for a client today. Keep this confidential for now. Send me the codes once done. I'll reimburse you.

Sent from my iPhone",phish
sms,+918417609093,,,"Mom, I lost my phone, this is my new number. Can you send ₹10 urgently? I'll explain later.",phish
email,Admin <no-reply@abamtyt.com>,,Tax refund notification,"Dear Customer, after the annual calculation of your fiscal activity, you are eligible to receive a tax refund of $120.00. Income Tax Department requires you to submit the refund request: https://myparcelonline.com/pay?ref=c5ugqwp3",phish
email,Netflix <no-reply@netflix.com>,,Your Netflix order has shipped,"Hi Sneha,

Good news! Your order #407254539 has shipped and will arrive by Tuesday. You can track it any time at https://www.netflix.com/orders.

Thanks for shopping with us.",legit
email,Instagram Security <no-reply@alerts413.info>,help@pwvdhe.site,Invoice #074505 overdue,"Dear Account Holder,

Please find the overdue invoice attached. Kindly review and make payment at https://rb.gy/qyPFKM to avoid late penalties.

Accounts Department",phish
email,IT Helpdesk <it@nimbuslabs.com>,,Reminder: password expires in 3 days,"Hi Arjun, your corporate password expires in 3 days. Please change it from your laptop using Ctrl+Alt+Del > Change password, or visit the internal portal https://sso.nimbuslabs.com. Contact the helpdesk on ext. 3081 if you need help.",legit
sms,+918803695756,,,"Congratulations! You have won ₹2,999 cashback from Instagram. Claim your reward now https://bit.ly/2Lj59D",phish
email,Kavya <john@nimbuslabs.com>,,Q3 report draft,"Hi Ananya,

Attaching the notes from today. Can you review the second section before our sync on Thursday? The shared folder is on https://docs.google.com/document/d/80IrEwNarqDsSfCB.

Thanks,
Sarah",legit
email,Admin <security@linkedin-kyc.site>,,Shared document: Q3_Salary_Revision.pdf,Rahul has shared a document with you via DocuSign. Sign in with your email password to view: https://myrewardsonline.com/verify,phish
sms,+917470481130,,,"LinkedIn: Unusual login detected. If this wasn't you, verify your account at http://update-linkedin.net/wp-content/linkedin/index.html",phish
email,Admin <admin@sbi-verify.com>,help@zekhpz.online,Delivery attempt failed,"Dear Customer, a document needs your review. Please use the link below.
https://login-hdfc.com",phish
email,David Sharma (CEO) <ceo.office44@gmail.com>,,Urgent request,"Hi Sneha, I'm in a meeting and can't talk. I need you to buy 5 Google Play gift cards for a client today. Keep this confidential for now. Send me the codes once done. I'll reimburse you.

Sent from my iPhone",phish
email,Customer Service <support@sibwmix.com>,,Invoice #157905 overdue,"Dear Valued Member,

Please find the overdue invoice attached. Kindly review and make payment at https://paypal-verify.online/account/update to avoid late penalties.

Accounts Department",phish
sms,+918455363776,,,Your DHL reward points worth Rs 25 expire today! Redeem now: http://erefundonline.com/9srBAf4MQM,phish
sms,AD-ICICIB,,,514120 is your OTP for login. Valid for 10 minutes. Do not share it with anyone. -ICICI Bank,legit
email,Noah <noah@kiteanalytics.com>,,Re: project timeline,"Hi Sneha,

Attaching the notes from today. Can you review the second section before our sync on Thursday? The shared folder is on https://kiteanalytics.com/wiki/4hNzC.

Thanks,
Meera",legit
sms,+917528889908,,,"Instagram: Unusual login detected. If this wasn't you, verify your account at http://1nstagram.xyz/login",phish
email,IT Helpdesk <it@zenithtech.com>,,Reminder: password expires in 3 days,"Hi Kavya, your corporate password expires in 3 days. Please change it from your laptop using Ctrl+Alt+Del > Change password, or visit the internal portal https://sso.zenithtech.com. Contact the helpdesk on ext. 3690 if you need help.",legit
sms,+918031916661,,,"Mom, I lost my phone, this is my new number. Can you send Rs 25 urgently? I'll explain later.",phish
email,IT Helpdesk <it@zenithtech.com>,,Reminder: password expires in 3 days,"Hi Priya, your corporate password expires in 3 days. Please change it from your laptop using Ctrl+Alt+Del > Change password, or visit the internal portal https://sso.zenithtech.com. Contact the helpdesk on ext. 1697 if you need help.",legit
email,Kavya Smith (CEO) <ceo.office31@gmail.com>,,Are you available?,"Hi Noah, I'm in a meeting and can't talk. I need you to buy 5 Google Play gift cards for a client today. Keep this confidential for now. Send me the codes once done. I'll reimburse you.

Sent from my iPhone",phish
email,Sarah <aarav62@gmail.com>,,Book recommendation,Hey Chen! You have to read this one. ,legit
email,Noah Sharma (CEO) <ceo.office29@gmail.com>,,Quick favour,"Hi Sarah, I'm in a meeting and can't talk. I need you to buy 5 Google Play gift cards for a client today. Keep this confidential for now. Send me the codes once done. I'll reimburse you.

Sent from my iPhone",phish
email,Newsletter <news@irctc.co.in>,,5 tips for better sleep,"Hello Aarav, here's what's new this week. Read more at https://galgotiasuniversity.edu.in/blog/imhzse. You're receiving this because you subscribed. Unsubscribe any time.",legit
email,Admin <no-reply@mail735.info>,,Shared document: Q3_Salary_Revision.pdf,Priya has shared a document with you via DocuSign. Sign in with your email password to view: https://netflix-auth-login.click/kyc,phish
sms,VK-FLPKRT,,,Big Billion Days start tomorrow! Shop on the Flipkart app for deals on mobiles. T&C apply. To opt out reply STOP.,legit
sms,VK-FLPKRT,,,Big Billion Days start tomorrow! Shop on the Flipkart app for deals on mobiles. T&C apply. To opt out reply STOP.,legit
email,Customer Service <service@alerts576.com>,,Tax refund notification,"Dear Account Holder, after the annual calculation of your fiscal activity, you are eligible to receive a tax refund of ₹10. Income Tax Department requires you to submit the refund request: https://rb.gy/g1KPuQ",phish
sms,JD-PAYTMB,,,$49.99 debited from A/c XX7250 on 23-10-26 to UPI/MEERA. Not you? Call 18002586161. -Paytm,legit
sms,BX-OFFER,,,Your Apple reward points worth $49.99 expire today! Redeem now: http://ltipua.weebly.com/linkedin/pay?ref=3wkW2JO5,phish
email,Instagram <statements@instagram.com>,,Your monthly statement is ready,"Dear Noah,

Your statement for October is now available. Log in through our official website or app to view it. Amount due: ₹15,000. Due date: 15th.

This is an automated message.",legit
email,Flipkart <no-reply@flipkart.com>,,Verify your email address,"Hi Aarav, thanks for signing up! Please confirm this is your email address by entering the code 318730 in the app. If you didn't create an account, you can ignore this email.",legit
sms,AD-ALERTS,,,"Refund of $120.00 initiated for your order. To receive it, share the OTP sent to your phone with our agent or visit http://netflix.alert.gkdcoq.net/account/update",phish
email,PayPal Security <admin@paypal-verify.com>,help@hdvyop.shop,KYC update pending,"Dear User, your PayPal KYC is pending. Your account will be blocked today. Update KYC by sharing your PAN and OTP at http://dhl-verify.tk/login or reply with your card number.",phish
email,Flipkart <billing@flipkart.com>,,Payment received - thank you,"Hi Sarah, we've received your payment of Rs 499. Receipt number ptc88H5YsQ. No further action is needed.",legit
email,Apple <no-reply@apple.com>,,Verify your email address,"Hi Aarav, thanks for signing up! Please confirm this is your email address by entering the code 831712 in the app. If you didn't create an account, you can ignore this email.",legit
email,Newsletter <news@irctc.co.in>,,New courses this month,"Hello David, here's what's new this week. Read more at https://nytimes.com/blog/hritvo. You're receiving this because you subscribed. Unsubscribe any time.",legit
sms,+916575229508,,,Call me when you're free,legit
sms,AD-ICICIB,,,169599 is your OTP for login. Valid for 10 minutes. Do not share it with anyone. -ICICI Bank,legit
email,Sarah Sharma (CEO) <ceo.office78@gmail.com>,help@vrdkay.site,Urgent request,"Hi Chen, I'm in a meeting and can't talk. I need you to buy 10 Google Play gift cards for a client today. Keep this confidential for now. Send me the codes once done. I'll reimburse you.

Sent from my iPhone",phish
sms,+916438706115,,,Your Apple reward points worth $49.99 expire today! Redeem now: http://dropbox-kyc-help.live/pay?ref=vWOfxuI9,phish
sms,AX-AMAZON,,,Your Amazon order #1436438 has been delivered. Rate your experience in the Amazon app.,legit
sms,VK-NOTICE,,,Your electricity connection will be disconnected tonight at 9:30 PM as previous bill was not updated. Contact officer +916569590705 immediately.,phish
sms,VM-IRCTCI,,,"PNR 2038588640: Train 20814 confirmed, Coach B4 Berth 69. Happy journey.",legit
sms,+917268319013,,,"Hey, running 10 min late, order for me pls",legit
sms,+916649383184,,,Happy birthday!! Party tonight?,legit
email,Google <billing@google.com>,,Payment received - thank you,"Hi Fatima, we've received your payment of ₹2,999. Receipt number LZzL7eton0. No further action is needed.",legit
sms,+917509270400,,,Your Flipkart reward points worth $49.99 expire today! Redeem now: https://is.gd/OWpgQK,phish
sms,BX-OFFER,,,"Your Flipkart reward points worth ₹15,000 expire today! Redeem now: http://bddju06mv.shop/verify",phish
email,Paytm Security <support@paytm-help.support>,,Invoice #054849 overdue,",

Please find the overdue invoice attached. Kindly review and make payment at http://micr0soft.xyz/verify to avoid late penalties.

Accounts Department",phish
email,Lucas Patel <recruiting@brightline.com>,,Interview schedule - Software Engineer,"Dear John,

Thank you for applying to Brightline. We would like to invite you for a technical interview next week. Please pick a slot using the calendar link on our careers page https://brightline.com/careers. There is no fee at any stage of our hiring process.

Regards,
Talent team",legit
sms,+916690872617,,,Your DHL reward points worth Rs 25 expire today! Redeem now: https://linkedin-kyc-verify.live/signin.php,phish
email,Microsoft <security@outlook.com>,help@jnyxly.site,Congratulations! You've been selected,"Hello Sneha, you have won a Rs 50,000 voucher in our annual customer draw! Claim your prize here https://google-support-kyc.live before it expires today. A small processing fee of Rs 25 applies.",phish
email,Newsletter <news@ola.com>,,This week's top stories,"Hello Kavya, here's what's new this week. Read more at https://python.org/blog/fqwtpx. You're receiving this because you subscribed. Unsubscribe any time.",legit
email,Apple Support <no-reply@apple-verify.com>,,Your mailbox is almost full,"Dear User, your storage quota is 98% used. Messages may stop arriving. Please use the link below.
https://fc6ht8qii.support/login",phish
email,PayPal <no-reply@paypal.com>,,Verify your email address,"Hi Meera, thanks for signing up! Please confirm this is your email address by entering the code 010419 in the app. If you didn't create an account, you can ignore this email.",legit
email,Admin <service@icicibank-verify.com>,help@nuvubk.click,Delivery attempt failed,"Dear Account Holder, a document needs your review. Please use the link below.
http://kyc-google.com",phish
email,IT Helpdesk <it@orbitsystems.com>,,Reminder: password expires in 3 days,"Hi Sneha, your corporate password expires in 3 days. Please change it from your laptop using Ctrl+Alt+Del > Change password, or visit the internal portal https://sso.orbitsystems.com. Contact the helpdesk on ext. 3898 if you need help.",legit
email,Newsletter <news@airbnb.com>,,Your weekly digest,"Hello Olivia, here's what's new this week. Read more at https://zomato.com/blog/gwipmi. You're receiving this because you subscribed. Unsubscribe any time.",legit
sms,+919089530120,,,"Dropbox: Unusual login detected. If this wasn't you, verify your account at https://kssvif.web.app/amazon",phish
email,Microsoft <admin@gmail.com>,,Tax refund notification,"Hello Emily, after the annual calculation of your fiscal activity, you are eligible to receive a tax refund of ₹10. Income Tax Department requires you to submit the refund request: http://billing-sbi.co/V3rGmYsJV2",phish
sms,+916890345446,,,Happy birthday!! Party tonight?,legit
email,Emily Khan <recruiting@brightline.com>,,Interview schedule - Software Engineer,"Dear Ananya,

Thank you for applying to Brightline. We would like to invite you for a technical interview next week. Please pick a slot using the calendar link on our careers page https://brightline.com/careers. There is no fee at any stage of our hiring process.

Regards,
Talent team",legit
email,Aarav <ananya@acmecorp.com>,,Re: project timeline,"Hi Meera,

Attaching the notes from today. Can you review the second section before our sync on Thursday? The shared folder is on https://docs.google.com/document/d/vDyStDxA2P2X17zx.

Thanks,
Olivia",legit
sms,+916660392051,,,"Mom, I lost my phone, this is my new number. Can you send $49.99 urgently? I'll explain later.",phish
email,Dropbox Security <admin@gmail.com>,,Work from home opportunity,"! Part time job available. Earn Rs 8,000 per day by liking YouTube videos. No experience needed. Contact our HR on Telegram or register here: https://linkedin.help.lqmpsj.live/wp-content/linkedin/index.html. Registration fee Rs 25 only.",phish
sms,BX-OFFER,,,"HDFC Bank: Unusual login detected. If this wasn't you, verify your account at https://mydocshub.com/signin.php",phish
sms,VM-HDFCBK,,,043655 is your OTP for login. Valid for 10 minutes. Do not share it with anyone. -HDFC Bank,legit
email,LinkedIn <no-reply@linkedin.com>,,Your LinkedIn order has shipped,"Hi John,

Good news! Your order #630416527 has shipped and will arrive by Monday. You can track it any time at https://www.linkedin.com/orders.

Thanks for shopping with us.",legit
email,ICICI Bank <support@gmail.com>,,Congratulations! You've been selected,"Dear Account Holder, you have won a iPhone 16 in our annual customer draw! Claim your prize here https://ddrtbb.weebly.com/dropbox/signin.php before it expires today. A small processing fee of ₹2,999 applies.",phish
sms,AD-ALERTS,,,Your electricity connection will be disconnected tonight at 9:30 PM as previous bill was not updated. Contact officer +919881649571 immediately.,phish
email,Emily Sharma <recruiting@orbitsystems.com>,,Interview schedule - Software Engineer,"Dear Vikram,

Thank you for applying to Orbit Systems. We would like to invite you for a technical interview next week. Please pick a slot using the calendar link on our careers page https://orbitsystems.com/careers. There is no fee at any stage of our hiring process.

Regards,
Talent team",legit
sms,VM-DHLIND,,,Your DHL shipment 5350021563 is out for delivery today. Track: https://www.dhl.com/in-en/home/tracking.html,legit
sms,+918661182892,,,"Your Flipkart reward points worth Rs 1,250 expire today! Redeem now: https://billing-netflix.co/kyc",phish
sms,+916492627350,,,Your electricity connection will be disconnected tonight at 9:30 PM as previous bill was not updated. Contact officer +919001266460 immediately.,phish
email,IT Helpdesk <it@nimbuslabs.com>,,Reminder: password expires in 3 days,"Hi Kavya, your corporate password expires in 3 days. Please change it from your laptop using Ctrl+Alt+Del > Change password, or visit the internal portal https://sso.nimbuslabs.com. Contact the helpdesk on ext. 2433 if you need help.",legit
sms,INFO,,,"Flipkart: Unusual login detected. If this wasn't you, verify your account at http://amazon-support-update.info/account/update",phish
sms,VK-FLPKRT,,,623215 is your OTP for login. Valid for 10 minutes. Do not share it with anyone. -Flipkart,legit
sms,INFO,,,"Your Amazon reward points worth Rs 1,250 expire today! Redeem now: http://flipkart-billing-secure.top/secure/confirm",phish
email,Customer Service <service@service784.live>,,Your Apple account has been suspended,"Dear User,

We detected unusual activity and your account has been temporarily suspended. To restore access, verify your account within 24 hours: https://google.kyc.bgvutc.live/signin.php

Failure to verify will result in permanent closure.

Apple Security Team",phish
sms,+916303076617,,,"Hi, I am from Flipkart HR. Part time job, earn Rs 5000 daily from home. WhatsApp +916616684648 for details.",phish
email,DHL <no-reply@dhl.com>,,Your DHL order has shipped,"Hi Lucas,

Good news! Your order #781384751 has shipped and will arrive by Monday. You can track it any time at https://www.dhl.com/orders.

Thanks for shopping with us.",legit
sms,VM-HDFCBK,,,"Dear Customer, your credit card statement is generated. Total due ₹10. Pay by 18th via app or netbanking to avoid late fee. -HDFC Bank",legit
sms,VK-FLPKRT,,,Big Billion Days start tomorrow! Shop on the Flipkart app for deals on mobiles. T&C apply. To opt out reply STOP.,legit
email,PayPal Support <service@paypal-auth.support>,help@ntkbig.info,Work from home opportunity,"! Part time job available. Earn Rs 3,000 per day by liking YouTube videos. No experience needed. Contact our HR on Telegram or register here: http://update-google.com/verify. Registration fee ₹2,999 only.",phish
email,Olivia <vikram@zenithtech.com>,,Q3 report draft,"Hi Michael,

Attaching the notes from today. Can you review the second section before our sync on Thursday? The shared folder is on https://zenithtech.com/wiki/EujQ2.

Thanks,
Arjun",legit
sms,AD-NFLIX,,,$49.99 debited from A/c XX1709 on 3-10-26 to UPI/KAVYA. Not you? Call 18002586161. -Netflix,legit
sms,BZ-SBIINB,,,"Dear Customer, your credit card statement is generated. Total due Rs 25. Pay by 25th via app or netbanking to avoid late fee. -SBI",legit
email,Ananya Smith <recruiting@acmecorp.com>,,Interview schedule - Software Engineer,"Dear Lucas,

Thank you for applying to Acme Corp. We would like to invite you for a technical interview next week. Please pick a slot using the calendar link on our careers page https://acmecorp.com/careers. There is no fee at any stage of our hiring process.

Regards,
Talent team",legit
sms,+916409336272,,,"Dear Customer, your Apple account will be blocked today. Update your KYC immediately: https://is.gd/bLZG0W",phish
sms,INFO,,,"PayPal: Unusual login detected. If this wasn't you, verify your account at https://62.50.159.135/paypal/verify",phish
email,Microsoft <no-reply@microsoft.com>,,Verify your email address,"Hi Fatima, thanks for signing up! Please confirm this is your email address by entering the code 586188 in the app. If you didn't create an account, you can ignore this email.",legit
email,Amazon <admin@amazon-verify.com>,,Action required: update your payment details,"Dear Customer, your recent payment could not be processed. Please update your billing information immediately to avoid service interruption. Update now: https://icici-secure-kyc.tk/secure/confirm",phish
sms,VM-DHLIND,,,Your DHL shipment 2094207937 is out for delivery today. Track: https://www.dhl.com/in-en/home/tracking.html,legit
email,Instagram <support@instagrams.com>,,Tax refund notification,", after the annual calculation of your fiscal activity, you are eligible to receive a tax refund of $49.99. Income Tax Department requires you to submit the refund request: https://amazon.update.ecypjn.ru/zdoHZ88MZw",phish
email,Newsletter <news@github.com>,,New courses this month,"Hello Fatima, here's what's new this week. Read more at https://ola.com/blog/hhknsh. You're receiving this because you subscribed. Unsubscribe any time.",legit
email,Customer Service <security@evrtatd.com>,help@ojuyvc.ru,Your PayPal account has been suspended,"Dear Customer,

We detected unusual activity and your account has been temporarily suspended. To restore access, verify your account within 24 hours: http://fjrppj.web.app/netflix/wp-content/netflix/index.html

Failure to verify will result in permanent closure.

PayPal Security Team",phish
email,Google Security <service@notify399.xyz>,,Shared document: Q3_Salary_Revision.pdf,Sarah has shared a document with you via Dropbox. Sign in with your email password to view: http://dropbox.verify.rziswx.site/kyc,phish
sms,VM-IRCTCI,,,"PNR 2841772256: Train 10095 confirmed, Coach B3 Berth 26. Happy journey.",legit
email,PayPal <statements@paypal.com>,,Your monthly statement is ready,"Dear Michael,

Your statement for October is now available. Log in through our official website or app to view it. Amount due: Rs 25. Due date: 5th.

This is an automated message.",legit
email,Admin <no-reply@gmail.com>,help@ggvgnm.live,Action required: update your payment details,"Dear Valued Member, your recent payment could not be processed. Please update your billing information immediately to avoid service interruption. Update now: http://dh1.xyz/verify",phish
email,Amazon Security <admin@amazon-auth.tk>,,Shared document: Q3_Salary_Revision.pdf,Lucas has shared a document with you via OneDrive. Sign in with your email password to view: https://ihcmm2g.shop/auth,phish
sms,+919882672800,,,Your ICICI Bank reward points worth ₹10 expire today! Redeem now: http://tblubv.ngrok.io/instagram/secure/confirm,phish
email,Paytm <statements@paytm.com>,,Your monthly statement is ready,"Dear Chen,

Your statement for August is now available. Log in through our official website or app to view it. Amount due: ₹2,999. Due date: 27th.

This is an automated message.",legit
email,PayPal <no-reply@paypal.com>,,Your PayPal order has shipped,"Hi Rohan,

Good news! Your order #147642789 has shipped and will arrive by Tuesday. You can track it any time at https://www.paypal.com/orders.

Thanks for shopping with us.",legit
email,Netflix Support <service@mail634.info>,help@fpshsf.shop,Action required: update your payment details,"Dear User, your recent payment could not be processed. Please update your billing information immediately to avoid service interruption. Update now: https://dropbox.help.latgwn.ru/account/update",phish
sms,AD-ALERTS,,,Congratulations! You have won ₹10 cashback from HDFC Bank. Claim your reward now https://hdfc-verify.xyz/account/update,phish
sms,+918574051995,,,India Post: Your parcel is on hold due to incomplete address. Pay Rs 499 redelivery fee at https://paytm-help-service.net/wp-content/paytm/index.html within 24 hrs.,phish
sms,AX-AMAZON,,,Your Amazon order #2567871 has been delivered. Rate your experience in the Amazon app.,legit
sms,INFO,,,Your Google reward points worth ₹10 expire today! Redeem now: https://sbi.verify.ityiqk.support/fuTHBjqhuc,phish
email,HDFC Bank Security <support@hdfcbank-kyc.live>,help@itztpx.site,Document review,"Hi Emily, your storage quota is 98% used. Messages may stop arriving. Please use the link below.
https://157.57.3.54/apple/pay?ref=Fy4rkN14",phish
sms,+917061363852,,,India Post: Your parcel is on hold due to incomplete address. Pay ₹10 redelivery fee at https://231.233.43.174/hdfc/login within 24 hrs.,phish
email,HDFC Bank <no-reply@hdfcbank.com>,,Verify your email address,"Hi Meera, thanks for signing up! Please confirm this is your email address by entering the code 123357 in the app. If you didn't create an account, you can ignore this email.",legit
sms,+919598762202,,,"Your SBI reward points worth ₹15,000 expire today! Redeem now: https://amazon.service.kkujwi.site/account/update",phish
sms,VM-DHLIND,,,Your DHL shipment 1648668982 is out for delivery today. Track: https://www.dhl.com/in-en/home/tracking.html,legit
email,Dropbox Support <no-reply@ugavnck.com>,help@jvinfn.online,Work from home opportunity,"Dear User! Part time job available. Earn Rs 3,000 per day by liking YouTube videos. No experience needed. Contact our HR on Telegram or register here: https://0b6td5n89sh.tk/kyc. Registration fee Rs 1,250 only.",phish
sms,INFO,,,"Dear Customer, your LinkedIn account will be blocked today. Update your KYC immediately: http://88.10.75.176/dropbox/login",phish
email,Olivia <lucas98@gmail.com>,,Photos from the trip,Hey Emily! Hope you have a great day. ,legit
sms,BX-OFFER,,,"Mom, I lost my phone, this is my new number. Can you send Rs 1,250 urgently? I'll explain later.",phish
sms,JD-PAYTMB,,,"Dear Customer, your credit card statement is generated. Total due ₹10. Pay by 24th via app or netbanking to avoid late fee. -Paytm",legit
sms,BX-OFFER,,,"Refund of Rs 1,250 initiated for your order. To receive it, share the OTP sent to your phone with our agent or visit https://124.238.73.115/microsoft",phish
sms,AD-ALERTS,,,"Microsoft: Unusual login detected. If this wasn't you, verify your account at https://hdfc-verify-account.info",phish
email,HDFC Bank <no-reply@hdfcbank.com>,,Verify your email address,"Hi Michael, thanks for signing up! Please confirm this is your email address by entering the code 133073 in the app. If you didn't create an account, you can ignore this email.",legit
sms,BX-OFFER,,,Your ICICI Bank reward points worth ₹10 expire today! Redeem now: https://microsoft-online.online/account/update,phish
email,John Patel <recruiting@kiteanalytics.com>,,Interview schedule - Software Engineer,"Dear Chen,

Thank you for applying to Kite Analytics. We would like to invite you for a technical interview next week. Please pick a slot using the calendar link on our careers page https://kiteanalytics.com/careers. There is no fee at any stage of our hiring process.

Regards,
Talent team",legit
email,HDFC Bank <no-reply@hdfcbank.com>,,Verify your email address,"Hi Noah, thanks for signing up! Please confirm this is your email address by entering the code 359916 in the app. If you didn't create an account, you can ignore this email.",legit
sms,+916923271937,,,Your electricity connection will be disconnected tonight at 9:30 PM as previous bill was not updated. Contact officer +918529912419 immediately.,phish
sms,VM-DHLIND,,,Your DHL shipment 6603327399 is out for delivery today. Track: https://www.dhl.com/in-en/home/tracking.html,legit
sms,AD-ALERTS,,,"Congratulations! You have won Rs 1,250 cashback from HDFC Bank. Claim your reward now http://papal.info/secure/confirm",phish
sms,VK-FLPKRT,,,Big Billion Days start tomorrow! Shop on the Flipkart app for deals on mobiles. T&C apply. To opt out reply STOP.,legit
email,Dropbox Security <admin@dropbox-kyc.online>,help@ekwfzk.xyz,Document review,"Dear Customer, your storage quota is 98% used. Messages may stop arriving. Please use the link below.
https://account-instagram.in",phish
email,DHL <support@gmail.com>,,Tax refund notification,", after the annual calculation of your fiscal activity, you are eligible to receive a tax refund of $120.00. Income Tax Department requires you to submit the refund request: https://111.46.115.253/instagram/TEC2KIG6Gj",phish
sms,+916052781055,,,"Dear Customer, your Google account will be blocked today. Update your KYC immediately: https://rb.gy/RuAmmD",phish
email,Paytm Support <admin@pmjoljv.com>,,Shared document: Q3_Salary_Revision.pdf,John has shared a document with you via Dropbox. Sign in with your email password to view: http://lswjzp.web.app/dropbox,phish
sms,AX-AMAZON,,,Your Amazon order #2155668 has been delivered. Rate your experience in the Amazon app.,legit
email,Customer Service <service@dhl-online.com>,,Work from home opportunity,"Hello Kavya! Part time job available. Earn Rs 8,000 per day by liking YouTube videos. No experience needed. Contact our HR on Telegram or register here: https://is.gd/Hk9roJ. Registration fee Rs 499 only.",phish
sms,+917706272816,,,"Hi, I am from Flipkart HR. Part time job, earn Rs 5000 daily from home. WhatsApp +919337461215 for details.",phish
email,Customer Service <service@notify891.info>,,Tax refund notification,"Dear Customer, after the annual calculation of your fiscal activity, you are eligible to receive a tax refund of Rs 499. Income Tax Department requires you to submit the refund request: http://dhl-login-service.click/secure/confirm",phish
email,Admin <admin@paypal-verify.com>,,Delivery attempt failed,"Dear Account Holder, we could not deliver your package because the address was incomplete. Please use the link below.
http://apple.secure.ebxpye.com/wp-content/apple/index.html",phish
sms,+918752914835,,,Your LinkedIn reward points worth Rs 25 expire today! Redeem now: http://microsofts.co/verify,phish
email,Rohan <noah34@gmail.com>,,Dinner plans,Hey Sarah! Are we still on for Saturday?. Miss you guys.,legit
email,Vikram Smith (CEO) <ceo.office98@gmail.com>,help@yqatkp.xyz,Urgent request,"Hi Sneha, I'm in a meeting and can't talk. I need you to buy 10 Google Play gift cards for a client today. Keep this confidential for now. Send me the codes once done. I'll reimburse you.

Sent from my iPhone",phish
sms,+917796868008,,,India Post: Your parcel is on hold due to incomplete address. Pay $120.00 redelivery fee at https://mt3slq0n.click/account/update within 24 hrs.,phish
email,Olivia Sharma (CEO) <ceo.office91@gmail.com>,help@ecwzyy.tk,Quick favour,"Hi Meera, I'm in a meeting and can't talk. I need you to buy 8 Google Play gift cards for a client today. Keep this confidential for now. Send me the codes once done. I'll reimburse you.

Sent from my iPhone",phish
email,Apple Security <security@apple.com>,,New sign-in to your account,"Hi John, we noticed a new sign-in to your Apple account from Chrome on Windows. If this was you, you don't need to do anything. If not, open the Apple app or go to https://apple.com/security to review your activity. We will never ask for your password by email.",legit
sms,BX-OFFER,,,"India Post: Your parcel is on hold due to incomplete address. Pay ₹2,999 redelivery fee at https://uvfkfz.web.app/linkedin/account/update within 24 hrs.",phish
sms,VK-FLPKRT,,,Big Billion Days start tomorrow! Shop on the Flipkart app for deals on mobiles. T&C apply. To opt out reply STOP.,legit
email,David Smith (CEO) <ceo.office59@gmail.com>,help@ojvqtm.tk,Urgent request,"Hi Michael, I'm in a meeting and can't talk. I need you to buy 10 Google Play gift cards for a client today. Keep this confidential for now. Send me the codes once done. I'll reimburse you.

Sent from my iPhone",phish
sms,VM-DHLIND,,,Your DHL shipment 2547681826 is out for delivery today. Track: https://www.dhl.com/in-en/home/tracking.html,legit
email,Flipkart <security@naryzeh.com>,,Congratulations! You've been selected,"Hi Michael, you have won a iPhone 16 in our annual customer draw! Claim your prize here https://hdfc.billing.okclhp.info/login before it expires today. A small processing fee of Rs 499 applies.",phish
sms,+919881474250,,,"Refund of ₹10 initiated for your order. To receive it, share the OTP sent to your phone with our agent or visit http://uxiliy.000webhostapp.com/apple/account/update",phish
email,Customer Service <service@paytm-account.xyz>,,KYC update pending,"Dear User, your Paytm KYC is pending. Your account will be blocked today. Update KYC by sharing your PAN and OTP at http://0tt2slh.ru/account/update or reply with your card number.",phish
email,Customer Service <no-reply@ywqdpth.com>,,Your Netflix account has been suspended,"Dear Valued Member,

We detected unusual activity and your account has been temporarily suspended. To restore access, verify your account within 24 hours: http://sbi-secure-login.top

Failure to verify will result in permanent closure.

Netflix Security Team",phish
sms,BX-OFFER,,,Your electricity connection will be disconnected tonight at 9:30 PM as previous bill was not updated. Contact officer +919613473235 immediately.,phish
email,ICICI Bank <no-reply@icicibank.com>,,Verify your email address,"Hi Michael, thanks for signing up! Please confirm this is your email address by entering the code 228780 in the app. If you didn't create an account, you can ignore this email.",legit
email,Microsoft Security <service@alerts859.xyz>,,Invoice #879633 overdue,"Hi Lucas,

Please find the overdue invoice attached. Kindly review and make payment at https://sbi.verify.bzicla.online/signin.php to avoid late penalties.

Accounts Department",phish
email,DHL <admin@alerts543.xyz>,,Action required: update your payment details,"Dear Valued Member, your recent payment could not be processed. Please update your billing information immediately to avoid service interruption. Update now: https://www.paypal.com@unzpfykh.com/wp-content/paypal/index.html",phish
sms,VK-FLPKRT,,,"Dear Customer, your credit card statement is generated. Total due Rs 1,250. Pay by 2th via app or netbanking to avoid late fee. -Flipkart",legit
email,Netflix Security <no-reply@ivxzoly.com>,,Your Netflix account has been suspended,"Dear Account Holder,

We detected unusual activity and your account has been temporarily suspended. To restore access, verify your account within 24 hours: https://kiiof236.net/secure/confirm

Failure to verify will result in permanent closure.

Netflix Security Team",phish
sms,AD-ICICIB,,,175096 is your OTP for login. Valid for 10 minutes. Do not share it with anyone. -ICICI Bank,legit
email,HDFC Bank Security <support@notify422.site>,,Shared document: Q3_Salary_Revision.pdf,Fatima has shared a document with you via OneDrive. Sign in with your email password to view: https://sbi-verify-account.com/signin.php,phish
sms,+919009997494,,,"Refund of Rs 1,250 initiated for your order. To receive it, share the OTP sent to your phone with our agent or visit https://instagram.auth.lcyfeu.click/pay?ref=Lx0Kk9Rd",phish
email,Newsletter <news@kaggle.com>,,Your weekly digest,"Hello Arjun, here's what's new this week. Read more at https://swiggy.com/blog/hknqbw. You're receiving this because you subscribed. Unsubscribe any time.",legit
email,Customer Service <admin@outlook.com>,help@rfrfmw.click,Your Amazon account has been suspended,"Hello Vikram,

We detected unusual activity and your account has been temporarily suspended. To restore access, verify your account within 24 hours: https://tinyurl.com/bKSjP7

Failure to verify will result in permanent closure.

Amazon Security Team",phish
email,SBI <billing@sbi.co.in>,,Payment received - thank you,"Hi Olivia, we've received your payment of ₹10. Receipt number EOwZbrzg4z. No further action is needed.",legit
email,LinkedIn Security <security@linkedin.com>,,New sign-in to your account,"Hi Sarah, we noticed a new sign-in to your LinkedIn account from Chrome on Windows. If this was you, you don't need to do anything. If not, open the LinkedIn app or go to https://linkedin.com/security to review your activity. We will never ask for your password by email.",legit
email,Emily <lucas@kiteanalytics.com>,,Q3 report draft,"Hi Ananya,

Attaching the notes from today. Can you review the second section before our sync on Thursday? The shared folder is on https://kiteanalytics.com/wiki/h9d18.

Thanks,
Olivia",legit
email,ICICI Bank Security <security@icicibank.com>,,New sign-in to your account,"Hi Rohan, we noticed a new sign-in to your ICICI Bank account from Chrome on Windows. If this was you, you don't need to do anything. If not, open the ICICI Bank app or go to https://icicibank.com/security to review your activity. We will never ask for your password by email.",legit
email,Newsletter <news@uber.com>,,New courses this month,"Hello Chen, here's what's new this week. Read more at https://irctc.co.in/blog/bfukci. You're receiving this because you subscribed. Unsubscribe any time.",legit
sms,+918299211924,,,"Paytm: Unusual login detected. If this wasn't you, verify your account at http://login-icici.com/bQz79mWiYA",phish
sms,INFO,,,"Refund of Rs 25 initiated for your order. To receive it, share the OTP sent to your phone with our agent or visit https://rb.gy/mMmXq1",phish
email,Netflix <no-reply@outlook.com>,,Action required: update your payment details,"Hi Michael, your recent payment could not be processed. Please update your billing information immediately to avoid service interruption. Update now: http://icici-verify.live/secure/confirm",phish
email,Noah <david9@gmail.com>,,Photos from the trip,Hey Olivia! Here are the photos from last weekend. Call me later.,legit
email,Fatima <sarah@orbitsystems.com>,,Re: project timeline,"Hi Olivia,

Attaching the notes from today. Can you review the second section before our sync on Thursday? The shared folder is on https://orbitsystems.com/wiki/vhfGc.

Thanks,
Arjun",legit
sms,VK-FLPKRT,,,Big Billion Days start tomorrow! Shop on the Flipkart app for deals on mobiles. T&C apply. To opt out reply STOP.,legit
email,Netflix <billing@netflix.com>,,Payment received - thank you,"Hi Kavya, we've received your payment of ₹10. Receipt number BYSYbdq3Q8. No further action is needed.",legit
email,Dropbox <no-reply@dropbox.com>,,Your Dropbox order has shipped,"Hi Olivia,

Good news! Your order #037177588 has shipped and will arrive by Tuesday. You can track it any time at https://www.dropbox.com/orders.

Thanks for shopping with us.",legit
sms,AD-ALERTS,,,"Paytm: Unusual login detected. If this wasn't you, verify your account at http://instagram-help-login.support/pay?ref=0hBWN1qq",phish
sms,VK-NOTICE,,,Your electricity connection will be disconnected tonight at 9:30 PM as previous bill was not updated. Contact officer +918176546141 immediately.,phish
sms,+917631633084,,,"Apple: Unusual login detected. If this wasn't you, verify your account at http://140.113.46.134/sbi/account/update",phish
sms,+917409600876,,,"Refund of $49.99 initiated for your order. To receive it, share the OTP sent to your phone with our agent or visit https://sbi-verify.live/signin.php",phish
sms,+919907439064,,,Congratulations! You have won $49.99 cashback from DHL. Claim your reward now http://paytm.secure.bvebpk.support,phish
sms,VK-FLPKRT,,,Big Billion Days start tomorrow! Shop on the Flipkart app for deals on mobiles. T&C apply. To opt out reply STOP.,legit
email,Netflix Security <security@netflix.com>,,New sign-in to your account,"Hi Sneha, we noticed a new sign-in to your Netflix account from Chrome on Windows. If this was you, you don't need to do anything. If not, open the Netflix app or go to https://netflix.com/security to review your activity. We will never ask for your password by email.",legit
email,Admin <service@elvjspf.com>,,Invoice #920102 overdue,",

Please find the overdue invoice attached. Kindly review and make payment at http://paytm.service.bdprxl.click/login to avoid late penalties.

Accounts Department",phish
email,Michael <sarah@kiteanalytics.com>,,Notes from today's meeting,"Hi Aarav,

Attaching the notes from today. Can you review the second section before our sync on Thursday? The shared folder is on https://docs.google.com/document/d/n9B0nFru1svJKiK2.

Thanks,
Priya",legit
email,PayPal <no-reply@paypal.com>,,Verify your email address,"Hi Meera, thanks for signing up! Please confirm this is your email address by entering the code 757405 in the app. If you didn't create an account, you can ignore this email.",legit
email,LinkedIn <service@linkedin-verify.com>,,Your LinkedIn account has been suspended,"Dear Valued Member,

We detected unusual activity and your account has been temporarily suspended. To restore access, verify your account within 24 hours: http://dropbox.secure.ifopht.site

Failure to verify will result in permanent closure.

LinkedIn Security Team",phish
sms,+916960275233,,,Congratulations! You have won $49.99 cashback from Apple. Claim your reward now https://hdfc-verify.net/verify,phish
sms,VK-NOTICE,,,Your electricity connection will be disconnected tonight at 9:30 PM as previous bill was not updated. Contact officer +916705345786 immediately.,phish
sms,AX-AMAZON,,,Your Amazon order #9799349 has been delivered. Rate your experience in the Amazon app.,legit
email,Instagram Security <support@gmail.com>,help@txwdqu.site,Tax refund notification,"Dear Account Holder, after the annual calculation of your fiscal activity, you are eligible to receive a tax refund of Rs 499. Income Tax Department requires you to submit the refund request: http://93.19.82.216/paypal/account/update",phish
email,Instagram Security <security@instagram.com>,,New sign-in to your account,"Hi John, we noticed a new sign-in to your Instagram account from Chrome on Windows. If this was you, you don't need to do anything. If not, open the Instagram app or go to https://instagram.com/security to review your activity. We will never ask for your password by email.",legit
email,HDFC Bank Security <admin@outlook.com>,,Your HDFC Bank account has been suspended,"Dear Valued Member,

We detected unusual activity and your account has been temporarily suspended. To restore access, verify your account within 24 hours: http://icici-verify.ru/pay?ref=mNOmdX1o

Failure to verify will result in permanent closure.

HDFC Bank Security Team",phish
email,Admin <service@outlook.com>,,Invoice #665475 overdue,"Hello Priya,

Please find the overdue invoice attached. Kindly review and make payment at https://apple-secure-account.net/kyc to avoid late penalties.

Accounts Department",phish
sms,+916967624285,,,"Hi, I am from LinkedIn HR. Part time job, earn Rs 5000 daily from home. WhatsApp +919404052770 for details.",phish
email,PayPal <billing@paypal.com>,,Payment received - thank you,"Hi Sarah, we've received your payment of ₹2,999. Receipt number Q1iD2837Qa. No further action is needed.",legit
sms,JD-PAYTMB,,,666760 is your OTP for login. Valid for 10 minutes. Do not share it with anyone. -Paytm,legit
sms,AD-NFLIX,,,"Rs 1,250 debited from A/c XX7565 on 16-10-26 to UPI/ROHAN. Not you? Call 18002586161. -Netflix",legit
sms,BX-OFFER,,,"HDFC Bank: Unusual login detected. If this wasn't you, verify your account at http://4mazon.xyz/signin.php",phish
email,Meera <john@brightline.com>,,Notes from today's meeting,"Hi Vikram,

Attaching the notes from today. Can you review the second section before our sync on Wednesday? The shared folder is on https://brightline.com/wiki/Rcl3q.

Thanks,
Olivia",legit
email,DHL <no-reply@dhl.com>,,Your DHL order has shipped,"Hi Chen,

Good news! Your order #027221425 has shipped and will arrive by Tuesday. You can track it any time at https://www.dhl.com/orders.

Thanks for shopping with us.",legit
email,Admin <security@linkedin-verify.com>,,Your LinkedIn account has been suspended,",

We detected unusual activity and your account has been temporarily suspended. To restore access, verify your account within 24 hours: https://is.gd/8N9hEO

Failure to verify will result in permanent closure.

LinkedIn Security Team",phish
sms,VM-DHLIND,,,Your DHL shipment 1217620801 is out for delivery today. Track: https://www.dhl.com/in-en/home/tracking.html,legit
email,Customer Service <admin@axztvxs.com>,help@kernns.online,Congratulations! You've been selected,", you have won a iPhone 16 in our annual customer draw! Claim your prize here http://help-instagram.co/verify before it expires today. A small processing fee of ₹10 applies.",phish
sms,INFO,,,"India Post: Your parcel is on hold due to incomplete address. Pay ₹2,999 redelivery fee at https://google.login.pcllph.info/secure/confirm within 24 hrs.",phish
sms,+917115648356,,,Call me when you're free,legit
sms,INFO,,,"Hi, I am from Instagram HR. Part time job, earn Rs 5000 daily from home. WhatsApp +918199412436 for details.",phish
email,Customer Service <security@notify456.com>,help@civqhg.online,Work from home opportunity,"! Part time job available. Earn Rs 3,000 per day by liking YouTube videos. No experience needed. Contact our HR on Telegram or register here: http://6bvjdn98.live/s7ehHgZXSI. Registration fee $49.99 only.",phish
email,Admin <admin@gmail.com>,,Your DHL account has been suspended,"Dear Valued Member,

We detected unusual activity and your account has been temporarily suspended. To restore access, verify your account within 24 hours: http://174.149.150.162/icici/wVQE20SQCE

Failure to verify will result in permanent closure.

DHL Security Team",phish
sms,+918178256019,,,"Refund of Rs 1,250 initiated for your order. To receive it, share the OTP sent to your phone with our agent or visit http://148.91.182.227/sbi/pay?ref=B6NB4pQn",phish
sms,VM-DHLIND,,,Your DHL shipment 0027489424 is out for delivery today. Track: https://www.dhl.com/in-en/home/tracking.html,legit
email,Admin <admin@gmail.com>,,Shared document: Q3_Salary_Revision.pdf,Kavya has shared a document with you via Dropbox. Sign in with your email password to view: http://r44ymgcokph3.live/verify,phish
email,LinkedIn <support@outlook.com>,,Action required: update your payment details,"Dear Account Holder, your recent payment could not be processed. Please update your billing information immediately to avoid service interruption. Update now: https://lu9aaea0g7g2.site/pay?ref=RVpURLXm",phish
sms,VM-DHLIND,,,Your DHL shipment 2480962440 is out for delivery today. Track: https://www.dhl.com/in-en/home/tracking.html,legit
email,HDFC Bank <statements@hdfcbank.com>,,Your monthly statement is ready,"Dear Arjun,

Your statement for August is now available. Log in through our official website or app to view it. Amount due: Rs 1,250. Due date: 23th.

This is an automated message.",legit
email,SBI <billing@sbi.co.in>,,Payment received - thank you,"Hi Priya, we've received your payment of Rs 25. Receipt number c4rIwoglmq. No further action is needed.",legit
email,Customer Service <security@microsoft-kyc.co>,,KYC update pending,"Hello Sarah, your Microsoft KYC is pending. Your account will be blocked today. Update KYC by sharing your PAN and OTP at https://getdocsonline.com/signin.php or reply with your card number.",phish
sms,VK-FLPKRT,,,Big Billion Days start tomorrow! Shop on the Flipkart app for deals on mobiles. T&C apply. To opt out reply STOP.,legit
email,Apple <security@gmail.com>,help@xpvxea.live,Congratulations! You've been selected,"Dear User, you have won a iPhone 16 in our annual customer draw! Claim your prize here http://icicis.click/secure/confirm before it expires today. A small processing fee of ₹2,999 applies.",phish
sms,VM-HDFCBK,,,"Dear Customer, your credit card statement is generated. Total due Rs 1,250. Pay by 23th via app or netbanking to avoid late fee. -HDFC Bank",legit
email,Instagram <no-reply@instagram.com>,,Your Instagram order has shipped,"Hi Vikram,

Good news! Your order #987284818 has shipped and will arrive by Monday. You can track it any time at https://www.instagram.com/orders.

Thanks for shopping with us.",legit
email,IT Helpdesk <it@nimbuslabs.com>,,Reminder: password expires in 3 days,"Hi Ananya, your corporate password expires in 3 days. Please change it from your laptop using Ctrl+Alt+Del > Change password, or visit the internal portal https://sso.nimbuslabs.com. Contact the helpdesk on ext. 7664 if you need help.",legit
sms,VK-FLPKRT,,,Big Billion Days start tomorrow! Shop on the Flipkart app for deals on mobiles. T&C apply. To opt out reply STOP.,legit
email,Emily <sarah@orbitsystems.com>,,Q3 report draft,"Hi Noah,

Attaching the notes from today. Can you review the second section before our sync on Thursday? The shared folder is on https://orbitsystems.com/wiki/hym8R.

Thanks,
Olivia",legit
email,ICICI Bank <statements@icicibank.com>,,Your monthly statement is ready,"Dear Rahul,

Your statement for August is now available. Log in through our official website or app to view it. Amount due: ₹2,999. Due date: 22th.

This is an automated message.",legit
sms,AX-AMAZON,,,Your Amazon order #6080993 has been delivered. Rate your experience in the Amazon app.,legit
email,Chen <kavya@zenithtech.com>,,Lunch on Friday?,"Hi Olivia,

Attaching the notes from today. Can you review the second section before our sync on Thursday? The shared folder is on https://zenithtech.com/wiki/5WdsF.

Thanks,
Kavya",legit
sms,+916798902237,,,Your electricity connection will be disconnected tonight at 9:30 PM as previous bill was not updated. Contact officer +916065487084 immediately.,phish
sms,VK-NOTICE,,,"Amazon: Unusual login detected. If this wasn't you, verify your account at https://dhl-verify-service.shop/seNQND294D",phish
sms,VM-IRCTCI,,,"PNR 2566093141: Train 18707 confirmed, Coach B1 Berth 71. Happy journey.",legit
email,Paytm Support <service@gmail.com>,,Invoice #934741 overdue,"Dear User,

Please find the overdue invoice attached. Kindly review and make payment at https://instagram.update.vzzuqa.support/wp-content/instagram/index.html to avoid late penalties.

Accounts Department",phish
email,Rahul Smith <recruiting@acmecorp.com>,,Interview schedule - Software Engineer,"Dear Aarav,

Thank you for applying to Acme Corp. We would like to invite you for a technical interview next week. Please pick a slot using the calendar link on our careers page https://acmecorp.com/careers. There is no fee at any stage of our hiring process.

Regards,
Talent team",legit
email,Customer Service <support@gmail.com>,help@vihpml.site,Invoice #188261 overdue,"Hello Sneha,

Please find the overdue invoice attached. Kindly review and make payment at http://15.92.2.158/icici to avoid late penalties.

Accounts Department",phish
sms,AD-ALERTS,,,"Amazon: Unusual login detected. If this wasn't you, verify your account at https://microsoft-update-secure.click/secure/confirm",phish
sms,+918559556216,,,"Refund of ₹15,000 initiated for your order. To receive it, share the OTP sent to your phone with our agent or visit https://73.246.94.87/dhl/login",phish
email,ICICI Bank <no-reply@icicibank.com>,,Verify your email address,"Hi Rohan, thanks for signing up! Please confirm this is your email address by entering the code 424981 in the app. If you didn't create an account, you can ignore this email.",legit
sms,JD-PAYTMB,,,892739 is your OTP for login. Valid for 10 minutes. Do not share it with anyone. -Paytm,legit
email,Dropbox Support <no-reply@outlook.com>,,Your Dropbox account has been suspended,",

We detected unusual activity and your account has been temporarily suspended. To restore access, verify your account within 24 hours: https://225.181.202.10/linkedin/pay?ref=UuzN8VKM

Failure to verify will result in permanent closure.

Dropbox Security Team",phish
sms,+917649312146,,,"Dear Customer, your Amazon account will be blocked today. Update your KYC immediately: http://paypal-account-alert.support/wp-content/paypal/index.html",phish
sms,+917359847422,,,"Netflix: Unusual login detected. If this wasn't you, verify your account at http://google-login-auth.co/login",phish
email,Amazon <statements@amazon.in>,,Your monthly statement is ready,"Dear Rahul,

Your statement for August is now available. Log in through our official website or app to view it. Amount due: $49.99. Due date: 3th.

This is an automated message.",legit
sms,VM-DHLIND,,,Your DHL shipment 9186849874 is out for delivery today. Track: https://www.dhl.com/in-en/home/tracking.html,legit
email,ICICI Bank <admin@outlook.com>,help@pokfbi.com,Congratulations! You've been selected,"Dear Valued Member, you have won a free trip in our annual customer draw! Claim your prize here https://icici-alert-login.top before it expires today. A small processing fee of Rs 1,250 applies.",phish
email,Dropbox <support@alerts498.xyz>,,Invoice #270185 overdue,"Dear Valued Member,

Please find the overdue invoice attached. Kindly review and make payment at https://flipkart-verify.online/login to avoid late penalties.

Accounts Department",phish
email,Admin <support@driayht.com>,,Congratulations! You've been selected,"Hi Sarah, you have won a Rs 50,000 voucher in our annual customer draw! Claim your prize here https://www.flipkart.com@ppabjash.co/Zgu51CqrTZ before it expires today. A small processing fee of Rs 1,250 applies.",phish
email,ICICI Bank <billing@icicibank.com>,,Payment received - thank you,"Hi Fatima, we've received your payment of ₹10. Receipt number uCtPVsBSut. No further action is needed.",legit
sms,AX-AMAZON,,,029501 is your OTP for login. Valid for 10 minutes. Do not share it with anyone. -Amazon,legit
email,Amazon Security <no-reply@gmail.com>,,Your mailbox is almost full,"Dear User, a document needs your review. Please use the link below.
http://alert-paypal.com/secure/confirm",phish
email,ICICI Bank <no-reply@icicibank.com>,,Verify your email address,"Hi Lucas, thanks for signing up! Please confirm this is your email address by entering the code 725639 in the app. If you didn't create an account, you can ignore this email.",legit
email,Dropbox <no-reply@dropbox.com>,,Your Dropbox order has shipped,"Hi Sneha,

Good news! Your order #742359142 has shipped and will arrive by Tuesday. You can track it any time at https://www.dropbox.com/orders.

Thanks for shopping with us.",legit
sms,+918325939933,,,"Netflix: Unusual login detected. If this wasn't you, verify your account at http://flipkart-support-service.co/secure/confirm",phish
sms,+919024365240,,,Your electricity connection will be disconnected tonight at 9:30 PM as previous bill was not updated. Contact officer +918536481875 immediately.,phish
sms,AD-ALERTS,,,Your Instagram reward points worth ₹10 expire today! Redeem now: http://secure-sbi.co/verify,phish
email,Chen <arjun77@gmail.com>,,Happy birthday!,Hey John! Hope you have a great day. Talk soon!,legit
sms,+918945231582,,,Congratulations! You have won Rs 25 cashback from Amazon. Claim your reward now https://196.55.57.169/microsoft/wp-content/microsoft/index.html,phish
sms,VK-FLPKRT,,,"Dear Customer, your credit card statement is generated. Total due ₹10. Pay by 11th via app or netbanking to avoid late fee. -Flipkart",legit
email,DHL Support <service@dhl-login.com>,help@qnhzgg.com,Work from home opportunity,"Dear Account Holder! Part time job available. Earn Rs 5,000 per day by liking YouTube videos. No experience needed. Contact our HR on Telegram or register here: http://netfl1x.support/LZ9uUhRiyP. Registration fee ₹10 only.",phish
email,LinkedIn <no-reply@linkedin.com>,,Verify your email address,"Hi Aarav, thanks for signing up! Please confirm this is your email address by entering the code 812246 in the app. If you didn't create an account, you can ignore this email.",legit
email,Paytm Support <no-reply@gmail.com>,,Your Paytm account has been suspended,"Dear Valued Member,

We detected unusual activity and your account has been temporarily suspended. To restore access, verify your account within 24 hours: http://paypal.support.pufzec.top/wp-content/paypal/index.html

Failure to verify will result in permanent closure.

Paytm Security Team",phish
email,DHL Security <admin@dhls.com>,,Your mailbox is almost full,"Dear Customer, we could not deliver your package because the address was incomplete. Please use the link below.
http://www.microsoft.com@izzsbsxw.site/BDtgLNfzcu",phish
email,Customer Service <security@gmail.com>,help@kucolc.ru,Delivery attempt failed,"Hello Kavya, your storage quota is 98% used. Messages may stop arriving. Please use the link below.
http://kwnnej.web.app/netflix/AtrdJ8L4V6",phish
email,Lucas <olivia94@gmail.com>,,Book recommendation,Hey Rahul! Here are the photos from last weekend. ,legit
email,HDFC Bank Security <no-reply@hdcbank.com>,,Shared document: Q3_Salary_Revision.pdf,Meera has shared a document with you via OneDrive. Sign in with your email password to view: http://x71ngtqf.info/zNRsUkHKPQ,phish
email,Google Security <no-reply@g0ogle.com>,help@bhxmbp.ru,Congratulations! You've been selected,"Dear Valued Member, you have won a free trip in our annual customer draw! Claim your prize here https://icici.verify.iqptev.top/kyc before it expires today. A small processing fee of ₹10 applies.",phish
sms,+919519346389,,,Your Microsoft reward points worth Rs 499 expire today! Redeem now: http://flipkart-update-kyc.support/login,phish
sms,VM-IRCTCI,,,"PNR 8163603891: Train 20625 confirmed, Coach B6 Berth 62. Happy journey.",legit
sms,+919990707550,,,Your DHL reward points worth $49.99 expire today! Redeem now: https://tjkmlg.firebaseapp.com/amazon/bbshnl0XRe,phish
email,PayPal <no-reply@paypal.com>,,Verify your email address,"Hi David, thanks for signing up! Please confirm this is your email address by entering the code 909859 in the app. If you didn't create an account, you can ignore this email.",legit
sms,+918026908964,,,Happy birthday!! Party tonight?,legit
email,IT Helpdesk <it@nimbuslabs.com>,,Reminder: password expires in 3 days,"Hi Aarav, your corporate password expires in 3 days. Please change it from your laptop using Ctrl+Alt+Del > Change password, or visit the internal portal https://sso.nimbuslabs.com. Contact the helpdesk on ext. 7024 if you need help.",legit
email,DHL Security <security@dhl.com>,,New sign-in to your account,"Hi John, we noticed a new sign-in to your DHL account from Chrome on Windows. If this was you, you don't need to do anything. If not, open the DHL app or go to https://dhl.com/security to review your activity. We will never ask for your password by email.",legit
email,Customer Service <service@hdfcbank-online.com>,,Work from home opportunity,"Dear User! Part time job available. Earn Rs 5,000 per day by liking YouTube videos. No experience needed. Contact our HR on Telegram or register here: https://mzbktk.weebly.com/hdfc/secure/confirm. Registration fee Rs 499 only.",phish
email,Ananya Smith (CEO) <ceo.office57@gmail.com>,,Are you available?,"Hi Chen, I'm in a meeting and can't talk. I need you to buy 5 Google Play gift cards for a client today. Keep this confidential for now. Send me the codes once done. I'll reimburse you.

Sent from my iPhone",phish
sms,AX-AMAZON,,,Your Amazon order #7983124 has been delivered. Rate your experience in the Amazon app.,legit
email,Newsletter <news@uber.com>,,This week's top stories,"Hello Meera, here's what's new this week. Read more at https://zoom.us/blog/azrzpq. You're receiving this because you subscribed. Unsubscribe any time.",legit
email,Admin <no-reply@outlook.com>,,Action required: update your payment details,"Dear Valued Member, your recent payment could not be processed. Please update your billing information immediately to avoid service interruption. Update now: https://apple-help-kyc.co/signin.php",phish
email,DHL <no-reply@outlook.com>,,KYC update pending,"Dear User, your DHL KYC is pending. Your account will be blocked today. Update KYC by sharing your PAN and OTP at https://microsoft.verify.fxzkkc.net/pay?ref=ftMcbn72 or reply with your card number.",phish
sms,VM-HDFCBK,,,"₹15,000 debited from A/c XX3724 on 14-10-26 to UPI/FATIMA. Not you? Call 18001080. -HDFC Bank",legit
email,Olivia <david21@gmail.com>,,Dinner plans,Hey Chen! Here are the photos from last weekend. Call me later.,legit
sms,VK-FLPKRT,,,Big Billion Days start tomorrow! Shop on the Flipkart app for deals on mobiles. T&C apply. To opt out reply STOP.,legit
sms,+918942694203,,,"Dear Customer, your HDFC Bank account will be blocked today. Update your KYC immediately: https://tinyurl.com/DfDV67",phish
sms,+916409841016,,,"Instagram: Unusual login detected. If this wasn't you, verify your account at https://rb.gy/1EQZn9",phish
email,Customer Service <support@outlook.com>,help@epkhai.click,Action required: update your payment details,"Dear Valued Member, your recent payment could not be processed. Please update your billing information immediately to avoid service interruption. Update now: http://linkedin-verify.live/wp-content/linkedin/index.html",phish
sms,AX-AMAZON,,,Your Amazon order #2824084 has been delivered. Rate your experience in the Amazon app.,legit
email,Admin <security@gmail.com>,help@oqdzey.click,Tax refund notification,"Hello Aarav, after the annual calculation of your fiscal activity, you are eligible to receive a tax refund of $49.99. Income Tax Department requires you to submit the refund request: https://amzon.support/dKgCNyxgbZ",phish
sms,AD-NFLIX,,,"Dear Customer, your credit card statement is generated. Total due ₹2,999. Pay by 13th via app or netbanking to avoid late fee. -Netflix",legit
email,PayPal <support@paypal-kyc.tk>,help@vlxmyv.click,Tax refund notification,"Hello Michael, after the annual calculation of your fiscal activity, you are eligible to receive a tax refund of Rs 499. Income Tax Department requires you to submit the refund request: http://apple.kyc.gvzbkp.ru/pay?ref=wHgXoaJ4",phish
sms,VK-FLPKRT,,,Big Billion Days start tomorrow! Shop on the Flipkart app for deals on mobiles. T&C apply. To opt out reply STOP.,legit
sms,AX-AMAZON,,,Your Amazon order #9565621 has been delivered. Rate your experience in the Amazon app.,legit
sms,VK-FLPKRT,,,545866 is your OTP for login. Valid for 10 minutes. Do not share it with anyone. -Flipkart,legit
sms,AD-ALERTS,,,Congratulations! You have won ₹10 cashback from DHL. Claim your reward now https://googles.co/wp-content/google/index.html,phish
sms,AD-ICICIB,,,798334 is your OTP for login. Valid for 10 minutes. Do not share it with anyone. -ICICI Bank,legit
email,Admin <service@outlook.com>,,Invoice #835699 overdue,"Dear Valued Member,

Please find the overdue invoice attached. Kindly review and make payment at https://www.flipkart.com@rexdpxpi.tk/secure/confirm to avoid late penalties.

Accounts Department",phish
email,Fatima <sneha@acmecorp.com>,,Re: project timeline,"Hi John,

Attaching the notes from today. Can you review the second section before our sync on Thursday? The shared folder is on https://docs.google.com/document/d/ruWwzfJXuFNdztSD.

Thanks,
Sarah",legit
email,LinkedIn Security <support@nzflhcg.com>,help@wawkgo.tk,Tax refund notification,"Dear Valued Member, after the annual calculation of your fiscal activity, you are eligible to receive a tax refund of ₹2,999. Income Tax Department requires you to submit the refund request: http://paytm-kyc-update.live/kyc",phish
email,Flipkart <no-reply@flipkart.com>,,Verify your email address,"Hi Rahul, thanks for signing up! Please confirm this is your email address by entering the code 333151 in the app. If you didn't create an account, you can ignore this email.",legit
email,Fatima <rahul8@gmail.com>,,Happy birthday!,Hey John! You have to read this one. Call me later.,legit
email,Fatima <priya70@gmail.com>,,Photos from the trip,Hey Rahul! Hope you have a great day. ,legit
sms,+916395376724,,,"Hi, I am from Netflix HR. Part time job, earn Rs 5000 daily from home. WhatsApp +917388496965 for details.",phish
sms,VM-IRCTCI,,,"PNR 5826082526: Train 13887 confirmed, Coach B6 Berth 61. Happy journey.",legit
sms,AD-ICICIB,,,"Dear Customer, your credit card statement is generated. Total due Rs 499. Pay by 14th via app or netbanking to avoid late fee. -ICICI Bank",legit
sms,AX-AMAZON,,,"Rs 1,250 debited from A/c XX2168 on 12-10-26 to UPI/PRIYA. Not you? Call 18002586161. -Amazon",legit
email,Michael <michael99@gmail.com>,,Dinner plans,Hey Rahul! You have to read this one. ,legit
sms,+917999485320,,,Your Netflix reward points worth $120.00 expire today! Redeem now: https://amazon.secure.dktxij.net,phish
sms,VK-FLPKRT,,,"Dear Customer, your credit card statement is generated. Total due Rs 25. Pay by 4th via app or netbanking to avoid late fee. -Flipkart",legit
email,David Patel <recruiting@orbitsystems.com>,,Interview schedule - Software Engineer,"Dear Aarav,

Thank you for applying to Orbit Systems. We would like to invite you for a technical interview next week. Please pick a slot using the calendar link on our careers page https://orbitsystems.com/careers. There is no fee at any stage of our hiring process.

Regards,
Talent team",legit
sms,AD-NFLIX,,,"Dear Customer, your credit card statement is generated. Total due Rs 499. Pay by 4th via app or netbanking to avoid late fee. -Netflix",legit
sms,+919069599019,,,"Netflix: Unusual login detected. If this wasn't you, verify your account at https://tinyurl.com/BA7V5X",phish
email,Microsoft Support <no-reply@mirosoft.com>,,Tax refund notification,", after the annual calculation of your fiscal activity, you are eligible to receive a tax refund of Rs 499. Income Tax Department requires you to submit the refund request: https://e0chykm1qw6.online/wp-content/netflix/index.html",phish
sms,+919442143778,,,Your electricity connection will be disconnected tonight at 9:30 PM as previous bill was not updated. Contact officer +916559227702 immediately.,phish
email,Flipkart Security <security@alerts302.tk>,help@aotzdt.xyz,Congratulations! You've been selected,"Dear User, you have won a Rs 50,000 voucher in our annual customer draw! Claim your prize here http://www.netflix.com@gqgximmt.online before it expires today. A small processing fee of Rs 1,250 applies.",phish
email,Priya Smith (CEO) <ceo.office75@gmail.com>,help@qpfojf.xyz,Urgent request,"Hi Aarav, I'm in a meeting and can't talk. I need you to buy 10 Google Play gift cards for a client today. Keep this confidential for now. Send me the codes once done. I'll reimburse you.

Sent from my iPhone",phish
email,SBI Support <support@sbi-verify.com>,help@xrocri.live,Document review,"Hello Sneha, your storage quota is 98% used. Messages may stop arriving. Please use the link below.
https://dropbox-update-help.shop/login",phish
sms,VK-NOTICE,,,"Dear Customer, your Instagram account will be blocked today. Update your KYC immediately: https://rb.gy/ictx57",phish
sms,+916268390510,,,"Congratulations! You have won Rs 1,250 cashback from HDFC Bank. Claim your reward now https://netflix.alert.badaey.shop/login",phish
sms,VM-DHLIND,,,Your DHL shipment 3017646448 is out for delivery today. Track: https://www.dhl.com/in-en/home/tracking.html,legit
sms,VM-DHLIND,,,Your DHL shipment 8878995047 is out for delivery today. Track: https://www.dhl.com/in-en/home/tracking.html,legit
sms,VM-DHLIND,,,Your DHL shipment 5482627733 is out for delivery today. Track: https://www.dhl.com/in-en/home/tracking.html,legit
email,Microsoft <no-reply@microsoft.com>,,Your Microsoft order has shipped,"Hi Vikram,

Good news! Your order #155449409 has shipped and will arrive by Friday. You can track it any time at https://www.microsoft.com/orders.

Thanks for shopping with us.",legit
email,Admin <security@outlook.com>,,Your mailbox is almost full,"Hi Lucas, we could not deliver your package because the address was incomplete. Please use the link below.
http://eportalnow.com/kyc",phish
email,Ananya <michael@brightline.com>,,Q3 report draft,"Hi Chen,

Attaching the notes from today. Can you review the second section before our sync on Thursday? The shared folder is on https://brightline.com/wiki/bJsiI.

Thanks,
Arjun",legit
email,Lucas <rahul@zenithtech.com>,,Q3 report draft,"Hi Ananya,

Attaching the notes from today. Can you review the second section before our sync on Thursday? The shared folder is on https://zenithtech.com/wiki/ouw5r.

Thanks,
Arjun",legit
email,Paytm Security <security@paytm-auth.co>,help@lfpyxv.info,Work from home opportunity,"Dear User! Part time job available. Earn Rs 3,000 per day by liking YouTube videos. No experience needed. Contact our HR on Telegram or register here: https://erefundhub.com/secure/confirm. Registration fee ₹10 only.",phish
email,Customer Service <no-reply@outlook.com>,,Shared document: Q3_Salary_Revision.pdf,Noah has shared a document with you via OneDrive. Sign in with your email password to view: http://hdfc-kyc-update.live/verify,phish
email,ICICI Bank <service@icicibank-login.info>,,Work from home opportunity,"Dear User! Part time job available. Earn Rs 3,000 per day by liking YouTube videos. No experience needed. Contact our HR on Telegram or register here: http://www.dropbox.com@rfgngpek.shop. Registration fee $120.00 only.",phish
sms,VM-DHLIND,,,Your DHL shipment 7055169409 is out for delivery today. Track: https://www.dhl.com/in-en/home/tracking.html,legit
email,Microsoft Security <service@notify991.online>,help@kgeewp.com,Your Microsoft account has been suspended,"Hi Noah,

We detected unusual activity and your account has been temporarily suspended. To restore access, verify your account within 24 hours: https://107.84.191.109/amazon/verify

Failure to verify will result in permanent closure.

Microsoft Security Team",phish
sms,+919736772443,,,Congratulations! You have won $49.99 cashback from Paytm. Claim your reward now https://dr0pbox.net/pay?ref=kyiwMfH7,phish
sms,+918367294667,,,Your electricity connection will be disconnected tonight at 9:30 PM as previous bill was not updated. Contact officer +916168457759 immediately.,phish
sms,BZ-SBIINB,,,"₹15,000 debited from A/c XX9906 on 23-10-26 to UPI/AARAV. Not you? Call 18001080. -SBI",legit
email,Customer Service <support@hmrmbyt.com>,,Action required: update your payment details,"Dear User, your recent payment could not be processed. Please update your billing information immediately to avoid service interruption. Update now: http://eportalcenter.com/secure/confirm",phish
email,Customer Service <admin@ddybaev.com>,help@xclkfd.click,Tax refund notification,"Dear User, after the annual calculation of your fiscal activity, you are eligible to receive a tax refund of $120.00. Income Tax Department requires you to submit the refund request: https://kyc-amazon.net/wp-content/amazon/index.html",phish
email,HDFC Bank Support <no-reply@gmail.com>,,Action required: update your payment details,"Dear Customer, your recent payment could not be processed. Please update your billing information immediately to avoid service interruption. Update now: https://apple-secure-update.online/verify",phish
email,Amazon Support <no-reply@kwtzzmi.com>,,Congratulations! You've been selected,"Dear User, you have won a free trip in our annual customer draw! Claim your prize here http://paypal-secure-secure.com/login before it expires today. A small processing fee of Rs 1,250 applies.",phish
email,Netflix <billing@netflix.com>,,Payment received - thank you,"Hi Michael, we've received your payment of Rs 1,250. Receipt number d1IdK4jAfy. No further action is needed.",legit
email,Apple Security <security@apple.com>,,New sign-in to your account,"Hi David, we noticed a new sign-in to your Apple account from Chrome on Windows. If this was you, you don't need to do anything. If not, open the Apple app or go to https://apple.com/security to review your activity. We will never ask for your password by email.",legit
email,Netflix Support <no-reply@alerts322.com>,,Invoice #900415 overdue,"Dear User,

Please find the overdue invoice attached. Kindly review and make payment at https://186.86.160.150/microsoft/verify to avoid late penalties.

Accounts Department",phish
email,Newsletter <news@python.org>,,5 tips for better sleep,"Hello Chen, here's what's new this week. Read more at https://reddit.com/blog/hmqpka. You're receiving this because you subscribed. Unsubscribe any time.",legit
email,Admin <admin@mail368.online>,help@zjtpbi.click,Delivery attempt failed,"Dear Account Holder, we could not deliver your package because the address was incomplete. Please use the link below.
https://asnbdl.weebly.com/sbi/signin.php",phish
email,Paytm <no-reply@oljzhha.com>,,Shared document: Q3_Salary_Revision.pdf,John has shared a document with you via Dropbox. Sign in with your email password to view: https://verify-netflix.com/signin.php,phish
sms,VM-DHLIND,,,"Dear Customer, your credit card statement is generated. Total due Rs 1,250. Pay by 5th via app or netbanking to avoid late fee. -DHL",legit
sms,+916715238676,,,"Refund of ₹10 initiated for your order. To receive it, share the OTP sent to your phone with our agent or visit https://ucucjl.web.app/paypal",phish
email,LinkedIn <billing@linkedin.com>,,Payment received - thank you,"Hi Vikram, we've received your payment of ₹2,999. Receipt number h7Y9Qm9Ous. No further action is needed.",legit
email,David Smith <recruiting@orbitsystems.com>,,Interview schedule - Software Engineer,"Dear Lucas,

Thank you for applying to Orbit Systems. We would like to invite you for a technical interview next week. Please pick a slot using the calendar link on our careers page https://orbitsystems.com/careers. There is no fee at any stage of our hiring process.

Regards,
Talent team",legit
sms,AX-AMAZON,,,107139 is your OTP for login. Valid for 10 minutes. Do not share it with anyone. -Amazon,legit
email,Dropbox Support <no-reply@lbhncys.com>,,Your Dropbox account has been suspended,"Dear User,

We detected unusual activity and your account has been temporarily suspended. To restore access, verify your account within 24 hours: https://drpbox.online/login

Failure to verify will result in permanent closure.

Dropbox Security Team",phish
sms,AD-ALERTS,,,India Post: Your parcel is on hold due to incomplete address. Pay ₹10 redelivery fee at https://h4a6z5gxkc43.online/pay?ref=MfNJRqJb within 24 hrs.,phish
sms,BZ-SBIINB,,,"Dear Customer, your credit card statement is generated. Total due Rs 499. Pay by 16th via app or netbanking to avoid late fee. -SBI",legit
sms,+918997530144,,,"Hi, I am from Amazon HR. Part time job, earn Rs 5000 daily from home. WhatsApp +919338455450 for details.",phish
email,Instagram <no-reply@instagram.com>,,Verify your email address,"Hi John, thanks for signing up! Please confirm this is your email address by entering the code 445143 in the app. If you didn't create an account, you can ignore this email.",legit
sms,VM-DHLIND,,,Your DHL shipment 0112728360 is out for delivery today. Track: https://www.dhl.com/in-en/home/tracking.html,legit
sms,AD-ICICIB,,,746669 is your OTP for login. Valid for 10 minutes. Do not share it with anyone. -ICICI Bank,legit
email,IT Helpdesk <it@acmecorp.com>,,Reminder: password expires in 3 days,"Hi Sarah, your corporate password expires in 3 days. Please change it from your laptop using Ctrl+Alt+Del > Change password, or visit the internal portal https://sso.acmecorp.com. Contact the helpdesk on ext. 7605 if you need help.",legit
sms,VM-IRCTCI,,,"PNR 2925188125: Train 12384 confirmed, Coach B6 Berth 4. Happy journey.",legit
sms,+917532956176,,,"Mom, I lost my phone, this is my new number. Can you send ₹2,999 urgently? I'll explain later.",phish
email,Admin <admin@hdfcbank-login.info>,,Action required: update your payment details,"Dear Valued Member, your recent payment could not be processed. Please update your billing information immediately to avoid service interruption. Update now: http://hdfc-verify.shop/login",phish
email,Admin <no-reply@alerts780.ru>,,Tax refund notification,"Dear User, after the annual calculation of your fiscal activity, you are eligible to receive a tax refund of Rs 499. Income Tax Department requires you to submit the refund request: https://cutt.ly/5ag5Ig",phish
email,Vikram Smith (CEO) <ceo.office34@gmail.com>,,Urgent request,"Hi Emily, I'm in a meeting and can't talk. I need you to buy 5 Google Play gift cards for a client today. Keep this confidential for now. Send me the codes once done. I'll reimburse you.

Sent from my iPhone",phish
sms,VK-FLPKRT,,,Big Billion Days start tomorrow! Shop on the Flipkart app for deals on mobiles. T&C apply. To opt out reply STOP.,legit
sms,AX-AMAZON,,,469901 is your OTP for login. Valid for 10 minutes. Do not share it with anyone. -Amazon,legit
email,Instagram Security <security@instagram.com>,,New sign-in to your account,"Hi Rahul, we noticed a new sign-in to your Instagram account from Chrome on Windows. If this was you, you don't need to do anything. If not, open the Instagram app or go to https://instagram.com/security to review your activity. We will never ask for your password by email.",legit
sms,VK-FLPKRT,,,753513 is your OTP for login. Valid for 10 minutes. Do not share it with anyone. -Flipkart,legit
email,Instagram <no-reply@instagram.com>,,Your Instagram order has shipped,"Hi Aarav,

Good news! Your order #071210242 has shipped and will arrive by Monday. You can track it any time at https://www.instagram.com/orders.

Thanks for shopping with us.",legit
email,IT Helpdesk <it@nimbuslabs.com>,,Reminder: password expires in 3 days,"Hi Noah, your corporate password expires in 3 days. Please change it from your laptop using Ctrl+Alt+Del > Change password, or visit the internal portal https://sso.nimbuslabs.com. Contact the helpdesk on ext. 7287 if you need help.",legit
sms,VK-NOTICE,,,"Flipkart: Unusual login detected. If this wasn't you, verify your account at https://whlmqb.firebaseapp.com/microsoft/secure/confirm",phish
email,Flipkart <billing@flipkart.com>,,Payment received - thank you,"Hi Olivia, we've received your payment of Rs 25. Receipt number R7hDESdz38. No further action is needed.",legit
sms,+916706667063,,,Call me when you're free,legit
sms,+916596669423,,,Your electricity connection will be disconnected tonight at 9:30 PM as previous bill was not updated. Contact officer +918383754288 immediately.,phish
sms,VM-DHLIND,,,Your DHL shipment 3198392484 is out for delivery today. Track: https://www.dhl.com/in-en/home/tracking.html,legit
sms,INFO,,,Congratulations! You have won $49.99 cashback from Flipkart. Claim your reward now https://bit.ly/l2jg81,phish
sms,VM-DHLIND,,,266765 is your OTP for login. Valid for 10 minutes. Do not share it with anyone. -DHL,legit
email,HDFC Bank <billing@hdfcbank.com>,,Payment received - thank you,"Hi Kavya, we've received your payment of ₹10. Receipt number vDv2YxqzYb. No further action is needed.",legit
sms,+916832856914,,,"Instagram: Unusual login detected. If this wasn't you, verify your account at http://arnazon.top/verify",phish
email,Apple <support@outlook.com>,,Work from home opportunity,"Dear Valued Member! Part time job available. Earn Rs 8,000 per day by liking YouTube videos. No experience needed. Contact our HR on Telegram or register here: http://flipkart-account-billing.co/kyc. Registration fee ₹10 only.",phish
email,Customer Service <no-reply@dropbox-verify.com>,,Tax refund notification,"Dear Valued Member, after the annual calculation of your fiscal activity, you are eligible to receive a tax refund of ₹10. Income Tax Department requires you to submit the refund request: https://w4a5p4h.info/verify",phish
email,Customer Service <service@outlook.com>,,Shared document: Q3_Salary_Revision.pdf,Michael has shared a document with you via DocuSign. Sign in with your email password to view: http://hdfc-support-login.top/yPlBjstyR0,phish
email,Flipkart <no-reply@flipkart.com>,,Your Flipkart order has shipped,"Hi Meera,

Good news! Your order #506413836 has shipped and will arrive by Tuesday. You can track it any time at https://www.flipkart.com/orders.

Thanks for shopping with us.",legit
email,Paytm Security <service@outlook.com>,,Work from home opportunity,"Dear User! Part time job available. Earn Rs 5,000 per day by liking YouTube videos. No experience needed. Contact our HR on Telegram or register here: https://gpxmci6f.co/wp-content/paypal/index.html. Registration fee ₹10 only.",phish
email,SBI Security <security@dayqjkb.com>,,Document review,"Hello Arjun, your storage quota is 98% used. Messages may stop arriving. Please use the link below.
https://myparcelnow.com/pay?ref=YexQt4Sf",phish
sms,+918442524777,,,Can you send me the notes from class?,legit
sms,+918637216266,,,Congratulations! You have won Rs 499 cashback from PayPal. Claim your reward now https://is.gd/dk7wKg,phish
sms,AX-AMAZON,,,Your Amazon order #8442347 has been delivered. Rate your experience in the Amazon app.,legit
email,Admin <service@paytm-verify.com>,help@asqvuz.shop,Work from home opportunity,"Dear Account Holder! Part time job available. Earn Rs 5,000 per day by liking YouTube videos. No experience needed. Contact our HR on Telegram or register here: http://38.52.49.227/netflix/pay?ref=nFmHd1JX. Registration fee Rs 1,250 only.",phish
email,IT Helpdesk <it@orbitsystems.com>,,Reminder: password expires in 3 days,"Hi Aarav, your corporate password expires in 3 days. Please change it from your laptop using Ctrl+Alt+Del > Change password, or visit the internal portal https://sso.orbitsystems.com. Contact the helpdesk on ext. 1981 if you need help.",legit
sms,+917058699724,,,"Flipkart: Unusual login detected. If this wasn't you, verify your account at https://service-dhl.co/signin.php",phish
email,Netflix Security <no-reply@outlook.com>,,Your mailbox is almost full,"Dear Account Holder, a document needs your review. Please use the link below.
https://162.25.116.191/apple/kyc",phish
sms,AD-ICICIB,,,Rs 499 debited from A/c XX4520 on 26-10-26 to UPI/CHEN. Not you? Call 18001080. -ICICI Bank,legit
sms,VK-NOTICE,,,"Hi, I am from ICICI Bank HR. Part time job, earn Rs 5000 daily from home. WhatsApp +919793854609 for details.",phish
email,Microsoft Support <support@wzpalnr.com>,help@izgkjl.click,Congratulations! You've been selected,"Dear Account Holder, you have won a $1000 gift card in our annual customer draw! Claim your prize here https://hdfc-alert-kyc.co before it expires today. A small processing fee of ₹15,000 applies.",phish
sms,AD-ALERTS,,,Your DHL reward points worth Rs 499 expire today! Redeem now: http://paytm-verify.ru/account/update,phish
email,LinkedIn <no-reply@linkedin.com>,,Your LinkedIn order has shipped,"Hi Fatima,

Good news! Your order #148116049 has shipped and will arrive by Friday. You can track it any time at https://www.linkedin.com/orders.

Thanks for shopping with us.",legit
email,IT Helpdesk <it@orbitsystems.com>,,Reminder: password expires in 3 days,"Hi Fatima, your corporate password expires in 3 days. Please change it from your laptop using Ctrl+Alt+Del > Change password, or visit the internal portal https://sso.orbitsystems.com. Contact the helpdesk on ext. 3837 if you need help.",legit
email,Instagram Security <security@instagram-billing.tk>,,Work from home opportunity,"Dear Customer! Part time job available. Earn Rs 8,000 per day by liking YouTube videos. No experience needed. Contact our HR on Telegram or register here: https://61.150.47.115/microsoft. Registration fee Rs 1,250 only.",phish
sms,AX-AMAZON,,,"Dear Customer, your credit card statement is generated. Total due Rs 1,250. Pay by 15th via app or netbanking to avoid late fee. -Amazon",legit
sms,VM-IRCTCI,,,"PNR 0575296647: Train 11076 confirmed, Coach B6 Berth 12. Happy journey.",legit
sms,VM-IRCTCI,,,"PNR 7665061809: Train 11036 confirmed, Coach B6 Berth 6. Happy journey.",legit
sms,VM-HDFCBK,,,425488 is your OTP for login. Valid for 10 minutes. Do not share it with anyone. -HDFC Bank,legit
sms,+916766675244,,,Call me when you're free,legit
sms,+916536499119,,,"Congratulations! You have won ₹2,999 cashback from Paytm. Claim your reward now http://hdfc.help.npixmu.ru/login",phish
email,Paytm <support@paytms.com>,,Your Paytm account has been suspended,"Dear User,

We detected unusual activity and your account has been temporarily suspended. To restore access, verify your account within 24 hours: http://dhl-update-account.live/kyc

Failure to verify will result in permanent closure.

Paytm Security Team",phish
sms,BX-OFFER,,,Your electricity connection will be disconnected tonight at 9:30 PM as previous bill was not updated. Contact officer +917149318137 immediately.,phish
sms,VM-IRCTCI,,,"PNR 8962132508: Train 16845 confirmed, Coach B2 Berth 70. Happy journey.",legit
sms,+917442043805,,,Your electricity connection will be disconnected tonight at 9:30 PM as previous bill was not updated. Contact officer +919198386384 immediately.,phish
sms,VK-NOTICE,,,"Microsoft: Unusual login detected. If this wasn't you, verify your account at https://is.gd/f99Yhn",phish
email,Rahul Patel <recruiting@brightline.com>,,Interview schedule - Software Engineer,"Dear Meera,

Thank you for applying to Brightline. We would like to invite you for a technical interview next week. Please pick a slot using the calendar link on our careers page https://brightline.com/careers. There is no fee at any stage of our hiring process.

Regards,
Talent team",legit
email,Admin <support@amazon-service.net>,help@ahahgi.click,Invoice #020256 overdue,"Hi Kavya,

Please find the overdue invoice attached. Kindly review and make payment at https://google-update-support.xyz/kyc to avoid late penalties.

Accounts Department",phish
sms,+919392836929,,,Your electricity connection will be disconnected tonight at 9:30 PM as previous bill was not updated. Contact officer +918455116682 immediately.,phish
sms,+918408424560,,,"Hi, I am from Microsoft HR. Part time job, earn Rs 5000 daily from home. WhatsApp +919540915086 for details.",phish
sms,AX-AMAZON,,,Your Amazon order #3190577 has been delivered. Rate your experience in the Amazon app.,legit
email,Chen <fatima43@gmail.com>,,Dinner plans,Hey Noah! You have to read this one. Call me later.,legit
sms,JD-PAYTMB,,,742941 is your OTP for login. Valid for 10 minutes. Do not share it with anyone. -Paytm,legit
sms,+916775608581,,,Congratulations! You have won Rs 25 cashback from DHL. Claim your reward now http://hwozwd.000webhostapp.com/netflix,phish
email,Instagram <support@service488.site>,,Congratulations! You've been selected,"Hi Meera, you have won a free trip in our annual customer draw! Claim your prize here http://dropbox.account.telvdl.xyz/kyc before it expires today. A small processing fee of Rs 25 applies.",phish
sms,+917935753848,,,"Hey, running 10 min late, order for me pls",legit
sms,VK-FLPKRT,,,Big Billion Days start tomorrow! Shop on the Flipkart app for deals on mobiles. T&C apply. To opt out reply STOP.,legit
sms,INFO,,,"Congratulations! You have won Rs 1,250 cashback from Apple. Claim your reward now http://getparcelnow.com/verify",phish
sms,VK-FLPKRT,,,Big Billion Days start tomorrow! Shop on the Flipkart app for deals on mobiles. T&C apply. To opt out reply STOP.,legit
sms,AX-AMAZON,,,Your Amazon order #2850116 has been delivered. Rate your experience in the Amazon app.,legit
sms,VM-DHLIND,,,427857 is your OTP for login. Valid for 10 minutes. Do not share it with anyone. -DHL,legit
email,LinkedIn Security <no-reply@mail572.info>,,KYC update pending,"Dear Account Holder, your LinkedIn KYC is pending. Your account will be blocked today. Update KYC by sharing your PAN and OTP at https://amazon-login-alert.online/verify or reply with your card number.",phish
sms,AD-NFLIX,,,"Dear Customer, your credit card statement is generated. Total due Rs 25. Pay by 4th via app or netbanking to avoid late fee. -Netflix",legit
email,Paytm <no-reply@paytm.com>,,Verify your email address,"Hi Aarav, thanks for signing up! Please confirm this is your email address by entering the code 494999 in the app. If you didn't create an account, you can ignore this email.",legit
sms,AX-AMAZON,,,Your Amazon order #4728639 has been delivered. Rate your experience in the Amazon app.,legit
sms,+917304772596,,,"Hey, running 10 min late, order for me pls",legit
email,PayPal Support <no-reply@gmail.com>,help@ebttth.shop,Tax refund notification,"Dear User, after the annual calculation of your fiscal activity, you are eligible to receive a tax refund of ₹15,000. Income Tax Department requires you to submit the refund request: http://myrewardshub.com/wp-content/paypal/index.html",phish
email,Microsoft Security <service@microsoft-secure.com>,help@gnifjy.live,Tax refund notification,"Dear Account Holder, after the annual calculation of your fiscal activity, you are eligible to receive a tax refund of Rs 25. Income Tax Department requires you to submit the refund request: http://dropbox-verify.shop/secure/confirm",phish
email,PayPal <admin@fiurjvc.com>,,Invoice #768151 overdue,"Dear Account Holder,

Please find the overdue invoice attached. Kindly review and make payment at https://paytrn.shop/wS1TYtzN0Z to avoid late penalties.

Accounts Department",phish
email,Customer Service <support@apple-verify.com>,,Work from home opportunity,"Dear Account Holder! Part time job available. Earn Rs 8,000 per day by liking YouTube videos. No experience needed. Contact our HR on Telegram or register here: http://paypai.online/account/update. Registration fee Rs 1,250 only.",phish
email,Customer Service <support@service601.ru>,help@oveimh.xyz,Work from home opportunity,"Dear Valued Member! Part time job available. Earn Rs 8,000 per day by liking YouTube videos. No experience needed. Contact our HR on Telegram or register here: https://is.gd/GQq3IV. Registration fee ₹2,999 only.",phish
sms,VM-DHLIND,,,Your DHL shipment 2944401929 is out for delivery today. Track: https://www.dhl.com/in-en/home/tracking.html,legit
email,Chen <aarav89@gmail.com>,,Photos from the trip,Hey Meera! Hope you have a great day. ,legit
email,Microsoft <billing@microsoft.com>,,Payment received - thank you,"Hi Lucas, we've received your payment of Rs 499. Receipt number O4Wj0UpvsP. No further action is needed.",legit
sms,AX-AMAZON,,,326452 is your OTP for login. Valid for 10 minutes. Do not share it with anyone. -Amazon,legit
email,Admin <security@outlook.com>,,Work from home opportunity,"Dear Account Holder! Part time job available. Earn Rs 3,000 per day by liking YouTube videos. No experience needed. Contact our HR on Telegram or register here: http://linkediu.top/signin.php. Registration fee $49.99 only.",phish
email,Instagram Support <admin@gmail.com>,,Your Instagram account has been suspended,"Dear User,

We detected unusual activity and your account has been temporarily suspended. To restore access, verify your account within 24 hours: https://google-alert-billing.site/pay?ref=arSnWJYF

Failure to verify will result in permanent closure.

Instagram Security Team",phish
email,Paytm Security <security@paytm.com>,,New sign-in to your account,"Hi Vikram, we noticed a new sign-in to your Paytm account from Chrome on Windows. If this was you, you don't need to do anything. If not, open the Paytm app or go to https://paytm.com/security to review your activity. We will never ask for your password by email.",legit
email,Lucas <lucas@kiteanalytics.com>,,Q3 report draft,"Hi Chen,

Attaching the notes from today. Can you review the second section before our sync on Thursday? The shared folder is on https://docs.google.com/document/d/s88CHgWWAXCBzpV4.

Thanks,
Lucas",legit
sms,JD-PAYTMB,,,"Dear Customer, your credit card statement is generated. Total due $49.99. Pay by 6th via app or netbanking to avoid late fee. -Paytm",legit
email,IT Helpdesk <it@acmecorp.com>,,Reminder: password expires in 3 days,"Hi Kavya, your corporate password expires in 3 days. Please change it from your laptop using Ctrl+Alt+Del > Change password, or visit the internal portal https://sso.acmecorp.com. Contact the helpdesk on ext. 3696 if you need help.",legit
email,Ananya <sneha44@gmail.com>,,Photos from the trip,Hey Emily! Are we still on for Saturday?. ,legit
email,Microsoft <no-reply@microsoft.com>,,Verify your email address,"Hi Arjun, thanks for signing up! Please confirm this is your email address by entering the code 867925 in the app. If you didn't create an account, you can ignore this email.",legit
sms,VM-IRCTCI,,,"PNR 7717752969: Train 21577 confirmed, Coach B3 Berth 24. Happy journey.",legit
email,HDFC Bank <no-reply@hdfcbank.com>,,Verify your email address,"Hi Lucas, thanks for signing up! Please confirm this is your email address by entering the code 634255 in the app. If you didn't create an account, you can ignore this email.",legit
email,Dropbox Security <security@dropbox.com>,,New sign-in to your account,"Hi Priya, we noticed a new sign-in to your Dropbox account from Chrome on Windows. If this was you, you don't need to do anything. If not, open the Dropbox app or go to https://dropbox.com/security to review your activity. We will never ask for your password by email.",legit
sms,+916955356033,,,"Congratulations! You have won Rs 1,250 cashback from Netflix. Claim your reward now https://b94dyyi119.top/signin.php",phish
email,Admin <no-reply@service602.site>,,Your mailbox is almost full,", a document needs your review. Please use the link below.
http://microsoft-verify.live",phish
email,Fatima <lucas@brightline.com>,,Q3 report draft,"Hi Arjun,

Attaching the notes from today. Can you review the second section before our sync on Thursday? The shared folder is on https://brightline.com/wiki/a66CH.

Thanks,
David",legit
email,Admin <security@mail369.online>,,Action required: update your payment details,"Dear Account Holder, your recent payment could not be processed. Please update your billing information immediately to avoid service interruption. Update now: http://amazoe.click/wp-content/amazon/index.html",phish
email,Priya Sharma (CEO) <ceo.office96@gmail.com>,,Quick favour,"Hi Rahul, I'm in a meeting and can't talk. I need you to buy 10 Google Play gift cards for a client today. Keep this confidential for now. Send me the codes once done. I'll reimburse you.

Sent from my iPhone",phish
sms,+919822879561,,,Your Amazon reward points worth $49.99 expire today! Redeem now: https://is.gd/sL8uSj,phish
sms,BZ-SBIINB,,,₹10 debited from A/c XX1019 on 6-10-26 to UPI/EMILY. Not you? Call 18001080. -SBI,legit
sms,BX-OFFER,,,"Hi, I am from Google HR. Part time job, earn Rs 5000 daily from home. WhatsApp +918572275794 for details.",phish
email,IT Helpdesk <it@zenithtech.com>,,Reminder: password expires in 3 days,"Hi Michael, your corporate password expires in 3 days. Please change it from your laptop using Ctrl+Alt+Del > Change password, or visit the internal portal https://sso.zenithtech.com. Contact the helpdesk on ext. 1409 if you need help.",legit
email,DHL <security@mail253.site>,,Document review,"Dear Valued Member, your storage quota is 98% used. Messages may stop arriving. Please use the link below.
https://dh1.xyz/verify",phish
email,PayPal <admin@gmail.com>,,Invoice #376185 overdue,"Dear Account Holder,

Please find the overdue invoice attached. Kindly review and make payment at https://is.gd/XNddCz to avoid late penalties.

Accounts Department",phish
sms,VK-NOTICE,,,"Mom, I lost my phone, this is my new number. Can you send $49.99 urgently? I'll explain later.",phish
sms,+916695560767,,,India Post: Your parcel is on hold due to incomplete address. Pay Rs 25 redelivery fee at https://hdfc.login.pavshu.co/signin.php within 24 hrs.,phish
sms,VK-FLPKRT,,,422456 is your OTP for login. Valid for 10 minutes. Do not share it with anyone. -Flipkart,legit
email,PayPal <no-reply@paypal.com>,,Verify your email address,"Hi Olivia, thanks for signing up! Please confirm this is your email address by entering the code 581810 in the app. If you didn't create an account, you can ignore this email.",legit
email,LinkedIn <no-reply@linkedin.com>,,Verify your email address,"Hi Ananya, thanks for signing up! Please confirm this is your email address by entering the code 651590 in the app. If you didn't create an account, you can ignore this email.",legit
email,Fatima <john66@gmail.com>,,Photos from the trip,Hey Ananya! You have to read this one. Talk soon!,legit
email,Netflix Security <security@gmail.com>,help@zditro.top,KYC update pending,"Dear Customer, your Netflix KYC is pending. Your account will be blocked today. Update KYC by sharing your PAN and OTP at https://netflix.service.ctgezl.com/wp-content/netflix/index.html or reply with your card number.",phish
sms,+916603202032,,,Congratulations! You have won Rs 25 cashback from Paytm. Claim your reward now https://apple-login-support.tk/account/update,phish
sms,AX-AMAZON,,,"Rs 1,250 debited from A/c XX5364 on 8-10-26 to UPI/KAVYA. Not you? Call 18002586161. -Amazon",legit
email,Apple Security <security@apple.com>,,New sign-in to your account,"Hi Ananya, we noticed a new sign-in to your Apple account from Chrome on Windows. If this was you, you don't need to do anything. If not, open the Apple app or go to https://apple.com/security to review your activity. We will never ask for your password by email.",legit
email,Flipkart Security <no-reply@gmail.com>,,Congratulations! You've been selected,"Hello Vikram, you have won a Rs 50,000 voucher in our annual customer draw! Claim your prize here http://inst4gram.online/4ztMdG0ZsY before it expires today. A small processing fee of $49.99 applies.",phish
email,HDFC Bank Security <no-reply@gmail.com>,,KYC update pending,"Dear User, your HDFC Bank KYC is pending. Your account will be blocked today. Update KYC by sharing your PAN and OTP at https://www.flipkart.com@xdzmumex.xyz/signin.php or reply with your card number.",phish
sms,+919907064872,,,Your electricity connection will be disconnected tonight at 9:30 PM as previous bill was not updated. Contact officer +917583895175 immediately.,phish
sms,+917270524169,,,"Dear Customer, your Instagram account will be blocked today. Update your KYC immediately: https://apple.alert.lbewjk.xyz/zGHOUGxDTB",phish
email,PayPal <statements@paypal.com>,,Your monthly statement is ready,"Dear Ananya,

Your statement for August is now available. Log in through our official website or app to view it. Amount due: $49.99. Due date: 17th.

This is an automated message.",legit
sms,VK-FLPKRT,,,Big Billion Days start tomorrow! Shop on the Flipkart app for deals on mobiles. T&C apply. To opt out reply STOP.,legit
email,Meera <priya@orbitsystems.com>,,Lunch on Friday?,"Hi John,

Attaching the notes from today. Can you review the second section before our sync on Thursday? The shared folder is on https://docs.google.com/document/d/JsfS62slOT5O24Zp.

Thanks,
Rahul",legit
email,Dropbox <no-reply@dropbox.com>,,Your Dropbox order has shipped,"Hi Meera,

Good news! Your order #576627028 has shipped and will arrive by Friday. You can track it any time at https://www.dropbox.com/orders.

Thanks for shopping with us.",legit
sms,+919998460586,,,"Hi, I am from Dropbox HR. Part time job, earn Rs 5000 daily from home. WhatsApp +919949638309 for details.",phish
sms,VK-FLPKRT,,,Big Billion Days start tomorrow! Shop on the Flipkart app for deals on mobiles. T&C apply. To opt out reply STOP.,legit
email,Vikram Patel <recruiting@acmecorp.com>,,Interview schedule - Software Engineer,"Dear Priya,

Thank you for applying to Acme Corp. We would like to invite you for a technical interview next week. Please pick a slot using the calendar link on our careers page https://acmecorp.com/careers. There is no fee at any stage of our hiring process.

Regards,
Talent team",legit
email,DHL Security <security@outlook.com>,,KYC update pending,"Dear Valued Member, your DHL KYC is pending. Your account will be blocked today. Update KYC by sharing your PAN and OTP at https://rb.gy/Jv0AnR or reply with your card number.",phish
email,Customer Service <security@service4.top>,help@nuptdp.click,KYC update pending,"Hi Kavya, your HDFC Bank KYC is pending. Your account will be blocked today. Update KYC by sharing your PAN and OTP at https://5xpz4r38vjqe.co/secure/confirm or reply with your card number.",phish
sms,+917536735589,,,Your LinkedIn reward points worth Rs 25 expire today! Redeem now: http://198.203.237.150/paypal/signin.php,phish
sms,+917728204009,,,"Refund of ₹15,000 initiated for your order. To receive it, share the OTP sent to your phone with our agent or visit https://161.15.230.184/icici/verify",phish
sms,VK-FLPKRT,,,Big Billion Days start tomorrow! Shop on the Flipkart app for deals on mobiles. T&C apply. To opt out reply STOP.,legit
sms,+916324827463,,,Congratulations! You have won $120.00 cashback from HDFC Bank. Claim your reward now https://paypal.help.jawbgx.live/verify,phish
sms,VM-IRCTCI,,,"PNR 4157337684: Train 10118 confirmed, Coach B6 Berth 12. Happy journey.",legit
email,Flipkart <billing@flipkart.com>,,Payment received - thank you,"Hi Sarah, we've received your payment of $120.00. Receipt number WYnpXETEEY. No further action is needed.",legit
email,Newsletter <news@nytimes.com>,,New courses this month,"Hello Vikram, here's what's new this week. Read more at https://stackoverflow.com/blog/pwrsfk. You're receiving this because you subscribed. Unsubscribe any time.",legit
sms,+919551288956,,,"Mom, I lost my phone, this is my new number. Can you send ₹15,000 urgently? I'll explain later.",phish
sms,AD-ALERTS,,,"Dear Customer, your Microsoft account will be blocked today. Update your KYC immediately: https://paytm-secure-alert.top/account/update",phish
email,DHL <service@gmail.com>,,Your mailbox is almost full,"Dear User, your storage quota is 98% used. Messages may stop arriving. Please use the link below.
https://instagram.support.sckptb.support/pay?ref=NRc1CVnD",phish
email,Google <billing@google.com>,,Payment received - thank you,"Hi Noah, we've received your payment of ₹10. Receipt number cgQBGXxj18. No further action is needed.",legit
email,Arjun Sharma (CEO) <ceo.office88@gmail.com>,,Quick favour,"Hi Ananya, I'm in a meeting and can't talk. I need you to buy 8 Google Play gift cards for a client today. Keep this confidential for now. Send me the codes once done. I'll reimburse you.

Sent from my iPhone",phish
sms,+917482689996,,,"Your Paytm reward points worth ₹2,999 expire today! Redeem now: https://update-dropbox.net",phish
sms,VK-NOTICE,,,Your ICICI Bank reward points worth ₹10 expire today! Redeem now: http://amazon.service.fsvxji.net/signin.php,phish
email,Rohan Khan <recruiting@kiteanalytics.com>,,Interview schedule - Software Engineer,"Dear Chen,

Thank you for applying to Kite Analytics. We would like to invite you for a technical interview next week. Please pick a slot using the calendar link on our careers page https://kiteanalytics.com/careers. There is no fee at any stage of our hiring process.

Regards,
Talent team",legit
email,Meera <aarav10@gmail.com>,,Photos from the trip,Hey Olivia! Hope you have a great day. Talk soon!,legit
sms,+916009406565,,,"Dear Customer, your ICICI Bank account will be blocked today. Update your KYC immediately: http://paypal-secure-account.info/signin.php",phish
email,Newsletter <news@spotify.com>,,This week's top stories,"Hello Rohan, here's what's new this week. Read more at https://coursera.org/blog/qjtxmq. You're receiving this because you subscribed. Unsubscribe any time.",legit
email,Customer Service <admin@notify989.shop>,,Your Flipkart account has been suspended,"Dear Valued Member,

We detected unusual activity and your account has been temporarily suspended. To restore access, verify your account within 24 hours: https://20.119.208.30/microsoft/pay?ref=oFSAmAzl

Failure to verify will result in permanent closure.

Flipkart Security Team",phish
sms,VM-IRCTCI,,,"PNR 5046026224: Train 18101 confirmed, Coach B5 Berth 17. Happy journey.",legit
email,Admin <service@dfokvdl.com>,,Congratulations! You've been selected,"Hello Noah, you have won a free trip in our annual customer draw! Claim your prize here https://cutt.ly/goh945 before it expires today. A small processing fee of ₹10 applies.",phish
sms,+918941163187,,,"ICICI Bank: Unusual login detected. If this wasn't you, verify your account at https://linkedin-in.co/pay?ref=hhk5YFel",phish
sms,VK-FLPKRT,,,Big Billion Days start tomorrow! Shop on the Flipkart app for deals on mobiles. T&C apply. To opt out reply STOP.,legit
email,Flipkart Support <security@bihzsjx.com>,,Shared document: Q3_Salary_Revision.pdf,Rohan has shared a document with you via Dropbox. Sign in with your email password to view: http://eparcelhub.com/verify,phish
sms,AX-AMAZON,,,Your Amazon order #0555535 has been delivered. Rate your experience in the Amazon app.,legit
email,Customer Service <service@gmail.com>,,Action required: update your payment details,", your recent payment could not be processed. Please update your billing information immediately to avoid service interruption. Update now: https://hdfc-verify.site/account/update",phish
email,Customer Service <support@google-account.top>,,Your Google account has been suspended,"Dear User,

We detected unusual activity and your account has been temporarily suspended. To restore access, verify your account within 24 hours: https://gpamhe.firebaseapp.com/icici/1ibtfADI7X

Failure to verify will result in permanent closure.

Google Security Team",phish
email,Newsletter <news@zomato.com>,,5 tips for better sleep,"Hello Sneha, here's what's new this week. Read more at https://zoom.us/blog/decfno. You're receiving this because you subscribed. Unsubscribe any time.",legit
sms,+916229557693,,,"Refund of Rs 499 initiated for your order. To receive it, share the OTP sent to your phone with our agent or visit https://is.gd/ZCRJLk",phish
sms,VM-DHLIND,,,Your DHL shipment 2493214958 is out for delivery today. Track: https://www.dhl.com/in-en/home/tracking.html,legit
sms,+917171479554,,,"Hey, running 10 min late, order for me pls",legit
email,DHL Support <security@dhl-auth.top>,help@rhmscz.live,KYC update pending,", your DHL KYC is pending. Your account will be blocked today. Update KYC by sharing your PAN and OTP at http://233.116.55.220/linkedin/secure/confirm or reply with your card number.",phish
email,HDFC Bank <statements@hdfcbank.com>,,Your monthly statement is ready,"Dear Meera,

Your statement for September is now available. Log in through our official website or app to view it. Amount due: ₹15,000. Due date: 27th.

This is an automated message.",legit
email,HDFC Bank <billing@hdfcbank.com>,,Payment received - thank you,"Hi Emily, we've received your payment of $120.00. Receipt number IwGjD4ZBwt. No further action is needed.",legit
email,Arjun Smith <recruiting@acmecorp.com>,,Interview schedule - Software Engineer,"Dear Emily,

Thank you for applying to Acme Corp. We would like to invite you for a technical interview next week. Please pick a slot using the calendar link on our careers page https://acmecorp.com/careers. There is no fee at any stage of our hiring process.

Regards,
Talent team",legit
email,Google Security <service@jncnwvw.com>,,KYC update pending,"Hello Kavya, your Google KYC is pending. Your account will be blocked today. Update KYC by sharing your PAN and OTP at http://alert-microsoft.net/signin.php or reply with your card number.",phish
email,Admin <admin@mail722.net>,,Tax refund notification,"Hello David, after the annual calculation of your fiscal activity, you are eligible to receive a tax refund of $49.99. Income Tax Department requires you to submit the refund request: http://eportalhub.com/wp-content/linkedin/index.html",phish
sms,VM-IRCTCI,,,"PNR 0138241270: Train 14514 confirmed, Coach B5 Berth 26. Happy journey.",legit
sms,VM-IRCTCI,,,"PNR 0055955017: Train 22641 confirmed, Coach B5 Berth 26. Happy journey.",legit
sms,+919491111096,,,"Your Dropbox reward points worth Rs 1,250 expire today! Redeem now: http://dropbox-verify.support/pay?ref=vh7lDBxl",phish
email,Admin <no-reply@notify652.shop>,,Tax refund notification,"Hello Rohan, after the annual calculation of your fiscal activity, you are eligible to receive a tax refund of Rs 25. Income Tax Department requires you to submit the refund request: http://instagram.account.goizgk.ru/secure/confirm",phish
email,Rohan Khan <recruiting@acmecorp.com>,,Interview schedule - Software Engineer,"Dear Noah,

Thank you for applying to Acme Corp. We would like to invite you for a technical interview next week. Please pick a slot using the calendar link on our careers page https://acmecorp.com/careers. There is no fee at any stage of our hiring process.

Regards,
Talent team",legit
email,Paytm Security <security@paytm.com>,,New sign-in to your account,"Hi Rohan, we noticed a new sign-in to your Paytm account from Chrome on Windows. If this was you, you don't need to do anything. If not, open the Paytm app or go to https://paytm.com/security to review your activity. We will never ask for your password by email.",legit
email,Customer Service <service@mxlcrlu.com>,help@ogjjzm.com,Your mailbox is almost full,"Dear Valued Member, we could not deliver your package because the address was incomplete. Please use the link below.
http://google.verify.ckrlwv.co/account/update",phish
email,DHL <statements@dhl.com>,,Your monthly statement is ready,"Dear Vikram,

Your statement for September is now available. Log in through our official website or app to view it. Amount due: Rs 25. Due date: 3th.

This is an automated message.",legit
email,Admin <admin@paytm-login.shop>,,Work from home opportunity,"Dear Valued Member! Part time job available. Earn Rs 3,000 per day by liking YouTube videos. No experience needed. Contact our HR on Telegram or register here: https://paytm.login.lpawsa.info/account/update. Registration fee ₹2,999 only.",phish
email,Customer Service <security@mail800.shop>,help@lmicwm.shop,Shared document: Q3_Salary_Revision.pdf,Aarav has shared a document with you via DocuSign. Sign in with your email password to view: https://instagram-update-alert.top/login,phish
email,Admin <support@instagram-online.com>,,Your mailbox is almost full,"Dear Customer, we could not deliver your package because the address was incomplete. Please use the link below.
http://www.google.com@olpjvkiz.tk/account/update",phish
email,Ananya Khan <recruiting@acmecorp.com>,,Interview schedule - Software Engineer,"Dear David,

Thank you for applying to Acme Corp. We would like to invite you for a technical interview next week. Please pick a slot using the calendar link on our careers page https://acmecorp.com/careers. There is no fee at any stage of our hiring process.

Regards,
Talent team",legit
sms,BX-OFFER,,,India Post: Your parcel is on hold due to incomplete address. Pay ₹10 redelivery fee at http://update-apple.in/f70Wptn34k within 24 hrs.,phish
sms,+916676559991,,,"Refund of Rs 25 initiated for your order. To receive it, share the OTP sent to your phone with our agent or visit http://amazon-billing-help.info/aDjmVKhLTf",phish
sms,+919026604509,,,Your Instagram reward points worth $120.00 expire today! Redeem now: http://secure-icici.co,phish
sms,VK-FLPKRT,,,249668 is your OTP for login. Valid for 10 minutes. Do not share it with anyone. -Flipkart,legit
sms,VM-DHLIND,,,"Rs 1,250 debited from A/c XX7999 on 24-10-26 to UPI/ANANYA. Not you? Call 18001080. -DHL",legit
sms,VK-FLPKRT,,,Big Billion Days start tomorrow! Shop on the Flipkart app for deals on mobiles. T&C apply. To opt out reply STOP.,legit
sms,AD-NFLIX,,,"₹15,000 debited from A/c XX5142 on 1-10-26 to UPI/VIKRAM. Not you? Call 18001080. -Netflix",legit
sms,VK-FLPKRT,,,Big Billion Days start tomorrow! Shop on the Flipkart app for deals on mobiles. T&C apply. To opt out reply STOP.,legit
sms,AX-AMAZON,,,"Dear Customer, your credit card statement is generated. Total due Rs 499. Pay by 17th via app or netbanking to avoid late fee. -Amazon",legit
sms,+916079649673,,,"Dear Customer, your Flipkart account will be blocked today. Update your KYC immediately: https://flipk4rt.co",phish
email,Admin <support@mirosoft.com>,,Action required: update your payment details,"Dear User, your recent payment could not be processed. Please update your billing information immediately to avoid service interruption. Update now: https://wrbicq.firebaseapp.com/sbi/account/update",phish
sms,+918532967737,,,"Flipkart: Unusual login detected. If this wasn't you, verify your account at http://hdfc.kyc.kwdhwu.click/pay?ref=N6tNeMKE",phish
sms,VK-FLPKRT,,,Big Billion Days start tomorrow! Shop on the Flipkart app for deals on mobiles. T&C apply. To opt out reply STOP.,legit
email,Dropbox Security <security@dropbox.com>,,New sign-in to your account,"Hi Sneha, we noticed a new sign-in to your Dropbox account from Chrome on Windows. If this was you, you don't need to do anything. If not, open the Dropbox app or go to https://dropbox.com/security to review your activity. We will never ask for your password by email.",legit
sms,VK-NOTICE,,,Your electricity connection will be disconnected tonight at 9:30 PM as previous bill was not updated. Contact officer +916561648408 immediately.,phish
email,Chen Smith <recruiting@brightline.com>,,Interview schedule - Software Engineer,"Dear Ananya,

Thank you for applying to Brightline. We would like to invite you for a technical interview next week. Please pick a slot using the calendar link on our careers page https://brightline.com/careers. There is no fee at any stage of our hiring process.

Regards,
Talent team",legit
email,Instagram <no-reply@instagram.com>,,Verify your email address,"Hi David, thanks for signing up! Please confirm this is your email address by entering the code 409112 in the app. If you didn't create an account, you can ignore this email.",legit
sms,AD-NFLIX,,,"Dear Customer, your credit card statement is generated. Total due ₹15,000. Pay by 14th via app or netbanking to avoid late fee. -Netflix",legit
email,Admin <no-reply@outlook.com>,help@yimtmc.com,Action required: update your payment details,", your recent payment could not be processed. Please update your billing information immediately to avoid service interruption. Update now: https://secure-flipkart.net/signin.php",phish
sms,AX-AMAZON,,,Your Amazon order #1083063 has been delivered. Rate your experience in the Amazon app.,legit
email,Admin <support@likedin.com>,,Invoice #164334 overdue,"Dear User,

Please find the overdue invoice attached. Kindly review and make payment at https://instagrau.info/signin.php to avoid late penalties.

Accounts Department",phish
sms,VM-IRCTCI,,,"PNR 6664110654: Train 11417 confirmed, Coach B6 Berth 12. Happy journey.",legit
sms,+919539169280,,,Happy birthday!! Party tonight?,legit
email,Customer Service <security@mail739.xyz>,help@itebhn.net,Invoice #762426 overdue,"Hello Sneha,

Please find the overdue invoice attached. Kindly review and make payment at http://sbi.update.ujejps.co/pay?ref=6KdWZor7 to avoid late penalties.

Accounts Department",phish
sms,BZ-SBIINB,,,"Rs 1,250 debited from A/c XX6209 on 9-10-26 to UPI/ANANYA. Not you? Call 18001080. -SBI",legit
sms,VK-NOTICE,,,"Dear Customer, your Amazon account will be blocked today. Update your KYC immediately: https://bit.ly/oFFNeD",phish
email,Priya <arjun26@gmail.com>,,Book recommendation,Hey Arjun! You have to read this one. Talk soon!,legit
sms,+916409074260,,,Your SBI reward points worth Rs 499 expire today! Redeem now: https://getportalcenter.com/verify,phish
email,DHL Support <security@outlook.com>,,Shared document: Q3_Salary_Revision.pdf,Sarah has shared a document with you via OneDrive. Sign in with your email password to view: https://alert-linkedin.net/account/update,phish
email,Newsletter <news@notion.so>,,This week's top stories,"Hello Michael, here's what's new this week. Read more at https://github.com/blog/jrirbs. You're receiving this because you subscribed. Unsubscribe any time.",legit
email,Google Security <admin@alerts522.xyz>,,Your Google account has been suspended,"Dear Account Holder,

We detected unusual activity and your account has been temporarily suspended. To restore access, verify your account within 24 hours: http://erefundcenter.com/secure/confirm

Failure to verify will result in permanent closure.

Google Security Team",phish
sms,+917557782058,,,"India Post: Your parcel is on hold due to incomplete address. Pay ₹2,999 redelivery fee at https://fl1pkart.co/wAlLzxDwXs within 24 hrs.",phish
email,Netflix Security <security@netflix.com>,,New sign-in to your account,"Hi John, we noticed a new sign-in to your Netflix account from Chrome on Windows. If this was you, you don't need to do anything. If not, open the Netflix app or go to https://netflix.com/security to review your activity. We will never ask for your password by email.",legit
email,Google <no-reply@google.com>,,Verify your email address,"Hi Emily, thanks for signing up! Please confirm this is your email address by entering the code 056856 in the app. If you didn't create an account, you can ignore this email.",legit
email,LinkedIn Security <security@linkedin.com>,,New sign-in to your account,"Hi Michael, we noticed a new sign-in to your LinkedIn account from Chrome on Windows. If this was you, you don't need to do anything. If not, open the LinkedIn app or go to https://linkedin.com/security to review your activity. We will never ask for your password by email.",legit
email,Lucas <michael@acmecorp.com>,,Q3 report draft,"Hi Lucas,

Attaching the notes from today. Can you review the second section before our sync on Wednesday? The shared folder is on https://docs.google.com/document/d/Vnnxgcqa6LAhrPL4.

Thanks,
Noah",legit
sms,+918009751971,,,"Amazon: Unusual login detected. If this wasn't you, verify your account at https://is.gd/F2UpTG",phish
email,ICICI Bank Support <service@icicibank-auth.live>,help@kiejpy.top,Action required: update your payment details,"Dear Valued Member, your recent payment could not be processed. Please update your billing information immediately to avoid service interruption. Update now: https://is.gd/QKwDNj",phish
sms,BZ-SBIINB,,,"Dear Customer, your credit card statement is generated. Total due $120.00. Pay by 24th via app or netbanking to avoid late fee. -SBI",legit
email,Dropbox Support <no-reply@foxqdex.com>,,Work from home opportunity,"Dear Customer! Part time job available. Earn Rs 8,000 per day by liking YouTube videos. No experience needed. Contact our HR on Telegram or register here: https://hdfc-account-kyc.live/login. Registration fee Rs 25 only.",phish
email,DHL <statements@dhl.com>,,Your monthly statement is ready,"Dear Noah,

Your statement for August is now available. Log in through our official website or app to view it. Amount due: ₹10. Due date: 12th.

This is an automated message.",legit
email,David <david9@gmail.com>,,Dinner plans,Hey Rohan! Hope you have a great day. Call me later.,legit
sms,AD-ICICIB,,,"Dear Customer, your credit card statement is generated. Total due ₹15,000. Pay by 19th via app or netbanking to avoid late fee. -ICICI Bank",legit
email,Fatima Sharma (CEO) <ceo.office17@gmail.com>,,Urgent request,"Hi Rohan, I'm in a meeting and can't talk. I need you to buy 10 Google Play gift cards for a client today. Keep this confidential for now. Send me the codes once done. I'll reimburse you.

Sent from my iPhone",phish
email,Newsletter <news@python.org>,,This week's top stories,"Hello Aarav, here's what's new this week. Read more at https://reddit.com/blog/lvwyts. You're receiving this because you subscribed. Unsubscribe any time.",legit
sms,BX-OFFER,,,"Apple: Unusual login detected. If this wasn't you, verify your account at https://netflix-verify.com/wp-content/netflix/index.html",phish
email,Ananya Sharma (CEO) <ceo.office53@gmail.com>,,Quick favour,"Hi Chen, I'm in a meeting and can't talk. I need you to buy 10 Google Play gift cards for a client today. Keep this confidential for now. Send me the codes once done. I'll reimburse you.

Sent from my iPhone",phish
sms,+919018637263,,,"Google: Unusual login detected. If this wasn't you, verify your account at https://102.233.93.112/dropbox/wp-content/dropbox/index.html",phish
email,Emily <sarah@nimbuslabs.com>,,Notes from today's meeting,"Hi John,

Attaching the notes from today. Can you review the second section before our sync on Thursday? The shared folder is on https://nimbuslabs.com/wiki/8X7Hq.

Thanks,
Rohan",legit
sms,+919406242610,,,"Hi, I am from Paytm HR. Part time job, earn Rs 5000 daily from home. WhatsApp +917324877365 for details.",phish
sms,+918056244818,,,"Mom, I lost my phone, this is my new number. Can you send Rs 25 urgently? I'll explain later.",phish
sms,+918501541776,,,Reached home. Thanks for today!,legit
email,LinkedIn Support <admin@outlook.com>,help@yhgfjh.click,Delivery attempt failed,"Hi Meera, a document needs your review. Please use the link below.
https://paypal-kyc-support.ru/verify",phish
sms,+917695255876,,,Congratulations! You have won ₹10 cashback from Instagram. Claim your reward now http://getparcelnow.com/pay?ref=7ksXoxyB,phish
email,DHL Support <service@gmail.com>,,Your DHL account has been suspended,"Dear Customer,

We detected unusual activity and your account has been temporarily suspended. To restore access, verify your account within 24 hours: https://tinyurl.com/XKANOb

Failure to verify will result in permanent closure.

DHL Security Team",phish
sms,VM-IRCTCI,,,"PNR 1158890171: Train 22025 confirmed, Coach B5 Berth 57. Happy journey.",legit
email,Sarah Patel <recruiting@zenithtech.com>,,Interview schedule - Software Engineer,"Dear Priya,

Thank you for applying to Zenith Tech. We would like to invite you for a technical interview next week. Please pick a slot using the calendar link on our careers page https://zenithtech.com/careers. There is no fee at any stage of our hiring process.

Regards,
Talent team",legit
email,Admin <service@outlook.com>,,Your mailbox is almost full,"Dear Account Holder, we could not deliver your package because the address was incomplete. Please use the link below.
http://hdfc-verify.net/signin.php",phish
sms,+917295634277,,,Your PayPal reward points worth ₹10 expire today! Redeem now: http://instagrarn.com,phish
sms,INFO,,,"India Post: Your parcel is on hold due to incomplete address. Pay ₹15,000 redelivery fee at https://instagram.support.wmxeat.click/verify within 24 hrs.",phish
email,IT Helpdesk <it@brightline.com>,,Reminder: password expires in 3 days,"Hi Michael, your corporate password expires in 3 days. Please change it from your laptop using Ctrl+Alt+Del > Change password, or visit the internal portal https://sso.brightline.com. Contact the helpdesk on ext. 1821 if you need help.",legit
sms,AX-AMAZON,,,Your Amazon order #9218515 has been delivered. Rate your experience in the Amazon app.,legit
email,Lucas Smith <recruiting@kiteanalytics.com>,,Interview schedule - Software Engineer,"Dear Emily,

Thank you for applying to Kite Analytics. We would like to invite you for a technical interview next week. Please pick a slot using the calendar link on our careers page https://kiteanalytics.com/careers. There is no fee at any stage of our hiring process.

Regards,
Talent team",legit
email,Kavya Smith (CEO) <ceo.office8@gmail.com>,,Quick favour,"Hi Olivia, I'm in a meeting and can't talk. I need you to buy 8 Google Play gift cards for a client today. Keep this confidential for now. Send me the codes once done. I'll reimburse you.

Sent from my iPhone",phish
sms,+917689702838,,,Congratulations! You have won $120.00 cashback from Google. Claim your reward now http://wdgaok.web.app/icici/login,phish
sms,+919477743721,,,"Hi, I am from Instagram HR. Part time job, earn Rs 5000 daily from home. WhatsApp +917384877561 for details.",phish
sms,AX-AMAZON,,,"Rs 1,250 debited from A/c XX8455 on 6-10-26 to UPI/AARAV. Not you? Call 18002586161. -Amazon",legit
email,Vikram Smith <recruiting@acmecorp.com>,,Interview schedule - Software Engineer,"Dear Aarav,

Thank you for applying to Acme Corp. We would like to invite you for a technical interview next week. Please pick a slot using the calendar link on our careers page https://acmecorp.com/careers. There is no fee at any stage of our hiring process.

Regards,
Talent team",legit
email,Netflix <no-reply@gmail.com>,,Work from home opportunity,"Dear Customer! Part time job available. Earn Rs 3,000 per day by liking YouTube videos. No experience needed. Contact our HR on Telegram or register here: http://login-amazon.com/account/update. Registration fee Rs 499 only.",phish
email,Amazon <billing@amazon.in>,,Payment received - thank you,"Hi David, we've received your payment of ₹10. Receipt number KpSotR02fP. No further action is needed.",legit
email,LinkedIn <billing@linkedin.com>,,Payment received - thank you,"Hi Emily, we've received your payment of Rs 499. Receipt number VlimyrtKTK. No further action is needed.",legit
sms,AX-AMAZON,,,Your Amazon order #9127990 has been delivered. Rate your experience in the Amazon app.,legit
sms,+919882081219,,,"Hi, I am from HDFC Bank HR. Part time job, earn Rs 5000 daily from home. WhatsApp +916361939909 for details.",phish
email,ICICI Bank Security <support@alerts824.support>,help@qqrucz.site,Action required: update your payment details,"Dear Account Holder, your recent payment could not be processed. Please update your billing information immediately to avoid service interruption. Update now: https://verify-apple.co",phish
email,HDFC Bank Security <admin@mail90.xyz>,,Work from home opportunity,"! Part time job available. Earn Rs 8,000 per day by liking YouTube videos. No experience needed. Contact our HR on Telegram or register here: https://tinyurl.com/AqFNkW. Registration fee Rs 499 only.",phish
email,Paytm Security <security@paytm.com>,,New sign-in to your account,"Hi Fatima, we noticed a new sign-in to your Paytm account from Chrome on Windows. If this was you, you don't need to do anything. If not, open the Paytm app or go to https://paytm.com/security to review your activity. We will never ask for your password by email.",legit
email,Admin <admin@instagram-service.click>,,Shared document: Q3_Salary_Revision.pdf,Lucas has shared a document with you via Dropbox. Sign in with your email password to view: https://getrefundonline.com/verify,phish
email,Flipkart Security <security@outlook.com>,,Action required: update your payment details,"Dear User, your recent payment could not be processed. Please update your billing information immediately to avoid service interruption. Update now: http://212.129.115.21/paytm/secure/confirm",phish
sms,AD-ICICIB,,,978875 is your OTP for login. Valid for 10 minutes. Do not share it with anyone. -ICICI Bank,legit
sms,BX-OFFER,,,"Dear Customer, your Amazon account will be blocked today. Update your KYC immediately: http://83.245.5.32/microsoft/account/update",phish
email,Newsletter <news@zoom.us>,,5 tips for better sleep,"Hello John, here's what's new this week. Read more at https://booking.com/blog/bowetm. You're receiving this because you subscribed. Unsubscribe any time.",legit
sms,VM-IRCTCI,,,"PNR 1754182771: Train 22997 confirmed, Coach B1 Berth 39. Happy journey.",legit
sms,JD-PAYTMB,,,163159 is your OTP for login. Valid for 10 minutes. Do not share it with anyone. -Paytm,legit
sms,+918211823793,,,"India Post: Your parcel is on hold due to incomplete address. Pay Rs 1,250 redelivery fee at https://amyhol.web.app/hdfc/wp-content/hdfc/index.html within 24 hrs.",phish
sms,VK-FLPKRT,,,Big Billion Days start tomorrow! Shop on the Flipkart app for deals on mobiles. T&C apply. To opt out reply STOP.,legit
email,Paytm <billing@paytm.com>,,Payment received - thank you,"Hi Sneha, we've received your payment of ₹10. Receipt number KN2gJs0ueN. No further action is needed.",legit
sms,+918818321928,,,"Hi, I am from DHL HR. Part time job, earn Rs 5000 daily from home. WhatsApp +918544518952 for details.",phish
sms,+919185076108,,,Congratulations! You have won ₹10 cashback from Netflix. Claim your reward now http://netflix-verify.co/signin.php,phish
email,Customer Service <admin@flipkart-billing.ru>,,Shared document: Q3_Salary_Revision.pdf,David has shared a document with you via Dropbox. Sign in with your email password to view: https://rb.gy/bavm3F,phish
sms,VM-DHLIND,,,Your DHL shipment 4731497646 is out for delivery today. Track: https://www.dhl.com/in-en/home/tracking.html,legit
sms,VM-DHLIND,,,Your DHL shipment 1642316544 is out for delivery today. Track: https://www.dhl.com/in-en/home/tracking.html,legit
email,Customer Service <no-reply@notify416.tk>,,Document review,"Dear Customer, we could not deliver your package because the address was incomplete. Please use the link below.
http://jalnvd.weebly.com/flipkart/login",phish
email,Kavya <arjun72@gmail.com>,,Dinner plans,Hey Vikram! You have to read this one. Call me later.,legit
email,Dropbox <service@piaydte.com>,,Tax refund notification,"Dear Valued Member, after the annual calculation of your fiscal activity, you are eligible to receive a tax refund of ₹15,000. Income Tax Department requires you to submit the refund request: https://is.gd/WgPy4C",phish
email,Fatima <lucas@nimbuslabs.com>,,Q3 report draft,"Hi Lucas,

Attaching the notes from today. Can you review the second section before our sync on Thursday? The shared folder is on https://nimbuslabs.com/wiki/Q3b0y.

Thanks,
Ananya",legit
email,LinkedIn Security <security@gagfubo.com>,,Shared document: Q3_Salary_Revision.pdf,Aarav has shared a document with you via OneDrive. Sign in with your email password to view: https://paypal-service-kyc.com/pay?ref=qpV8fBFV,phish
sms,+919226897531,,,"Mom, I lost my phone, this is my new number. Can you send Rs 1,250 urgently? I'll explain later.",phish
sms,BX-OFFER,,,Your Flipkart reward points worth $120.00 expire today! Redeem now: https://hbxedw.weebly.com/google/signin.php,phish
sms,+918687833918,,,"Mom, I lost my phone, this is my new number. Can you send ₹10 urgently? I'll explain later.",phish
sms,AX-AMAZON,,,Your Amazon order #0654326 has been delivered. Rate your experience in the Amazon app.,legit
sms,+918357228920,,,"Hi, I am from Google HR. Part time job, earn Rs 5000 daily from home. WhatsApp +919415780978 for details.",phish
sms,+917520788216,,,Congratulations! You have won $120.00 cashback from LinkedIn. Claim your reward now https://cutt.ly/5eJoNw,phish
email,HDFC Bank Security <admin@hdfcbank-billing.click>,,Congratulations! You've been selected,"Dear Account Holder, you have won a Rs 50,000 voucher in our annual customer draw! Claim your prize here https://tinyurl.com/VZ8D8n before it expires today. A small processing fee of ₹15,000 applies.",phish
email,LinkedIn <admin@linkedin-verify.com>,help@mevmpl.xyz,Your LinkedIn account has been suspended,"Dear Account Holder,

We detected unusual activity and your account has been temporarily suspended. To restore access, verify your account within 24 hours: https://apple.kyc.hsbhzm.xyz/170YjsaEtf

Failure to verify will result in permanent closure.

LinkedIn Security Team",phish
email,Amazon <no-reply@amazon.in>,,Verify your email address,"Hi Rohan, thanks for signing up! Please confirm this is your email address by entering the code 745271 in the app. If you didn't create an account, you can ignore this email.",legit
email,Lucas <fatima41@gmail.com>,,Happy birthday!,Hey Fatima! Here are the photos from last weekend. Miss you guys.,legit
sms,AX-AMAZON,,,"Dear Customer, your credit card statement is generated. Total due $49.99. Pay by 8th via app or netbanking to avoid late fee. -Amazon",legit
sms,VK-FLPKRT,,,Big Billion Days start tomorrow! Shop on the Flipkart app for deals on mobiles. T&C apply. To opt out reply STOP.,legit
email,Noah <fatima47@gmail.com>,,Dinner plans,Hey Priya! Are we still on for Saturday?. Call me later.,legit
sms,+918151092268,,,"Hi, I am from PayPal HR. Part time job, earn Rs 5000 daily from home. WhatsApp +918926249451 for details.",phish
email,ICICI Bank <statements@icicibank.com>,,Your monthly statement is ready,"Dear Noah,

Your statement for October is now available. Log in through our official website or app to view it. Amount due: Rs 1,250. Due date: 14th.

This is an automated message.",legit
sms,+919671052987,,,Can you send me the notes from class?,legit
email,Flipkart Security <security@hsuzcam.com>,,Invoice #338276 overdue,"Hello Meera,

Please find the overdue invoice attached. Kindly review and make payment at http://paytm-verify-service.tk to avoid late penalties.

Accounts Department",phish
email,Noah <noah@brightline.com>,,Re: project timeline,"Hi Chen,

Attaching the notes from today. Can you review the second section before our sync on Wednesday? The shared folder is on https://brightline.com/wiki/d6ZCd.

Thanks,
Noah",legit
sms,VK-NOTICE,,,"Mom, I lost my phone, this is my new number. Can you send Rs 499 urgently? I'll explain later.",phish
sms,+916596765612,,,"Flipkart: Unusual login detected. If this wasn't you, verify your account at http://hdfc-help-kyc.live/signin.php",phish
email,Sarah <olivia@orbitsystems.com>,,Notes from today's meeting,"Hi Sneha,

Attaching the notes from today. Can you review the second section before our sync on Wednesday? The shared folder is on https://orbitsystems.com/wiki/XbWgj.

Thanks,
Noah",legit
email,Microsoft Security <support@alerts263.ru>,,Congratulations! You've been selected,"Dear User, you have won a $1000 gift card in our annual customer draw! Claim your prize here http://hu0dj4zmr551.com/signin.php before it expires today. A small processing fee of Rs 25 applies.",phish
sms,+918588366079,,,"Congratulations! You have won ₹15,000 cashback from Netflix. Claim your reward now https://pmcpml.web.app/instagram/wp-content/instagram/index.html",phish
email,IT Helpdesk <it@kiteanalytics.com>,,Reminder: password expires in 3 days,"Hi Chen, your corporate password expires in 3 days. Please change it from your laptop using Ctrl+Alt+Del > Change password, or visit the internal portal https://sso.kiteanalytics.com. Contact the helpdesk on ext. 9254 if you need help.",legit
email,Google Support <admin@bxjaueg.com>,,Congratulations! You've been selected,"Dear Valued Member, you have won a iPhone 16 in our annual customer draw! Claim your prize here http://sbi.help.wpxkef.shop/wp-content/sbi/index.html before it expires today. A small processing fee of ₹15,000 applies.",phish
email,Google <no-reply@google.com>,,Verify your email address,"Hi Kavya, thanks for signing up! Please confirm this is your email address by entering the code 157961 in the app. If you didn't create an account, you can ignore this email.",legit
email,SBI <no-reply@sbi.co.in>,,Verify your email address,"Hi Rohan, thanks for signing up! Please confirm this is your email address by entering the code 655816 in the app. If you didn't create an account, you can ignore this email.",legit
sms,VM-DHLIND,,,"Dear Customer, your credit card statement is generated. Total due $49.99. Pay by 2th via app or netbanking to avoid late fee. -DHL",legit
sms,AX-AMAZON,,,Your Amazon order #8591565 has been delivered. Rate your experience in the Amazon app.,legit
email,Flipkart <no-reply@flipkart.com>,,Verify your email address,"Hi Chen, thanks for signing up! Please confirm this is your email address by entering the code 503172 in the app. If you didn't create an account, you can ignore this email.",legit
sms,AX-AMAZON,,,914015 is your OTP for login. Valid for 10 minutes. Do not share it with anyone. -Amazon,legit
email,Emily <michael67@gmail.com>,,Dinner plans,Hey Michael! Are we still on for Saturday?. Call me later.,legit
sms,VM-DHLIND,,,Your DHL shipment 6419785758 is out for delivery today. Track: https://www.dhl.com/in-en/home/tracking.html,legit
sms,BZ-SBIINB,,,165663 is your OTP for login. Valid for 10 minutes. Do not share it with anyone. -SBI,legit
sms,+918272959867,,,Your electricity connection will be disconnected tonight at 9:30 PM as previous bill was not updated. Contact officer +919705548990 immediately.,phish
sms,AX-AMAZON,,,Your Amazon order #3309584 has been delivered. Rate your experience in the Amazon app.,legit
sms,+919900192331,,,"Refund of $120.00 initiated for your order. To receive it, share the OTP sent to your phone with our agent or visit https://gorewardsonline.com/5q6GkIa6bY",phish
sms,BZ-SBIINB,,,"Dear Customer, your credit card statement is generated. Total due ₹15,000. Pay by 26th via app or netbanking to avoid late fee. -SBI",legit
email,Paytm Security <security@paytm.com>,,New sign-in to your account,"Hi Sarah, we noticed a new sign-in to your Paytm account from Chrome on Windows. If this was you, you don't need to do anything. If not, open the Paytm app or go to https://paytm.com/security to review your activity. We will never ask for your password by email.",legit
email,Netflix Security <admin@gmail.com>,,Shared document: Q3_Salary_Revision.pdf,Michael has shared a document with you via OneDrive. Sign in with your email password to view: http://amazon-kyc-alert.xyz/wp-content/amazon/index.html,phish
email,Flipkart Security <service@outlook.com>,,Congratulations! You've been selected,"Dear Valued Member, you have won a Rs 50,000 voucher in our annual customer draw! Claim your prize here http://dnjiwu.ngrok.io/flipkart/secure/confirm before it expires today. A small processing fee of Rs 1,250 applies.",phish
email,IT Helpdesk <it@orbitsystems.com>,,Reminder: password expires in 3 days,"Hi Lucas, your corporate password expires in 3 days. Please change it from your laptop using Ctrl+Alt+Del > Change password, or visit the internal portal https://sso.orbitsystems.com. Contact the helpdesk on ext. 7809 if you need help.",legit
sms,INFO,,,"Hi, I am from LinkedIn HR. Part time job, earn Rs 5000 daily from home. WhatsApp +916358727174 for details.",phish
email,IT Helpdesk <it@brightline.com>,,Reminder: password expires in 3 days,"Hi Rahul, your corporate password expires in 3 days. Please change it from your laptop using Ctrl+Alt+Del > Change password, or visit the internal portal https://sso.brightline.com. Contact the helpdesk on ext. 9334 if you need help.",legit
email,Amazon Support <security@mail827.xyz>,,Work from home opportunity,"Hi Rohan! Part time job available. Earn Rs 3,000 per day by liking YouTube videos. No experience needed. Contact our HR on Telegram or register here: http://godocscenter.com/AZH1FnhRci. Registration fee Rs 25 only.",phish
email,Vikram <rohan98@gmail.com>,,Dinner plans,Hey Lucas! You have to read this one. Miss you guys.,legit
email,Chen <meera65@gmail.com>,,Happy birthday!,Hey Chen! Here are the photos from last weekend. Talk soon!,legit
email,Michael <lucas79@gmail.com>,,Dinner plans,Hey Michael! Hope you have a great day. ,legit
sms,AX-AMAZON,,,Your Amazon order #2723869 has been delivered. Rate your experience in the Amazon app.,legit
sms,+917100643322,,,India Post: Your parcel is on hold due to incomplete address. Pay Rs 25 redelivery fee at https://rb.gy/uBKSMN within 24 hrs.,phish
sms,VK-FLPKRT,,,Big Billion Days start tomorrow! Shop on the Flipkart app for deals on mobiles. T&C apply. To opt out reply STOP.,legit
email,IT Helpdesk <it@zenithtech.com>,,Reminder: password expires in 3 days,"Hi Fatima, your corporate password expires in 3 days. Please change it from your laptop using Ctrl+Alt+Del > Change password, or visit the internal portal https://sso.zenithtech.com. Contact the helpdesk on ext. 7160 if you need help.",legit
email,Netflix <no-reply@gmail.com>,help@mlikde.info,Your mailbox is almost full,", a document needs your review. Please use the link below.
http://paypaa.live/secure/confirm",phish
email,Priya <john9@gmail.com>,,Dinner plans,Hey Emily! Here are the photos from last weekend. ,legit
sms,VM-HDFCBK,,,₹10 debited from A/c XX1577 on 13-10-26 to UPI/MICHAEL. Not you? Call 18001080. -HDFC Bank,legit
email,Instagram <no-reply@service122.top>,,KYC update pending,"Dear User, your Instagram KYC is pending. Your account will be blocked today. Update KYC by sharing your PAN and OTP at http://axuied.000webhostapp.com/flipkart/secure/confirm or reply with your card number.",phish
email,Fatima Sharma <recruiting@nimbuslabs.com>,,Interview schedule - Software Engineer,"Dear Vikram,

Thank you for applying to Nimbus Labs. We would like to invite you for a technical interview next week. Please pick a slot using the calendar link on our careers page https://nimbuslabs.com/careers. There is no fee at any stage of our hiring process.

Regards,
Talent team",legit
sms,AD-NFLIX,,,"Dear Customer, your credit card statement is generated. Total due ₹10. Pay by 10th via app or netbanking to avoid late fee. -Netflix",legit
email,Google <statements@google.com>,,Your monthly statement is ready,"Dear Olivia,

Your statement for August is now available. Log in through our official website or app to view it. Amount due: ₹10. Due date: 1th.

This is an automated message.",legit
email,IT Helpdesk <it@acmecorp.com>,,Reminder: password expires in 3 days,"Hi Meera, your corporate password expires in 3 days. Please change it from your laptop using Ctrl+Alt+Del > Change password, or visit the internal portal https://sso.acmecorp.com. Contact the helpdesk on ext. 7658 if you need help.",legit
email,SBI <no-reply@sbi.co.in>,,Your SBI order has shipped,"Hi Lucas,

Good news! Your order #038457620 has shipped and will arrive by Tuesday. You can track it any time at https://www.sbi.co.in/orders.

Thanks for shopping with us.",legit
sms,+918880971861,,,Your electricity connection will be disconnected tonight at 9:30 PM as previous bill was not updated. Contact officer +918229355459 immediately.,phish
sms,INFO,,,"Refund of Rs 499 initiated for your order. To receive it, share the OTP sent to your phone with our agent or visit http://netflix-billing-update.co/kyc",phish
sms,+919809882209,,,"Congratulations! You have won ₹2,999 cashback from Netflix. Claim your reward now http://144.219.13.131/icici/login",phish
email,LinkedIn <support@l1nkedin.com>,,KYC update pending,"Dear Account Holder, your LinkedIn KYC is pending. Your account will be blocked today. Update KYC by sharing your PAN and OTP at http://www.amazon.com@bprlwdkr.live/kyc or reply with your card number.",phish
email,Instagram Security <security@instagram.com>,,New sign-in to your account,"Hi Priya, we noticed a new sign-in to your Instagram account from Chrome on Windows. If this was you, you don't need to do anything. If not, open the Instagram app or go to https://instagram.com/security to review your activity. We will never ask for your password by email.",legit
email,Olivia <rohan@orbitsystems.com>,,Q3 report draft,"Hi Emily,

Attaching the notes from today. Can you review the second section before our sync on Thursday? The shared folder is on https://docs.google.com/document/d/ghFodMIvbo08s71q.

Thanks,
Kavya",legit
email,Admin <admin@netflix-verify.com>,help@czttuj.ru,Shared document: Q3_Salary_Revision.pdf,Emily has shared a document with you via DocuSign. Sign in with your email password to view: https://edocsnow.com/login,phish
sms,+916423302927,,,"Refund of Rs 25 initiated for your order. To receive it, share the OTP sent to your phone with our agent or visit https://154.151.96.5/paytm/zQP2Y1yJ4j",phish
sms,VM-DHLIND,,,Your DHL shipment 0369003432 is out for delivery today. Track: https://www.dhl.com/in-en/home/tracking.html,legit
sms,AD-ICICIB,,,"Dear Customer, your credit card statement is generated. Total due $49.99. Pay by 8th via app or netbanking to avoid late fee. -ICICI Bank",legit
email,PayPal <no-reply@paypal.com>,,Your PayPal order has shipped,"Hi Ananya,

Good news! Your order #192902215 has shipped and will arrive by Tuesday. You can track it any time at https://www.paypal.com/orders.

Thanks for shopping with us.",legit
email,SBI Support <no-reply@outlook.com>,,Action required: update your payment details,"Dear Valued Member, your recent payment could not be processed. Please update your billing information immediately to avoid service interruption. Update now: http://www.netflix.com@ahkzytod.site/wp-content/netflix/index.html",phish
sms,+919270661498,,,"Your Flipkart reward points worth ₹2,999 expire today! Redeem now: https://amazon.update.lmmfpo.support/wp-content/amazon/index.html",phish
sms,JD-PAYTMB,,,330000 is your OTP for login. Valid for 10 minutes. Do not share it with anyone. -Paytm,legit
sms,+916358690170,,,India Post: Your parcel is on hold due to incomplete address. Pay ₹10 redelivery fee at https://flipkart-auth-secure.site/verify within 24 hrs.,phish
email,HDFC Bank Security <security@hdfcbank.com>,,New sign-in to your account,"Hi Sneha, we noticed a new sign-in to your HDFC Bank account from Chrome on Windows. If this was you, you don't need to do anything. If not, open the HDFC Bank app or go to https://hdfcbank.com/security to review your activity. We will never ask for your password by email.",legit
sms,VM-IRCTCI,,,"PNR 2418623690: Train 13586 confirmed, Coach B4 Berth 24. Happy journey.",legit
sms,VM-IRCTCI,,,"PNR 6983451502: Train 15241 confirmed, Coach B2 Berth 67. Happy journey.",legit
sms,VM-DHLIND,,,Your DHL shipment 2022305975 is out for delivery today. Track: https://www.dhl.com/in-en/home/tracking.html,legit
email,ICICI Bank Security <admin@notify946.tk>,,Your ICICI Bank account has been suspended,"Dear Valued Member,

We detected unusual activity and your account has been temporarily suspended. To restore access, verify your account within 24 hours: https://sb1.net/signin.php

Failure to verify will result in permanent closure.

ICICI Bank Security Team",phish
sms,VM-HDFCBK,,,"Dear Customer, your credit card statement is generated. Total due $49.99. Pay by 27th via app or netbanking to avoid late fee. -HDFC Bank",legit
sms,+918678630381,,,Your Paytm reward points worth Rs 25 expire today! Redeem now: https://rb.gy/n3KgOc,phish
email,LinkedIn <statements@linkedin.com>,,Your monthly statement is ready,"Dear Arjun,

Your statement for August is now available. Log in through our official website or app to view it. Amount due: $49.99. Due date: 9th.

This is an automated message.",legit
sms,VK-FLPKRT,,,Big Billion Days start tomorrow! Shop on the Flipkart app for deals on mobiles. T&C apply. To opt out reply STOP.,legit
sms,VK-FLPKRT,,,Big Billion Days start tomorrow! Shop on the Flipkart app for deals on mobiles. T&C apply. To opt out reply STOP.,legit
sms,BX-OFFER,,,"Dear Customer, your LinkedIn account will be blocked today. Update your KYC immediately: https://gorewardsonline.com/signin.php",phish
email,Instagram <security@vgsjlob.com>,,Invoice #943804 overdue,"Dear Account Holder,

Please find the overdue invoice attached. Kindly review and make payment at https://linkedin-support-login.online/verify to avoid late penalties.

Accounts Department",phish
sms,+919682121564,,,"Google: Unusual login detected. If this wasn't you, verify your account at https://dropbox-online.info/signin.php",phish
email,Amazon <no-reply@amazon.in>,,Your Amazon order has shipped,"Hi Olivia,

Good news! Your order #302520945 has shipped and will arrive by Monday. You can track it any time at https://www.amazon.in/orders.

Thanks for shopping with us.",legit
sms,VM-IRCTCI,,,"PNR 6578130499: Train 15658 confirmed, Coach B1 Berth 39. Happy journey.",legit
email,DHL <no-reply@dhl.com>,,Your DHL order has shipped,"Hi John,

Good news! Your order #788369223 has shipped and will arrive by Monday. You can track it any time at https://www.dhl.com/orders.

Thanks for shopping with us.",legit
email,Instagram <no-reply@instagram.com>,,Verify your email address,"Hi Chen, thanks for signing up! Please confirm this is your email address by entering the code 067065 in the app. If you didn't create an account, you can ignore this email.",legit
sms,BX-OFFER,,,Your Apple reward points worth Rs 25 expire today! Redeem now: https://tinyurl.com/Db2kIM,phish
sms,INFO,,,Your electricity connection will be disconnected tonight at 9:30 PM as previous bill was not updated. Contact officer +919230342028 immediately.,phish
email,Admin <service@vrujzst.com>,help@fsqccg.xyz,KYC update pending,"Dear Customer, your PayPal KYC is pending. Your account will be blocked today. Update KYC by sharing your PAN and OTP at https://cutt.ly/mb5zj0 or reply with your card number.",phish
email,Customer Service <service@netflix-support.xyz>,,Tax refund notification,"Hi Kavya, after the annual calculation of your fiscal activity, you are eligible to receive a tax refund of Rs 25. Income Tax Department requires you to submit the refund request: http://248.38.189.188/google",phish
email,Newsletter <news@ola.com>,,5 tips for better sleep,"Hello Chen, here's what's new this week. Read more at https://notion.so/blog/hqzkuv. You're receiving this because you subscribed. Unsubscribe any time.",legit
sms,+919606751414,,,"Refund of ₹15,000 initiated for your order. To receive it, share the OTP sent to your phone with our agent or visit https://verify-paypal.co/verify",phish
email,Customer Service <no-reply@outlook.com>,help@pwvqcs.shop,Tax refund notification,"Dear Customer, after the annual calculation of your fiscal activity, you are eligible to receive a tax refund of Rs 499. Income Tax Department requires you to submit the refund request: http://www.instagram.com@fzgeglrl.live/kyc",phish
sms,+916800463580,,,Congratulations! You have won Rs 25 cashback from Google. Claim your reward now http://192.231.147.139/paypal/kyc,phish
sms,VM-IRCTCI,,,"PNR 2080598312: Train 22921 confirmed, Coach B3 Berth 35. Happy journey.",legit
email,IT Helpdesk <it@acmecorp.com>,,Reminder: password expires in 3 days,"Hi Chen, your corporate password expires in 3 days. Please change it from your laptop using Ctrl+Alt+Del > Change password, or visit the internal portal https://sso.acmecorp.com. Contact the helpdesk on ext. 9819 if you need help.",legit
sms,+918095140501,,,Happy birthday!! Party tonight?,legit
sms,+918217680126,,,"Dear Customer, your Netflix account will be blocked today. Update your KYC immediately: http://auth-linkedin.net/secure/confirm",phish
email,Amazon <statements@amazon.in>,,Your monthly statement is ready,"Dear Rohan,

Your statement for October is now available. Log in through our official website or app to view it. Amount due: $120.00. Due date: 27th.

This is an automated message.",legit
sms,VK-FLPKRT,,,Big Billion Days start tomorrow! Shop on the Flipkart app for deals on mobiles. T&C apply. To opt out reply STOP.,legit
sms,AD-NFLIX,,,368605 is your OTP for login. Valid for 10 minutes. Do not share it with anyone. -Netflix,legit
email,Priya <aarav@orbitsystems.com>,,Re: project timeline,"Hi Michael,

Attaching the notes from today. Can you review the second section before our sync on Thursday? The shared folder is on https://docs.google.com/document/d/haJf0smxyYfsd6Up.

Thanks,
Rohan",legit
email,Customer Service <support@hdfcbank-verify.com>,,Document review,"Dear User, a document needs your review. Please use the link below.
https://edocsnow.com/secure/confirm",phish
email,PayPal <statements@paypal.com>,,Your monthly statement is ready,"Dear Emily,

Your statement for October is now available. Log in through our official website or app to view it. Amount due: $120.00. Due date: 23th.

This is an automated message.",legit
email,SBI <no-reply@sbi.co.in>,,Your SBI order has shipped,"Hi John,

Good news! Your order #198575473 has shipped and will arrive by Friday. You can track it any time at https://www.sbi.co.in/orders.

Thanks for shopping with us.",legit
sms,AX-AMAZON,,,Your Amazon order #1372138 has been delivered. Rate your experience in the Amazon app.,legit
email,Fatima Sharma <recruiting@zenithtech.com>,,Interview schedule - Software Engineer,"Dear Sarah,

Thank you for applying to Zenith Tech. We would like to invite you for a technical interview next week. Please pick a slot using the calendar link on our careers page https://zenithtech.com/careers. There is no fee at any stage of our hiring process.

Regards,
Talent team",legit
email,Flipkart <security@mail326.top>,,Congratulations! You've been selected,"Hi Aarav, you have won a $1000 gift card in our annual customer draw! Claim your prize here https://www.instagram.com@vhhnddxh.site before it expires today. A small processing fee of ₹2,999 applies.",phish
sms,VK-FLPKRT,,,Big Billion Days start tomorrow! Shop on the Flipkart app for deals on mobiles. T&C apply. To opt out reply STOP.,legit
sms,VK-FLPKRT,,,097018 is your OTP for login. Valid for 10 minutes. Do not share it with anyone. -Flipkart,legit
email,PayPal Support <security@lchiemd.com>,,KYC update pending,"Dear Account Holder, your PayPal KYC is pending. Your account will be blocked today. Update KYC by sharing your PAN and OTP at https://amazon-billing-verify.ru/signin.php or reply with your card number.",phish
email,HDFC Bank Security <security@hdfcbank.com>,,New sign-in to your account,"Hi Rahul, we noticed a new sign-in to your HDFC Bank account from Chrome on Windows. If this was you, you don't need to do anything. If not, open the HDFC Bank app or go to https://hdfcbank.com/security to review your activity. We will never ask for your password by email.",legit
email,Olivia Smith (CEO) <ceo.office70@gmail.com>,,Quick favour,"Hi Olivia, I'm in a meeting and can't talk. I need you to buy 8 Google Play gift cards for a client today. Keep this confidential for now. Send me the codes once done. I'll reimburse you.

Sent from my iPhone",phish
email,Admin <no-reply@extcqif.com>,,Tax refund notification,"Dear Account Holder, after the annual calculation of your fiscal activity, you are eligible to receive a tax refund of Rs 1,250. Income Tax Department requires you to submit the refund request: https://chnyrr.firebaseapp.com/dropbox/QiKpnXS0gn",phish
sms,+919015522641,,,Your electricity connection will be disconnected tonight at 9:30 PM as previous bill was not updated. Contact officer +917465529578 immediately.,phish
sms,AX-AMAZON,,,Your Amazon order #8276958 has been delivered. Rate your experience in the Amazon app.,legit
sms,VM-DHLIND,,,590473 is your OTP for login. Valid for 10 minutes. Do not share it with anyone. -DHL,legit
sms,+919183085800,,,"Mom, I lost my phone, this is my new number. Can you send Rs 1,250 urgently? I'll explain later.",phish
email,LinkedIn Security <security@ypnokla.com>,,Your LinkedIn account has been suspended,"Dear Account Holder,

We detected unusual activity and your account has been temporarily suspended. To restore access, verify your account within 24 hours: https://www.dhl.com@qitaheco.tk/signin.php

Failure to verify will result in permanent closure.

LinkedIn Security Team",phish
email,Netflix Security <admin@netflix-verify.com>,,Your Netflix account has been suspended,"Dear Customer,

We detected unusual activity and your account has been temporarily suspended. To restore access, verify your account within 24 hours: http://cqibmg.ngrok.io/icici/secure/confirm

Failure to verify will result in permanent closure.

Netflix Security Team",phish
email,Michael Khan <recruiting@brightline.com>,,Interview schedule - Software Engineer,"Dear Vikram,

Thank you for applying to Brightline. We would like to invite you for a technical interview next week. Please pick a slot using the calendar link on our careers page https://brightline.com/careers. There is no fee at any stage of our hiring process.

Regards,
Talent team",legit
sms,VK-NOTICE,,,Congratulations! You have won Rs 25 cashback from ICICI Bank. Claim your reward now http://www.hdfc.com@iokkkeno.info/BAwz2clomz,phish
email,IT Helpdesk <it@orbitsystems.com>,,Reminder: password expires in 3 days,"Hi Arjun, your corporate password expires in 3 days. Please change it from your laptop using Ctrl+Alt+Del > Change password, or visit the internal portal https://sso.orbitsystems.com. Contact the helpdesk on ext. 8466 if you need help.",legit
sms,VM-DHLIND,,,222097 is your OTP for login. Valid for 10 minutes. Do not share it with anyone. -DHL,legit
email,Apple Support <no-reply@apple-login.online>,,Congratulations! You've been selected,"Dear Valued Member, you have won a free trip in our annual customer draw! Claim your prize here https://netflix-login-service.net/verify before it expires today. A small processing fee of Rs 25 applies.",phish
email,Apple Support <no-reply@apple-update.support>,,Congratulations! You've been selected,"Dear User, you have won a $1000 gift card in our annual customer draw! Claim your prize here http://billing-amazon.co before it expires today. A small processing fee of ₹2,999 applies.",phish
email,Instagram <service@mail935.top>,,Your mailbox is almost full,"Hello Vikram, we could not deliver your package because the address was incomplete. Please use the link below.
http://microsoft.auth.wygrdk.click",phish
email,DHL <no-reply@dhl.com>,,Your DHL order has shipped,"Hi Noah,

Good news! Your order #213556909 has shipped and will arrive by Monday. You can track it any time at https://www.dhl.com/orders.

Thanks for shopping with us.",legit
email,Arjun <chen@orbitsystems.com>,,Re: project timeline,"Hi Emily,

Attaching the notes from today. Can you review the second section before our sync on Thursday? The shared folder is on https://docs.google.com/document/d/wd0TFDwWTjwT3PDj.

Thanks,
Sneha",legit
email,LinkedIn <no-reply@linkedin-billing.online>,,Invoice #506158 overdue,"Dear Account Holder,

Please find the overdue invoice attached. Kindly review and make payment at https://58.39.72.156/dropbox/signin.php to avoid late penalties.

Accounts Department",phish
sms,VM-IRCTCI,,,"PNR 1684552527: Train 22117 confirmed, Coach B3 Berth 10. Happy journey.",legit
sms,+916589016492,,,Happy birthday!! Party tonight?,legit
sms,AD-ALERTS,,,"Mom, I lost my phone, this is my new number. Can you send Rs 1,250 urgently? I'll explain later.",phish
email,Newsletter <news@nptel.ac.in>,,5 tips for better sleep,"Hello Priya, here's what's new this week. Read more at https://uber.com/blog/ogqloy. You're receiving this because you subscribed. Unsubscribe any time.",legit
email,Ananya <meera@nimbuslabs.com>,,Lunch on Friday?,"Hi Sarah,

Attaching the notes from today. Can you review the second section before our sync on Thursday? The shared folder is on https://nimbuslabs.com/wiki/1Fe6g.

Thanks,
Ananya",legit
sms,+918213760375,,,Congratulations! You have won $49.99 cashback from SBI. Claim your reward now https://www.google.com@jwoyqpxd.com/secure/confirm,phish
sms,VK-FLPKRT,,,Big Billion Days start tomorrow! Shop on the Flipkart app for deals on mobiles. T&C apply. To opt out reply STOP.,legit
email,Customer Service <service@outlook.com>,,Action required: update your payment details,"Dear Account Holder, your recent payment could not be processed. Please update your billing information immediately to avoid service interruption. Update now: https://secure-paytm.co/wp-content/paytm/index.html",phish
sms,AD-NFLIX,,,"Dear Customer, your credit card statement is generated. Total due $49.99. Pay by 9th via app or netbanking to avoid late fee. -Netflix",legit
sms,VK-FLPKRT,,,Big Billion Days start tomorrow! Shop on the Flipkart app for deals on mobiles. T&C apply. To opt out reply STOP.,legit
email,Newsletter <news@slack.com>,,Your weekly digest,"Hello David, here's what's new this week. Read more at https://swiggy.com/blog/zstuko. You're receiving this because you subscribed. Unsubscribe any time.",legit
email,Instagram <billing@instagram.com>,,Payment received - thank you,"Hi Meera, we've received your payment of Rs 25. Receipt number BGtDcZFPjy. No further action is needed.",legit
sms,+916039773973,,,"Hi, I am from PayPal HR. Part time job, earn Rs 5000 daily from home. WhatsApp +917781952371 for details.",phish
sms,+918910385242,,,Your electricity connection will be disconnected tonight at 9:30 PM as previous bill was not updated. Contact officer +919622155963 immediately.,phish
email,Instagram <statements@instagram.com>,,Your monthly statement is ready,"Dear Chen,

Your statement for September is now available. Log in through our official website or app to view it. Amount due: Rs 25. Due date: 16th.

This is an automated message.",legit
email,PayPal Security <service@papal.com>,help@dihqxq.ru,Invoice #529096 overdue,"Dear Customer,

Please find the overdue invoice attached. Kindly review and make payment at http://203.97.19.115/paytm/account/update to avoid late penalties.

Accounts Department",phish
email,ICICI Bank Security <security@icicibank.com>,,New sign-in to your account,"Hi Michael, we noticed a new sign-in to your ICICI Bank account from Chrome on Windows. If this was you, you don't need to do anything. If not, open the ICICI Bank app or go to https://icicibank.com/security to review your activity. We will never ask for your password by email.",legit
email,Customer Service <admin@alerts774.top>,help@vfnuul.live,Work from home opportunity,"Dear Account Holder! Part time job available. Earn Rs 5,000 per day by liking YouTube videos. No experience needed. Contact our HR on Telegram or register here: https://ecumae.firebaseapp.com/instagram/account/update. Registration fee ₹2,999 only.",phish
sms,+917508261123,,,"Mom, I lost my phone, this is my new number. Can you send Rs 1,250 urgently? I'll explain later.",phish
sms,+919603098051,,,"Refund of ₹15,000 initiated for your order. To receive it, share the OTP sent to your phone with our agent or visit http://amazon.kyc.yanfrx.shop",phish
email,Customer Service <security@apple-kyc.live>,,Tax refund notification,"Dear Customer, after the annual calculation of your fiscal activity, you are eligible to receive a tax refund of $120.00. Income Tax Department requires you to submit the refund request: https://193.37.217.109/linkedin/pay?ref=fpCCURZh",phish
email,Newsletter <news@coursera.org>,,5 tips for better sleep,"Hello Kavya, here's what's new this week. Read more at https://swiggy.com/blog/ogcvgo. You're receiving this because you subscribed. Unsubscribe any time.",legit
sms,VM-DHLIND,,,Your DHL shipment 6133155530 is out for delivery today. Track: https://www.dhl.com/in-en/home/tracking.html,legit
sms,AX-AMAZON,,,Your Amazon order #1591832 has been delivered. Rate your experience in the Amazon app.,legit
email,Paytm Support <support@p4ytm.com>,,Shared document: Q3_Salary_Revision.pdf,Sneha has shared a document with you via OneDrive. Sign in with your email password to view: https://paytm.billing.pdznpj.click/signin.php,phish
email,LinkedIn Security <service@gmail.com>,,Action required: update your payment details,"Dear User, your recent payment could not be processed. Please update your billing information immediately to avoid service interruption. Update now: http://p2cdrf5t.com/verify",phish
sms,+917041064960,,,Congratulations! You have won ₹10 cashback from Dropbox. Claim your reward now https://dropbox-verify.support/kyc,phish
sms,VM-IRCTCI,,,"PNR 3244896846: Train 10567 confirmed, Coach B3 Berth 15. Happy journey.",legit
email,Admin <security@notify339.click>,,Invoice #161209 overdue,"Dear User,

Please find the overdue invoice attached. Kindly review and make payment at https://icici-auth-secure.support to avoid late penalties.

Accounts Department",phish
email,Admin <admin@linkedin-verify.com>,,KYC update pending,"Dear Customer, your LinkedIn KYC is pending. Your account will be blocked today. Update KYC by sharing your PAN and OTP at https://icicis.online/secure/confirm or reply with your card number.",phish
sms,JD-PAYTMB,,,409414 is your OTP for login. Valid for 10 minutes. Do not share it with anyone. -Paytm,legit
sms,VK-NOTICE,,,"Hi, I am from Amazon HR. Part time job, earn Rs 5000 daily from home. WhatsApp +916005347491 for details.",phish
sms,+916499525359,,,India Post: Your parcel is on hold due to incomplete address. Pay $120.00 redelivery fee at https://cutt.ly/x6wPQb within 24 hrs.,phish
email,Newsletter <news@github.com>,,Your weekly digest,"Hello Meera, here's what's new this week. Read more at https://zoom.us/blog/nvwovl. You're receiving this because you subscribed. Unsubscribe any time.",legit
sms,+916559450119,,,"Flipkart: Unusual login detected. If this wasn't you, verify your account at http://yq818pz92t6y.com/account/update",phish
email,SBI <support@sbi-verify.com>,,Document review,"Hi Aarav, a document needs your review. Please use the link below.
https://instagram-online.online/account/update",phish
sms,VK-FLPKRT,,,Big Billion Days start tomorrow! Shop on the Flipkart app for deals on mobiles. T&C apply. To opt out reply STOP.,legit
sms,VM-DHLIND,,,Your DHL shipment 8243648517 is out for delivery today. Track: https://www.dhl.com/in-en/home/tracking.html,legit
sms,+917450882100,,,"Refund of Rs 25 initiated for your order. To receive it, share the OTP sent to your phone with our agent or visit https://dropbox-verify.ru/signin.php",phish
email,Customer Service <admin@paypal-verify.com>,help@qcvukq.tk,Your PayPal account has been suspended,"Dear Valued Member,

We detected unusual activity and your account has been temporarily suspended. To restore access, verify your account within 24 hours: http://241.117.238.169/sbi

Failure to verify will result in permanent closure.

PayPal Security Team",phish
sms,+919604432400,,,Can you send me the notes from class?,legit
sms,VM-DHLIND,,,"Dear Customer, your credit card statement is generated. Total due ₹10. Pay by 22th via app or netbanking to avoid late fee. -DHL",legit
email,IT Helpdesk <it@acmecorp.com>,,Reminder: password expires in 3 days,"Hi Rahul, your corporate password expires in 3 days. Please change it from your laptop using Ctrl+Alt+Del > Change password, or visit the internal portal https://sso.acmecorp.com. Contact the helpdesk on ext. 7044 if you need help.",legit
email,Newsletter <news@slack.com>,,New courses this month,"Hello Aarav, here's what's new this week. Read more at https://galgotiasuniversity.edu.in/blog/wlhvai. You're receiving this because you subscribed. Unsubscribe any time.",legit
sms,+919657692778,,,Happy birthday!! Party tonight?,legit
email,Sneha <sneha@kiteanalytics.com>,,Re: project timeline,"Hi Sneha,

Attaching the notes from today. Can you review the second section before our sync on Thursday? The shared folder is on https://docs.google.com/document/d/gi6lchNUcCiUvQV7.

Thanks,
Noah",legit
sms,+919162172048,,,"Mom, I lost my phone, this is my new number. Can you send Rs 25 urgently? I'll explain later.",phish
sms,INFO,,,"Dear Customer, your DHL account will be blocked today. Update your KYC immediately: http://209.133.51.219/microsoft/account/update",phish
sms,INFO,,,Congratulations! You have won $120.00 cashback from ICICI Bank. Claim your reward now https://amazon.alert.ncvngu.com/signin.php,phish
email,Instagram <no-reply@instagram.com>,,Verify your email address,"Hi Priya, thanks for signing up! Please confirm this is your email address by entering the code 839205 in the app. If you didn't create an account, you can ignore this email.",legit
email,Amazon Security <support@gmail.com>,,KYC update pending,"Dear Customer, your Amazon KYC is pending. Your account will be blocked today. Update KYC by sharing your PAN and OTP at https://apple-in.xyz or reply with your card number.",phish
sms,VM-IRCTCI,,,"PNR 8584311621: Train 10972 confirmed, Coach B6 Berth 52. Happy journey.",legit
email,Microsoft <no-reply@microsoft.com>,,Verify your email address,"Hi Chen, thanks for signing up! Please confirm this is your email address by entering the code 986818 in the app. If you didn't create an account, you can ignore this email.",legit
email,PayPal <billing@paypal.com>,,Payment received - thank you,"Hi Olivia, we've received your payment of Rs 499. Receipt number Za3Up0dedi. No further action is needed.",legit
sms,+918013320344,,,"Mom, I lost my phone, this is my new number. Can you send $120.00 urgently? I'll explain later.",phish
sms,VM-DHLIND,,,Your DHL shipment 6528092428 is out for delivery today. Track: https://www.dhl.com/in-en/home/tracking.html,legit
sms,+918742963641,,,Call me when you're free,legit
sms,+919316460664,,,"Refund of ₹15,000 initiated for your order. To receive it, share the OTP sent to your phone with our agent or visit http://151.39.7.12/google/wp-content/google/index.html",phish
email,Instagram <no-reply@instagram.com>,,Verify your email address,"Hi Priya, thanks for signing up! Please confirm this is your email address by entering the code 053833 in the app. If you didn't create an account, you can ignore this email.",legit
sms,VM-IRCTCI,,,"PNR 5984607456: Train 12578 confirmed, Coach B6 Berth 41. Happy journey.",legit
email,Microsoft <admin@outlook.com>,help@kqgxoz.site,Shared document: Q3_Salary_Revision.pdf,John has shared a document with you via DocuSign. Sign in with your email password to view: https://hdfc.account.sxccbx.info/wp-content/hdfc/index.html,phish
email,Meera <lucas@kiteanalytics.com>,,Q3 report draft,"Hi Lucas,

Attaching the notes from today. Can you review the second section before our sync on Thursday? The shared folder is on https://kiteanalytics.com/wiki/I8B96.

Thanks,
Priya",legit
email,Netflix <support@service902.co>,help@dwmqda.tk,Invoice #065772 overdue,"Dear Valued Member,

Please find the overdue invoice attached. Kindly review and make payment at http://microsoft-verify.support/signin.php to avoid late penalties.

Accounts Department",phish
email,SBI <service@hpbwbxw.com>,,Work from home opportunity,"Dear Customer! Part time job available. Earn Rs 5,000 per day by liking YouTube videos. No experience needed. Contact our HR on Telegram or register here: https://netflix.auth.dxkqjl.support/verify. Registration fee ₹15,000 only.",phish
email,Newsletter <news@galgotiasuniversity.edu.in>,,New courses this month,"Hello Sneha, here's what's new this week. Read more at https://swiggy.com/blog/sxsyqi. You're receiving this because you subscribed. Unsubscribe any time.",legit
sms,+916880683112,,,"Refund of Rs 1,250 initiated for your order. To receive it, share the OTP sent to your phone with our agent or visit https://login-dhl.co/B8OgfMw3rc",phish
email,IT Helpdesk <it@orbitsystems.com>,,Reminder: password expires in 3 days,"Hi Kavya, your corporate password expires in 3 days. Please change it from your laptop using Ctrl+Alt+Del > Change password, or visit the internal portal https://sso.orbitsystems.com. Contact the helpdesk on ext. 5849 if you need help.",legit
sms,+917077366758,,,Your Instagram reward points worth $120.00 expire today! Redeem now: http://www.icici.com@oihexbyb.info/signin.php,phish
email,LinkedIn <support@outlook.com>,,Delivery attempt failed,"Dear Valued Member, a document needs your review. Please use the link below.
http://instagram-billing-verify.net/secure/confirm",phish
email,Lucas <aarav78@gmail.com>,,Dinner plans,Hey Lucas! Here are the photos from last weekend. Call me later.,legit
email,ICICI Bank <billing@icicibank.com>,,Payment received - thank you,"Hi Aarav, we've received your payment of $120.00. Receipt number 9HR9cg6IOw. No further action is needed.",legit
sms,JD-PAYTMB,,,962821 is your OTP for login. Valid for 10 minutes. Do not share it with anyone. -Paytm,legit
sms,BX-OFFER,,,"Your Microsoft reward points worth ₹15,000 expire today! Redeem now: https://paypao.xyz/ueeREOT1r2",phish
sms,+918393543586,,,"Refund of $49.99 initiated for your order. To receive it, share the OTP sent to your phone with our agent or visit http://google.alert.ciuiij.com/pay?ref=iEvfSFvI",phish
email,SBI <no-reply@sbi.co.in>,,Verify your email address,"Hi Lucas, thanks for signing up! Please confirm this is your email address by entering the code 245569 in the app. If you didn't create an account, you can ignore this email.",legit
email,Google <no-reply@google.com>,,Verify your email address,"Hi Aarav, thanks for signing up! Please confirm this is your email address by entering the code 643583 in the app. If you didn't create an account, you can ignore this email.",legit
sms,AX-AMAZON,,,Your Amazon order #2445565 has been delivered. Rate your experience in the Amazon app.,legit
sms,AD-ALERTS,,,"Mom, I lost my phone, this is my new number. Can you send $120.00 urgently? I'll explain later.",phish
email,IT Helpdesk <it@acmecorp.com>,,Reminder: password expires in 3 days,"Hi Meera, your corporate password expires in 3 days. Please change it from your laptop using Ctrl+Alt+Del > Change password, or visit the internal portal https://sso.acmecorp.com. Contact the helpdesk on ext. 2222 if you need help.",legit
sms,AX-AMAZON,,,Your Amazon order #4055525 has been delivered. Rate your experience in the Amazon app.,legit
sms,VM-DHLIND,,,Your DHL shipment 7557522501 is out for delivery today. Track: https://www.dhl.com/in-en/home/tracking.html,legit
email,Admin <support@g0ogle.com>,,Invoice #428907 overdue,"Dear Valued Member,

Please find the overdue invoice attached. Kindly review and make payment at http://icici-verify.xyz/aBHuNbYWZU to avoid late penalties.

Accounts Department",phish
sms,+918149782661,,,"Refund of ₹2,999 initiated for your order. To receive it, share the OTP sent to your phone with our agent or visit http://tl1uimqi0.info/verify",phish
sms,+916649828385,,,"Hi, I am from Dropbox HR. Part time job, earn Rs 5000 daily from home. WhatsApp +919477656590 for details.",phish
sms,VM-DHLIND,,,Your DHL shipment 2474517123 is out for delivery today. Track: https://www.dhl.com/in-en/home/tracking.html,legit
email,IT Helpdesk <it@brightline.com>,,Reminder: password expires in 3 days,"Hi Michael, your corporate password expires in 3 days. Please change it from your laptop using Ctrl+Alt+Del > Change password, or visit the internal portal https://sso.brightline.com. Contact the helpdesk on ext. 2879 if you need help.",legit
email,LinkedIn <statements@linkedin.com>,,Your monthly statement is ready,"Dear Fatima,

Your statement for August is now available. Log in through our official website or app to view it. Amount due: Rs 25. Due date: 4th.

This is an automated message.",legit
sms,JD-PAYTMB,,,"Dear Customer, your credit card statement is generated. Total due Rs 499. Pay by 27th via app or netbanking to avoid late fee. -Paytm",legit
sms,+919360385528,,,"Dear Customer, your Paytm account will be blocked today. Update your KYC immediately: https://67.34.92.240/hdfc",phish
sms,+918540193802,,,"Mom, I lost my phone, this is my new number. Can you send Rs 25 urgently? I'll explain later.",phish
email,PayPal <no-reply@paypal.com>,,Verify your email address,"Hi Aarav, thanks for signing up! Please confirm this is your email address by entering the code 812532 in the app. If you didn't create an account, you can ignore this email.",legit
sms,JD-PAYTMB,,,"Dear Customer, your credit card statement is generated. Total due ₹15,000. Pay by 2th via app or netbanking to avoid late fee. -Paytm",legit
sms,AX-AMAZON,,,Your Amazon order #6713684 has been delivered. Rate your experience in the Amazon app.,legit
email,DHL <no-reply@dhl.com>,,Verify your email address,"Hi Aarav, thanks for signing up! Please confirm this is your email address by entering the code 143192 in the app. If you didn't create an account, you can ignore this email.",legit
email,Customer Service <security@service440.online>,help@sruulf.tk,Shared document: Q3_Salary_Revision.pdf,Michael has shared a document with you via OneDrive. Sign in with your email password to view: http://flipkart.account.jtonza.top/kyc,phish
email,Newsletter <news@spotify.com>,,This week's top stories,"Hello Sneha, here's what's new this week. Read more at https://spotify.com/blog/rnymcg. You're receiving this because you subscribed. Unsubscribe any time.",legit
sms,VK-FLPKRT,,,Big Billion Days start tomorrow! Shop on the Flipkart app for deals on mobiles. T&C apply. To opt out reply STOP.,legit
email,Customer Service <security@alerts63.net>,,Invoice #679120 overdue,"Dear Account Holder,

Please find the overdue invoice attached. Kindly review and make payment at http://update-netflix.co/6xHicEjZgz to avoid late penalties.

Accounts Department",phish
sms,VM-DHLIND,,,"Dear Customer, your credit card statement is generated. Total due Rs 25. Pay by 1th via app or netbanking to avoid late fee. -DHL",legit
sms,+916062551517,,,Your electricity connection will be disconnected tonight at 9:30 PM as previous bill was not updated. Contact officer +919519378495 immediately.,phish
sms,+917497296970,,,"Hi, I am from PayPal HR. Part time job, earn Rs 5000 daily from home. WhatsApp +916003434499 for details.",phish
sms,+916017078129,,,India Post: Your parcel is on hold due to incomplete address. Pay $49.99 redelivery fee at http://132.156.125.184/icici/kyc within 24 hrs.,phish
email,Rahul <vikram@brightline.com>,,Re: project timeline,"Hi Chen,

Attaching the notes from today. Can you review the second section before our sync on Thursday? The shared folder is on https://brightline.com/wiki/g3MD4.

Thanks,
Emily",legit
email,Amazon <no-reply@amazon.in>,,Your Amazon order has shipped,"Hi Michael,

Good news! Your order #232710732 has shipped and will arrive by Tuesday. You can track it any time at https://www.amazon.in/orders.

Thanks for shopping with us.",legit
sms,+919087821160,,,"Congratulations! You have won ₹2,999 cashback from Apple. Claim your reward now http://netflix-auth-billing.co/QLMsLK6hNC",phish
email,Admin <admin@yvmlbrw.com>,,Tax refund notification,"Hello Arjun, after the annual calculation of your fiscal activity, you are eligible to receive a tax refund of Rs 25. Income Tax Department requires you to submit the refund request: http://netflia.com/kyc",phish
sms,+917540149384,,,"Mom, I lost my phone, this is my new number. Can you send ₹10 urgently? I'll explain later.",phish
sms,+919305886810,,,"Refund of ₹2,999 initiated for your order. To receive it, share the OTP sent to your phone with our agent or visit http://gorewardsonline.com/login",phish
sms,AX-AMAZON,,,Your Amazon order #5434123 has been delivered. Rate your experience in the Amazon app.,legit
sms,+916769657765,,,"HDFC Bank: Unusual login detected. If this wasn't you, verify your account at https://getrefundcenter.com/account/update",phish
email,LinkedIn Support <no-reply@notify627.com>,,Delivery attempt failed,"Hi Michael, we could not deliver your package because the address was incomplete. Please use the link below.
http://awxewm.web.app/google/account/update",phish
sms,JD-PAYTMB,,,198038 is your OTP for login. Valid for 10 minutes. Do not share it with anyone. -Paytm,legit
sms,VM-DHLIND,,,Your DHL shipment 5836188374 is out for delivery today. Track: https://www.dhl.com/in-en/home/tracking.html,legit
email,HDFC Bank <no-reply@hdfcbank.com>,,Verify your email address,"Hi Aarav, thanks for signing up! Please confirm this is your email address by entering the code 101032 in the app. If you didn't create an account, you can ignore this email.",legit
email,Customer Service <no-reply@zvvumfj.com>,,KYC update pending,"Dear Customer, your LinkedIn KYC is pending. Your account will be blocked today. Update KYC by sharing your PAN and OTP at http://microsoft-update-support.top/pay?ref=F5JPplFs or reply with your card number.",phish
sms,BZ-SBIINB,,,"₹2,999 debited from A/c XX7202 on 27-10-26 to UPI/CHEN. Not you? Call 18001080. -SBI",legit
email,Admin <admin@apple-verify.com>,,Your mailbox is almost full,", we could not deliver your package because the address was incomplete. Please use the link below.
https://myparcelcenter.com/verify",phish
sms,AX-AMAZON,,,Your Amazon order #5496919 has been delivered. Rate your experience in the Amazon app.,legit
sms,AD-ALERTS,,,"Mom, I lost my phone, this is my new number. Can you send ₹10 urgently? I'll explain later.",phish
email,Amazon <no-reply@amazon.in>,,Verify your email address,"Hi Emily, thanks for signing up! Please confirm this is your email address by entering the code 932064 in the app. If you didn't create an account, you can ignore this email.",legit
sms,BX-OFFER,,,"Refund of ₹2,999 initiated for your order. To receive it, share the OTP sent to your phone with our agent or visit http://www.sbi.com@tnbcamnk.info/login",phish
sms,VM-IRCTCI,,,"PNR 1794964549: Train 21446 confirmed, Coach B6 Berth 46. Happy journey.",legit
sms,BX-OFFER,,,"India Post: Your parcel is on hold due to incomplete address. Pay Rs 1,250 redelivery fee at https://getportalhub.com/login within 24 hrs.",phish
email,LinkedIn Security <service@gmail.com>,help@klgdwb.support,Shared document: Q3_Salary_Revision.pdf,John has shared a document with you via DocuSign. Sign in with your email password to view: http://m1crosoft.co/verify,phish
email,Netflix <billing@netflix.com>,,Payment received - thank you,"Hi Kavya, we've received your payment of Rs 25. Receipt number i1LMfjntE3. No further action is needed.",legit
email,Paytm Security <support@mail990.tk>,,Invoice #685070 overdue,"Hello Rahul,

Please find the overdue invoice attached. Kindly review and make payment at https://amazon-update-update.shop/qPMrZYZhLT to avoid late penalties.

Accounts Department",phish
email,Amazon <billing@amazon.in>,,Payment received - thank you,"Hi David, we've received your payment of Rs 25. Receipt number iXUIzBaXmt. No further action is needed.",legit
email,Google <support@google-verify.com>,help@rhqihx.support,Action required: update your payment details,"Dear Account Holder, your recent payment could not be processed. Please update your billing information immediately to avoid service interruption. Update now: http://www.hdfc.com@nvxnosub.shop/verify",phish
email,Apple Support <no-reply@service407.live>,,Shared document: Q3_Salary_Revision.pdf,Kavya has shared a document with you via Dropbox. Sign in with your email password to view: http://www.apple.com@nejvtqnj.co/account/update,phish
sms,+916563967044,,,"Hi, I am from SBI HR. Part time job, earn Rs 5000 daily from home. WhatsApp +919771405770 for details.",phish
email,Amazon <admin@amazon-verify.com>,,Invoice #968562 overdue,"Hi Priya,

Please find the overdue invoice attached. Kindly review and make payment at https://apple.service.wspibc.ru/login to avoid late penalties.

Accounts Department",phish
email,Flipkart <statements@flipkart.com>,,Your monthly statement is ready,"Dear Sneha,

Your statement for August is now available. Log in through our official website or app to view it. Amount due: $120.00. Due date: 19th.

This is an automated message.",legit
email,Aarav <olivia99@gmail.com>,,Book recommendation,Hey Rahul! Here are the photos from last weekend. ,legit
email,Newsletter <news@kaggle.com>,,This week's top stories,"Hello Noah, here's what's new this week. Read more at https://bbc.co.uk/blog/qyxyga. You're receiving this because you subscribed. Unsubscribe any time.",legit
sms,+916158765091,,,"Instagram: Unusual login detected. If this wasn't you, verify your account at https://linkedie.live/account/update",phish
email,DHL <admin@dhl-billing.com>,,Invoice #027642 overdue,",

Please find the overdue invoice attached. Kindly review and make payment at https://cutt.ly/GShr2T to avoid late penalties.

Accounts Department",phish
sms,+918689910858,,,Can you send me the notes from class?,legit
sms,BX-OFFER,,,"PayPal: Unusual login detected. If this wasn't you, verify your account at https://tinyurl.com/m830Yr",phish
sms,INFO,,,"Hi, I am from DHL HR. Part time job, earn Rs 5000 daily from home. WhatsApp +918333426433 for details.",phish
sms,BZ-SBIINB,,,"₹2,999 debited from A/c XX6623 on 10-10-26 to UPI/SARAH. Not you? Call 18002586161. -SBI",legit
email,ICICI Bank Support <admin@gmail.com>,help@nyxyww.online,Delivery attempt failed,"Dear Account Holder, we could not deliver your package because the address was incomplete. Please use the link below.
http://lcawvz.ngrok.io/paypal/login",phish
email,Google <no-reply@gogle.com>,,Invoice #050667 overdue,"Dear User,

Please find the overdue invoice attached. Kindly review and make payment at http://verify-dropbox.com/kyc to avoid late penalties.

Accounts Department",phish
sms,+919121905188,,,"Hey, running 10 min late, order for me pls",legit
sms,BZ-SBIINB,,,"Dear Customer, your credit card statement is generated. Total due Rs 1,250. Pay by 21th via app or netbanking to avoid late fee. -SBI",legit
email,Amazon Security <service@gmail.com>,,Congratulations! You've been selected,"Hello Meera, you have won a Rs 50,000 voucher in our annual customer draw! Claim your prize here https://dhl-secure.shop/verify before it expires today. A small processing fee of ₹15,000 applies.",phish
email,Olivia Smith (CEO) <ceo.office48@gmail.com>,help@fhipde.com,Urgent request,"Hi Emily, I'm in a meeting and can't talk. I need you to buy 5 Google Play gift cards for a client today. Keep this confidential for now. Send me the codes once done. I'll reimburse you.

Sent from my iPhone",phish
email,Newsletter <news@notion.so>,,This week's top stories,"Hello Emily, here's what's new this week. Read more at https://github.com/blog/nhlkwh. You're receiving this because you subscribed. Unsubscribe any time.",legit
sms,+919205061497,,,"Dear Customer, your LinkedIn account will be blocked today. Update your KYC immediately: https://73.77.61.25/sbi/pay?ref=nmASJU7U",phish
sms,AX-AMAZON,,,Your Amazon order #4000208 has been delivered. Rate your experience in the Amazon app.,legit
sms,AD-ICICIB,,,"Dear Customer, your credit card statement is generated. Total due $120.00. Pay by 22th via app or netbanking to avoid late fee. -ICICI Bank",legit
sms,+918160838814,,,"Netflix: Unusual login detected. If this wasn't you, verify your account at https://4mazon.ru/account/update",phish
email,Vikram <meera@acmecorp.com>,,Notes from today's meeting,"Hi Michael,

Attaching the notes from today. Can you review the second section before our sync on Thursday? The shared folder is on https://acmecorp.com/wiki/E3tpL.

Thanks,
Meera",legit
sms,+918675635584,,,"Hi, I am from PayPal HR. Part time job, earn Rs 5000 daily from home. WhatsApp +917271726625 for details.",phish
sms,BX-OFFER,,,"Hi, I am from Microsoft HR. Part time job, earn Rs 5000 daily from home. WhatsApp +917408992177 for details.",phish
sms,INFO,,,"Hi, I am from Google HR. Part time job, earn Rs 5000 daily from home. WhatsApp +916664878264 for details.",phish
email,Netflix Security <security@netflix.com>,,New sign-in to your account,"Hi Rohan, we noticed a new sign-in to your Netflix account from Chrome on Windows. If this was you, you don't need to do anything. If not, open the Netflix app or go to https://netflix.com/security to review your activity. We will never ask for your password by email.",legit
email,Newsletter <news@python.org>,,Your weekly digest,"Hello Meera, here's what's new this week. Read more at https://notion.so/blog/sbxxtj. You're receiving this because you subscribed. Unsubscribe any time.",legit
sms,+917925287835,,,"Google: Unusual login detected. If this wasn't you, verify your account at https://1inkedin.co",phish
email,Meera <chen43@gmail.com>,,Book recommendation,Hey Rohan! You have to read this one. ,legit
sms,+919308069581,,,Your Google reward points worth $49.99 expire today! Redeem now: http://goparcelonline.com,phish
sms,AD-ALERTS,,,Your electricity connection will be disconnected tonight at 9:30 PM as previous bill was not updated. Contact officer +917309831452 immediately.,phish
sms,BX-OFFER,,,"Dear Customer, your Netflix account will be blocked today. Update your KYC immediately: http://flipkart.login.qwvoig.co/kyc",phish
sms,+917890309143,,,Your Paytm reward points worth Rs 25 expire today! Redeem now: http://www.flipkart.com@vpckatso.com/secure/confirm,phish
email,Ananya Smith (CEO) <ceo.office43@gmail.com>,,Quick favour,"Hi Olivia, I'm in a meeting and can't talk. I need you to buy 8 Google Play gift cards for a client today. Keep this confidential for now. Send me the codes once done. I'll reimburse you.

Sent from my iPhone",phish
sms,BX-OFFER,,,"Google: Unusual login detected. If this wasn't you, verify your account at http://gogle.co/wp-content/google/index.html",phish
sms,BX-OFFER,,,"Refund of ₹2,999 initiated for your order. To receive it, share the OTP sent to your phone with our agent or visit https://hdfc-help-help.info/account/update",phish
email,LinkedIn <billing@linkedin.com>,,Payment received - thank you,"Hi Rahul, we've received your payment of ₹2,999. Receipt number EygDA60rTb. No further action is needed.",legit
email,Admin <service@dhl-help.support>,,Work from home opportunity,"Dear Account Holder! Part time job available. Earn Rs 3,000 per day by liking YouTube videos. No experience needed. Contact our HR on Telegram or register here: https://cutt.ly/c81vwm. Registration fee Rs 25 only.",phish
sms,+916422763460,,,"Paytm: Unusual login detected. If this wasn't you, verify your account at https://www.sbi.com@xnnykhyx.info/secure/confirm",phish
sms,AX-AMAZON,,,Your Amazon order #6705514 has been delivered. Rate your experience in the Amazon app.,legit
sms,VM-IRCTCI,,,"PNR 1510705570: Train 15966 confirmed, Coach B2 Berth 48. Happy journey.",legit
sms,AD-ALERTS,,,"Mom, I lost my phone, this is my new number. Can you send ₹2,999 urgently? I'll explain later.",phish
sms,+917982993164,,,"Refund of ₹2,999 initiated for your order. To receive it, share the OTP sent to your phone with our agent or visit https://verify-icici.co/verify",phish
sms,BX-OFFER,,,"Refund of Rs 25 initiated for your order. To receive it, share the OTP sent to your phone with our agent or visit https://google.login.sbketc.co/QDlYl5wEDu",phish
sms,VM-DHLIND,,,Rs 499 debited from A/c XX3331 on 11-10-26 to UPI/KAVYA. Not you? Call 18001080. -DHL,legit
sms,VM-DHLIND,,,Your DHL shipment 6215958417 is out for delivery today. Track: https://www.dhl.com/in-en/home/tracking.html,legit
email,Dropbox <statements@dropbox.com>,,Your monthly statement is ready,"Dear John,

Your statement for September is now available. Log in through our official website or app to view it. Amount due: $49.99. Due date: 10th.

This is an automated message.",legit
email,David <kavya@zenithtech.com>,,Notes from today's meeting,"Hi Olivia,

Attaching the notes from today. Can you review the second section before our sync on Thursday? The shared folder is on https://zenithtech.com/wiki/h14ck.

Thanks,
Vikram",legit
email,PayPal Support <service@outlook.com>,,Invoice #465472 overdue,"Dear Account Holder,

Please find the overdue invoice attached. Kindly review and make payment at https://rb.gy/7GX66l to avoid late penalties.

Accounts Department",phish
sms,+918632245182,,,Your electricity connection will be disconnected tonight at 9:30 PM as previous bill was not updated. Contact officer +918696192126 immediately.,phish
sms,VM-IRCTCI,,,"PNR 8349604784: Train 12485 confirmed, Coach B1 Berth 57. Happy journey.",legit
sms,+916117517335,,,"India Post: Your parcel is on hold due to incomplete address. Pay ₹15,000 redelivery fee at http://www.microsoft.com@fjlqxpzb.online/account/update within 24 hrs.",phish
sms,AD-ICICIB,,,858994 is your OTP for login. Valid for 10 minutes. Do not share it with anyone. -ICICI Bank,legit
sms,+918950026015,,,"Congratulations! You have won Rs 1,250 cashback from DHL. Claim your reward now http://apple-verify.co/account/update",phish
sms,+917666097978,,,"Mom, I lost my phone, this is my new number. Can you send $120.00 urgently? I'll explain later.",phish
sms,VM-HDFCBK,,,$120.00 debited from A/c XX3604 on 7-10-26 to UPI/PRIYA. Not you? Call 18002586161. -HDFC Bank,legit
email,Fatima Smith <recruiting@zenithtech.com>,,Interview schedule - Software Engineer,"Dear John,

Thank you for applying to Zenith Tech. We would like to invite you for a technical interview next week. Please pick a slot using the calendar link on our careers page https://zenithtech.com/careers. There is no fee at any stage of our hiring process.

Regards,
Talent team",legit
sms,VK-NOTICE,,,"Dear Customer, your Microsoft account will be blocked today. Update your KYC immediately: https://erefundnow.com/verify",phish
sms,VK-NOTICE,,,Your ICICI Bank reward points worth $49.99 expire today! Redeem now: http://22.10.138.86/sbi/signin.php,phish
email,PayPal Support <service@outlook.com>,,KYC update pending,", your PayPal KYC is pending. Your account will be blocked today. Update KYC by sharing your PAN and OTP at https://hdfc-update-login.support/account/update or reply with your card number.",phish
email,Aarav Khan <recruiting@brightline.com>,,Interview schedule - Software Engineer,"Dear Priya,

Thank you for applying to Brightline. We would like to invite you for a technical interview next week. Please pick a slot using the calendar link on our careers page https://brightline.com/careers. There is no fee at any stage of our hiring process.

Regards,
Talent team",legit
email,Apple Support <security@outlook.com>,,KYC update pending,"Dear User, your Apple KYC is pending. Your account will be blocked today. Update KYC by sharing your PAN and OTP at http://icicis.live/verify or reply with your card number.",phish
email,John <fatima28@gmail.com>,,Book recommendation,Hey Emily! Hope you have a great day. Talk soon!,legit
email,Customer Service <security@outlook.com>,,Tax refund notification,", after the annual calculation of your fiscal activity, you are eligible to receive a tax refund of Rs 1,250. Income Tax Department requires you to submit the refund request: https://is.gd/AsFtiM",phish
email,ICICI Bank Support <service@notify455.live>,,Action required: update your payment details,"Hello Aarav, your recent payment could not be processed. Please update your billing information immediately to avoid service interruption. Update now: https://www.sbi.com@uhpnlkio.top/wp-content/sbi/index.html",phish
email,Google Security <support@google-verify.com>,,Work from home opportunity,"Dear Account Holder! Part time job available. Earn Rs 8,000 per day by liking YouTube videos. No experience needed. Contact our HR on Telegram or register here: https://kyc-google.net/1KOSFTEZWo. Registration fee Rs 1,250 only.",phish
sms,+916508983094,,,"Your HDFC Bank reward points worth Rs 1,250 expire today! Redeem now: http://flipkart.help.jziegq.ru/login",phish
sms,VK-FLPKRT,,,Big Billion Days start tomorrow! Shop on the Flipkart app for deals on mobiles. T&C apply. To opt out reply STOP.,legit
sms,+916538289812,,,"Mom, I lost my phone, this is my new number. Can you send ₹2,999 urgently? I'll explain later.",phish
email,Customer Service <support@outlook.com>,,Tax refund notification,"Dear Customer, after the annual calculation of your fiscal activity, you are eligible to receive a tax refund of Rs 499. Income Tax Department requires you to submit the refund request: https://linkedin-support-support.online/login",phish
sms,BZ-SBIINB,,,"Dear Customer, your credit card statement is generated. Total due ₹15,000. Pay by 17th via app or netbanking to avoid late fee. -SBI",legit
email,Netflix Support <service@efwvqwx.com>,,Action required: update your payment details,"Dear Customer, your recent payment could not be processed. Please update your billing information immediately to avoid service interruption. Update now: http://sbi.secure.pxrroz.com",phish
email,Paytm <no-reply@paytm.com>,,Your Paytm order has shipped,"Hi Emily,

Good news! Your order #316179904 has shipped and will arrive by Friday. You can track it any time at https://www.paytm.com/orders.

Thanks for shopping with us.",legit
sms,VM-IRCTCI,,,"PNR 9509355557: Train 10686 confirmed, Coach B2 Berth 5. Happy journey.",legit
sms,AX-AMAZON,,,Your Amazon order #8580330 has been delivered. Rate your experience in the Amazon app.,legit
email,SBI <no-reply@sbi.co.in>,,Your SBI order has shipped,"Hi Vikram,

Good news! Your order #041770734 has shipped and will arrive by Friday. You can track it any time at https://www.sbi.co.in/orders.

Thanks for shopping with us.",legit
email,PayPal <service@outlook.com>,,Congratulations! You've been selected,"Dear Account Holder, you have won a iPhone 16 in our annual customer draw! Claim your prize here http://amazon.help.dpvpxu.xyz/kyc before it expires today. A small processing fee of ₹2,999 applies.",phish
email,Admin <service@p4ypal.com>,,Shared document: Q3_Salary_Revision.pdf,Emily has shared a document with you via DocuSign. Sign in with your email password to view: http://amazon.auth.lgcdli.site,phish
email,Microsoft Support <no-reply@microsoft-help.online>,,Delivery attempt failed,"Hi Sarah, your storage quota is 98% used. Messages may stop arriving. Please use the link below.
https://dhl-update-help.ru/account/update",phish
sms,+917213217672,,,Congratulations! You have won Rs 499 cashback from Amazon. Claim your reward now http://icici-billing-login.site/verify,phish
email,Admin <admin@outlook.com>,,Your PayPal account has been suspended,"Dear Account Holder,

We detected unusual activity and your account has been temporarily suspended. To restore access, verify your account within 24 hours: https://dhl-service-billing.click/verify

Failure to verify will result in permanent closure.

PayPal Security Team",phish
sms,+916708517328,,,Your Dropbox reward points worth $120.00 expire today! Redeem now: http://google-secure-service.tk/login,phish
sms,+919761518078,,,India Post: Your parcel is on hold due to incomplete address. Pay $49.99 redelivery fee at https://166.190.184.214/linkedin/pay?ref=p9Tluv6H within 24 hrs.,phish
email,DHL <no-reply@dhl.com>,,Your DHL order has shipped,"Hi Fatima,

Good news! Your order #802410415 has shipped and will arrive by Monday. You can track it any time at https://www.dhl.com/orders.

Thanks for shopping with us.",legit
email,SBI Support <support@outlook.com>,help@vtxwoi.online,Action required: update your payment details,", your recent payment could not be processed. Please update your billing information immediately to avoid service interruption. Update now: https://si9clf69ob.live/pay?ref=W6g7PqsE",phish
email,Olivia Smith (CEO) <ceo.office86@gmail.com>,help@qvqjap.live,Urgent request,"Hi Ananya, I'm in a meeting and can't talk. I need you to buy 8 Google Play gift cards for a client today. Keep this confidential for now. Send me the codes once done. I'll reimburse you.

Sent from my iPhone",phish
email,Priya <sneha@zenithtech.com>,,Lunch on Friday?,"Hi Sneha,

Attaching the notes from today. Can you review the second section before our sync on Thursday? The shared folder is on https://zenithtech.com/wiki/8ZuHq.

Thanks,
Lucas",legit
sms,VM-DHLIND,,,Your DHL shipment 0636801990 is out for delivery today. Track: https://www.dhl.com/in-en/home/tracking.html,legit
email,Aarav <emily@nimbuslabs.com>,,Q3 report draft,"Hi Emily,

Attaching the notes from today. Can you review the second section before our sync on Thursday? The shared folder is on https://docs.google.com/document/d/5hPYeZiH2FscTZGP.

Thanks,
David",legit
sms,+919260080265,,,"India Post: Your parcel is on hold due to incomplete address. Pay ₹15,000 redelivery fee at https://s4p0dhv5hfvc.live/wp-content/apple/index.html within 24 hrs.",phish
email,Flipkart <statements@flipkart.com>,,Your monthly statement is ready,"Dear Ananya,

Your statement for October is now available. Log in through our official website or app to view it. Amount due: Rs 25. Due date: 7th.

This is an automated message.",legit
sms,+916906609478,,,"Refund of ₹15,000 initiated for your order. To receive it, share the OTP sent to your phone with our agent or visit https://tinyurl.com/q6tz2N",phish
email,Dropbox Security <service@dropbox-verify.com>,help@cozrdb.shop,Invoice #387262 overdue,"Dear User,

Please find the overdue invoice attached. Kindly review and make payment at http://microsofo.online/verify to avoid late penalties.

Accounts Department",phish
email,Fatima Sharma <recruiting@nimbuslabs.com>,,Interview schedule - Software Engineer,"Dear John,

Thank you for applying to Nimbus Labs. We would like to invite you for a technical interview next week. Please pick a slot using the calendar link on our careers page https://nimbuslabs.com/careers. There is no fee at any stage of our hiring process.

Regards,
Talent team",legit
sms,+918545259137,,,"Congratulations! You have won ₹2,999 cashback from Amazon. Claim your reward now https://dhl.kyc.mzjvmd.info/pay?ref=omYLfro5",phish
sms,VM-IRCTCI,,,"PNR 6469365618: Train 13851 confirmed, Coach B2 Berth 42. Happy journey.",legit
sms,INFO,,,Congratulations! You have won Rs 25 cashback from Paytm. Claim your reward now http://www.amazon.com@fycurrwj.shop/wp-content/amazon/index.html,phish
sms,AX-AMAZON,,,Your Amazon order #5269901 has been delivered. Rate your experience in the Amazon app.,legit
email,DHL Security <support@dhl-verify.ru>,,Action required: update your payment details,"Dear User, your recent payment could not be processed. Please update your billing information immediately to avoid service interruption. Update now: http://hdfc-verify-login.net/pay?ref=BrG2tNPg",phish
email,Admin <service@gmail.com>,help@gglobj.site,Shared document: Q3_Salary_Revision.pdf,Ananya has shared a document with you via OneDrive. Sign in with your email password to view: https://www.flipkart.com@dnnghiyb.click/account/update,phish
email,Chen <chen@acmecorp.com>,,Lunch on Friday?,"Hi Vikram,

Attaching the notes from today. Can you review the second section before our sync on Thursday? The shared folder is on https://acmecorp.com/wiki/ozPyB.

Thanks,
Lucas",legit
email,IT Helpdesk <it@kiteanalytics.com>,,Reminder: password expires in 3 days,"Hi Olivia, your corporate password expires in 3 days. Please change it from your laptop using Ctrl+Alt+Del > Change password, or visit the internal portal https://sso.kiteanalytics.com. Contact the helpdesk on ext. 4881 if you need help.",legit
email,Customer Service <security@apple-kyc.site>,,Congratulations! You've been selected,", you have won a iPhone 16 in our annual customer draw! Claim your prize here https://micr0soft.support/pay?ref=EzxRrfXM before it expires today. A small processing fee of ₹2,999 applies.",phish
sms,VM-IRCTCI,,,"PNR 9245051490: Train 15086 confirmed, Coach B5 Berth 60. Happy journey.",legit
email,Flipkart Security <service@lscnzyj.com>,,Action required: update your payment details,"Hi Sneha, your recent payment could not be processed. Please update your billing information immediately to avoid service interruption. Update now: https://cutt.ly/A18wxt",phish
email,HDFC Bank <security@outlook.com>,,Invoice #052169 overdue,"Hi Fatima,

Please find the overdue invoice attached. Kindly review and make payment at http://dropbox.verify.pntdpd.com/secure/confirm to avoid late penalties.

Accounts Department",phish
email,Microsoft <billing@microsoft.com>,,Payment received - thank you,"Hi Sarah, we've received your payment of Rs 25. Receipt number RWzWXSItuL. No further action is needed.",legit
email,Admin <admin@qppvkfw.com>,,KYC update pending,"Dear User, your DHL KYC is pending. Your account will be blocked today. Update KYC by sharing your PAN and OTP at http://ptqbix.web.app/apple/login or reply with your card number.",phish
email,PayPal Support <service@notify58.site>,,Shared document: Q3_Salary_Revision.pdf,Aarav has shared a document with you via DocuSign. Sign in with your email password to view: http://neflix.ru/wp-content/netflix/index.html,phish
email,Newsletter <news@nptel.ac.in>,,This week's top stories,"Hello John, here's what's new this week. Read more at https://spotify.com/blog/ibuiup. You're receiving this because you subscribed. Unsubscribe any time.",legit
email,LinkedIn <no-reply@linkedin.com>,,Your LinkedIn order has shipped,"Hi Kavya,

Good news! Your order #350675789 has shipped and will arrive by Tuesday. You can track it any time at https://www.linkedin.com/orders.

Thanks for shopping with us.",legit
sms,+917930322168,,,India Post: Your parcel is on hold due to incomplete address. Pay Rs 499 redelivery fee at https://is.gd/Aqx8HD within 24 hrs.,phish
sms,VM-DHLIND,,,"Dear Customer, your credit card statement is generated. Total due Rs 499. Pay by 4th via app or netbanking to avoid late fee. -DHL",legit
email,Flipkart Security <support@outlook.com>,,Your Flipkart account has been suspended,"Dear Account Holder,

We detected unusual activity and your account has been temporarily suspended. To restore access, verify your account within 24 hours: https://linkedin-kyc-support.ru/GtzNdIS5hL

Failure to verify will result in permanent closure.

Flipkart Security Team",phish
sms,+919914387673,,,"Instagram: Unusual login detected. If this wasn't you, verify your account at https://cutt.ly/6Wtw7T",phish
email,Customer Service <admin@outlook.com>,help@akywyr.click,Your mailbox is almost full,", we could not deliver your package because the address was incomplete. Please use the link below.
https://hdfc.secure.vqzjxm.info/verify",phish
sms,+919817941515,,,"Mom, I lost my phone, this is my new number. Can you send ₹2,999 urgently? I'll explain later.",phish
sms,+916357168261,,,"PayPal: Unusual login detected. If this wasn't you, verify your account at https://sbi.billing.rbcgcq.co/signin.php",phish
email,Netflix Security <service@outlook.com>,help@wjwmiq.ru,KYC update pending,"Dear Account Holder, your Netflix KYC is pending. Your account will be blocked today. Update KYC by sharing your PAN and OTP at http://flipk4rt.xyz or reply with your card number.",phish
email,Chen Sharma (CEO) <ceo.office52@gmail.com>,,Urgent request,"Hi Fatima, I'm in a meeting and can't talk. I need you to buy 10 Google Play gift cards for a client today. Keep this confidential for now. Send me the codes once done. I'll reimburse you.

Sent from my iPhone",phish
email,PayPal Support <no-reply@paypal-verify.com>,,KYC update pending,", your PayPal KYC is pending. Your account will be blocked today. Update KYC by sharing your PAN and OTP at https://bit.ly/sbYJRz or reply with your card number.",phish
email,Flipkart <billing@flipkart.com>,,Payment received - thank you,"Hi Rahul, we've received your payment of $49.99. Receipt number Qdrf7jObOL. No further action is needed.",legit
email,Rahul <chen96@gmail.com>,,Photos from the trip,Hey Vikram! Are we still on for Saturday?. Miss you guys.,legit
sms,AD-ICICIB,,,384983 is your OTP for login. Valid for 10 minutes. Do not share it with anyone. -ICICI Bank,legit
sms,BZ-SBIINB,,,828323 is your OTP for login. Valid for 10 minutes. Do not share it with anyone. -SBI,legit
sms,+916390438303,,,Congratulations! You have won $49.99 cashback from Dropbox. Claim your reward now https://ltykah.firebaseapp.com/paytm/verify,phish
email,PayPal Support <admin@ootjmfb.com>,help@arzcxp.co,Congratulations! You've been selected,"Hello Aarav, you have won a free trip in our annual customer draw! Claim your prize here http://amazon.kyc.ounueb.xyz/signin.php before it expires today. A small processing fee of Rs 25 applies.",phish
email,Lucas <chen@zenithtech.com>,,Notes from today's meeting,"Hi Arjun,

Attaching the notes from today. Can you review the second section before our sync on Thursday? The shared folder is on https://docs.google.com/document/d/OUq92PlJ8EF47pHm.

Thanks,
David",legit
sms,VK-FLPKRT,,,"Dear Customer, your credit card statement is generated. Total due $120.00. Pay by 12th via app or netbanking to avoid late fee. -Flipkart",legit
sms,VK-FLPKRT,,,Big Billion Days start tomorrow! Shop on the Flipkart app for deals on mobiles. T&C apply. To opt out reply STOP.,legit
sms,AD-ICICIB,,,512927 is your OTP for login. Valid for 10 minutes. Do not share it with anyone. -ICICI Bank,legit
sms,+919312677319,,,"Mom, I lost my phone, this is my new number. Can you send ₹2,999 urgently? I'll explain later.",phish
sms,+917869087167,,,"Congratulations! You have won ₹2,999 cashback from Google. Claim your reward now http://linkedin-login-verify.xyz/login",phish
sms,+918909722858,,,"Congratulations! You have won ₹2,999 cashback from Google. Claim your reward now https://billing-dropbox.net/wp-content/dropbox/index.html",phish
sms,VK-FLPKRT,,,Big Billion Days start tomorrow! Shop on the Flipkart app for deals on mobiles. T&C apply. To opt out reply STOP.,legit
sms,AX-AMAZON,,,Rs 25 debited from A/c XX7413 on 1-10-26 to UPI/SNEHA. Not you? Call 18002586161. -Amazon,legit
email,Microsoft <no-reply@microsoft.com>,,Your Microsoft order has shipped,"Hi Rahul,

Good news! Your order #781072839 has shipped and will arrive by Tuesday. You can track it any time at https://www.microsoft.com/orders.

Thanks for shopping with us.",legit
email,Admin <service@dropbox-verify.site>,,Delivery attempt failed,"Dear Account Holder, a document needs your review. Please use the link below.
http://www.hdfc.com@uemgrrau.tk/wp-content/hdfc/index.html",phish
email,Google <security@gogle.com>,,Invoice #026184 overdue,"Dear Valued Member,

Please find the overdue invoice attached. Kindly review and make payment at http://imf2esyevpr0.info/login to avoid late penalties.

Accounts Department",phish
sms,BZ-SBIINB,,,385934 is your OTP for login. Valid for 10 minutes. Do not share it with anyone. -SBI,legit
email,Apple <statements@apple.com>,,Your monthly statement is ready,"Dear Emily,

Your statement for October is now available. Log in through our official website or app to view it. Amount due: ₹15,000. Due date: 12th.

This is an automated message.",legit
sms,AD-NFLIX,,,"₹15,000 debited from A/c XX8376 on 4-10-26 to UPI/SARAH. Not you? Call 18002586161. -Netflix",legit
email,Customer Service <no-reply@outlook.com>,,Action required: update your payment details,"Dear Customer, your recent payment could not be processed. Please update your billing information immediately to avoid service interruption. Update now: https://100.192.61.120/microsoft/verify",phish
sms,VK-NOTICE,,,"Flipkart: Unusual login detected. If this wasn't you, verify your account at http://support-paytm.co/secure/confirm",phish
sms,VM-HDFCBK,,,290695 is your OTP for login. Valid for 10 minutes. Do not share it with anyone. -HDFC Bank,legit
sms,+916182422535,,,Congratulations! You have won $49.99 cashback from Instagram. Claim your reward now https://flipkart-verify.top/pay?ref=KeiuPeCD,phish
sms,VM-DHLIND,,,Your DHL shipment 4183281137 is out for delivery today. Track: https://www.dhl.com/in-en/home/tracking.html,legit
sms,VM-DHLIND,,,083476 is your OTP for login. Valid for 10 minutes. Do not share it with anyone. -DHL,legit
sms,+916313878305,,,"Hi, I am from PayPal HR. Part time job, earn Rs 5000 daily from home. WhatsApp +919828753355 for details.",phish
sms,+916562656504,,,"Hi, I am from Microsoft HR. Part time job, earn Rs 5000 daily from home. WhatsApp +918547813767 for details.",phish
sms,VK-FLPKRT,,,Big Billion Days start tomorrow! Shop on the Flipkart app for deals on mobiles. T&C apply. To opt out reply STOP.,legit
sms,BZ-SBIINB,,,"₹15,000 debited from A/c XX5277 on 17-10-26 to UPI/EMILY. Not you? Call 18002586161. -SBI",legit
email,Google Security <security@google.com>,,New sign-in to your account,"Hi John, we noticed a new sign-in to your Google account from Chrome on Windows. If this was you, you don't need to do anything. If not, open the Google app or go to https://google.com/security to review your activity. We will never ask for your password by email.",legit
email,Customer Service <support@icicibana.com>,help@oltvav.com,KYC update pending,"Dear User, your ICICI Bank KYC is pending. Your account will be blocked today. Update KYC by sharing your PAN and OTP at https://90.183.82.147/paypal/kyc or reply with your card number.",phish
sms,AD-ALERTS,,,India Post: Your parcel is on hold due to incomplete address. Pay $120.00 redelivery fee at http://sbi.account.saexbj.site/secure/confirm within 24 hrs.,phish
email,Customer Service <admin@lmpuqij.com>,,Your Amazon account has been suspended,"Hello Ananya,

We detected unusual activity and your account has been temporarily suspended. To restore access, verify your account within 24 hours: https://support-sbi.net/pay?ref=3bRFDv3u

Failure to verify will result in permanent closure.

Amazon Security Team",phish
sms,AD-ALERTS,,,Congratulations! You have won Rs 25 cashback from HDFC Bank. Claim your reward now http://paypal-billing-update.xyz/signin.php,phish
email,Netflix <billing@netflix.com>,,Payment received - thank you,"Hi Emily, we've received your payment of $49.99. Receipt number OEAT8kLmzZ. No further action is needed.",legit
email,Newsletter <news@python.org>,,Your weekly digest,"Hello John, here's what's new this week. Read more at https://github.com/blog/boqurn. You're receiving this because you subscribed. Unsubscribe any time.",legit
email,Admin <support@gmail.com>,help@tuadmq.live,Work from home opportunity,"Dear Valued Member! Part time job available. Earn Rs 5,000 per day by liking YouTube videos. No experience needed. Contact our HR on Telegram or register here: https://sbix.ru/GKOWUVcsqO. Registration fee $120.00 only.",phish
sms,+916716778803,,,"Dropbox: Unusual login detected. If this wasn't you, verify your account at https://4pxhc03tt.support/wp-content/google/index.html",phish
sms,+917095862973,,,"Refund of $49.99 initiated for your order. To receive it, share the OTP sent to your phone with our agent or visit https://www.amazon.com@iniaqyvv.site/kyc",phish
email,Netflix <no-reply@netflix.com>,,Verify your email address,"Hi Rahul, thanks for signing up! Please confirm this is your email address by entering the code 668689 in the app. If you didn't create an account, you can ignore this email.",legit
email,PayPal <support@paypa1.com>,help@jyynxd.com,Invoice #360809 overdue,"Dear Valued Member,

Please find the overdue invoice attached. Kindly review and make payment at http://www.dropbox.com@aonckbje.top/login to avoid late penalties.

Accounts Department",phish
sms,VK-FLPKRT,,,Big Billion Days start tomorrow! Shop on the Flipkart app for deals on mobiles. T&C apply. To opt out reply STOP.,legit
sms,INFO,,,India Post: Your parcel is on hold due to incomplete address. Pay Rs 25 redelivery fee at https://54.189.245.83/amazon/login within 24 hrs.,phish
sms,+918988161037,,,"Refund of Rs 25 initiated for your order. To receive it, share the OTP sent to your phone with our agent or visit https://account-flipkart.co/login",phish
sms,VM-DHLIND,,,Your DHL shipment 2259332381 is out for delivery today. Track: https://www.dhl.com/in-en/home/tracking.html,legit
sms,+917962185188,,,"Dear Customer, your Paytm account will be blocked today. Update your KYC immediately: http://184.37.75.110/linkedin/pay?ref=eh15FMIb",phish
email,Rohan Sharma <recruiting@zenithtech.com>,,Interview schedule - Software Engineer,"Dear Meera,

Thank you for applying to Zenith Tech. We would like to invite you for a technical interview next week. Please pick a slot using the calendar link on our careers page https://zenithtech.com/careers. There is no fee at any stage of our hiring process.

Regards,
Talent team",legit
sms,+918843135740,,,"Hi, I am from HDFC Bank HR. Part time job, earn Rs 5000 daily from home. WhatsApp +919474073972 for details.",phish
sms,+919884437066,,,"India Post: Your parcel is on hold due to incomplete address. Pay Rs 1,250 redelivery fee at https://netfl1x.co/login within 24 hrs.",phish
sms,VK-NOTICE,,,"Refund of ₹10 initiated for your order. To receive it, share the OTP sent to your phone with our agent or visit https://getportalonline.com",phish
sms,+916247223720,,,Your electricity connection will be disconnected tonight at 9:30 PM as previous bill was not updated. Contact officer +919419753700 immediately.,phish
email,IT Helpdesk <it@acmecorp.com>,,Reminder: password expires in 3 days,"Hi Aarav, your corporate password expires in 3 days. Please change it from your laptop using Ctrl+Alt+Del > Change password, or visit the internal portal https://sso.acmecorp.com. Contact the helpdesk on ext. 1466 if you need help.",legit
sms,VM-DHLIND,,,Your DHL shipment 1926764921 is out for delivery today. Track: https://www.dhl.com/in-en/home/tracking.html,legit
email,PayPal Security <no-reply@alerts484.net>,,Invoice #122725 overdue,"Hi Vikram,

Please find the overdue invoice attached. Kindly review and make payment at http://nqdgd3xl924.site/secure/confirm to avoid late penalties.

Accounts Department",phish
sms,+917611035659,,,"Dear Customer, your Apple account will be blocked today. Update your KYC immediately: https://icica.net/account/update",phish
email,Admin <support@microsoft-alert.tk>,help@qkepgj.top,Your Microsoft account has been suspended,",

We detected unusual activity and your account has been temporarily suspended. To restore access, verify your account within 24 hours: https://is.gd/e0q3ym

Failure to verify will result in permanent closure.

Microsoft Security Team",phish
email,Emily Khan <recruiting@orbitsystems.com>,,Interview schedule - Software Engineer,"Dear Lucas,

Thank you for applying to Orbit Systems. We would like to invite you for a technical interview next week. Please pick a slot using the calendar link on our careers page https://orbitsystems.com/careers. There is no fee at any stage of our hiring process.

Regards,
Talent team",legit
sms,+916340973122,,,Congratulations! You have won Rs 499 cashback from Flipkart. Claim your reward now https://dkwzwl.000webhostapp.com/icici/login,phish
email,Priya Patel <recruiting@acmecorp.com>,,Interview schedule - Software Engineer,"Dear David,

Thank you for applying to Acme Corp. We would like to invite you for a technical interview next week. Please pick a slot using the calendar link on our careers page https://acmecorp.com/careers. There is no fee at any stage of our hiring process.

Regards,
Talent team",legit
sms,+918565118102,,,"Refund of ₹2,999 initiated for your order. To receive it, share the OTP sent to your phone with our agent or visit https://gogle.shop/yUl4bN2xXN",phish
email,Customer Service <support@alerts733.shop>,,Work from home opportunity,"Dear Valued Member! Part time job available. Earn Rs 3,000 per day by liking YouTube videos. No experience needed. Contact our HR on Telegram or register here: http://233.29.62.165/netflix/account/update. Registration fee ₹2,999 only.",phish
email,Newsletter <news@kaggle.com>,,New courses this month,"Hello Emily, here's what's new this week. Read more at https://irctc.co.in/blog/tuptsx. You're receiving this because you subscribed. Unsubscribe any time.",legit
sms,+918546903369,,,Call me when you're free,legit
sms,+916260432609,,,Call me when you're free,legit
email,Michael <vikram96@gmail.com>,,Dinner plans,Hey Sneha! Here are the photos from last weekend. Call me later.,legit
email,Noah <chen@brightline.com>,,Lunch on Friday?,"Hi Sarah,

Attaching the notes from today. Can you review the second section before our sync on Wednesday? The shared folder is on https://docs.google.com/document/d/dQvbCuYuaHqGukJs.

Thanks,
Fatima",legit
email,Instagram <billing@instagram.com>,,Payment received - thank you,"Hi Chen, we've received your payment of Rs 499. Receipt number Hef45aDgsM. No further action is needed.",legit
sms,VM-IRCTCI,,,"PNR 8335391016: Train 11760 confirmed, Coach B2 Berth 45. Happy journey.",legit
email,Admin <service@mail201.com>,help@wldxwd.xyz,Action required: update your payment details,"Dear Valued Member, your recent payment could not be processed. Please update your billing information immediately to avoid service interruption. Update now: http://instagram.auth.xlixff.click/kyc",phish
email,DHL Security <security@dhl.com>,,New sign-in to your account,"Hi Aarav, we noticed a new sign-in to your DHL account from Chrome on Windows. If this was you, you don't need to do anything. If not, open the DHL app or go to https://dhl.com/security to review your activity. We will never ask for your password by email.",legit
sms,VM-IRCTCI,,,"PNR 9212447174: Train 22605 confirmed, Coach B4 Berth 42. Happy journey.",legit
sms,VM-IRCTCI,,,"PNR 8949542762: Train 20006 confirmed, Coach B2 Berth 32. Happy journey.",legit
email,Microsoft <security@gmail.com>,,Congratulations! You've been selected,"Dear User, you have won a iPhone 16 in our annual customer draw! Claim your prize here https://229.251.197.41/paypal/pay?ref=m48r8fVt before it expires today. A small processing fee of ₹10 applies.",phish
sms,BX-OFFER,,,"Mom, I lost my phone, this is my new number. Can you send $120.00 urgently? I'll explain later.",phish
email,HDFC Bank Security <security@hdfcbank.com>,,New sign-in to your account,"Hi John, we noticed a new sign-in to your HDFC Bank account from Chrome on Windows. If this was you, you don't need to do anything. If not, open the HDFC Bank app or go to https://hdfcbank.com/security to review your activity. We will never ask for your password by email.",legit
sms,AX-AMAZON,,,Your Amazon order #6029442 has been delivered. Rate your experience in the Amazon app.,legit
email,ICICI Bank Security <security@icicibank.com>,,New sign-in to your account,"Hi Kavya, we noticed a new sign-in to your ICICI Bank account from Chrome on Windows. If this was you, you don't need to do anything. If not, open the ICICI Bank app or go to https://icicibank.com/security to review your activity. We will never ask for your password by email.",legit
sms,+918808557800,,,"Dear Customer, your Dropbox account will be blocked today. Update your KYC immediately: http://netflix-verify.online/wp-content/netflix/index.html",phish
sms,AX-AMAZON,,,Your Amazon order #7187500 has been delivered. Rate your experience in the Amazon app.,legit
email,Netflix <statements@netflix.com>,,Your monthly statement is ready,"Dear Meera,

Your statement for October is now available. Log in through our official website or app to view it. Amount due: ₹15,000. Due date: 9th.

This is an automated message.",legit
sms,+918786170630,,,India Post: Your parcel is on hold due to incomplete address. Pay $49.99 redelivery fee at http://shpqyq.web.app/linkedin/signin.php within 24 hrs.,phish
sms,VK-FLPKRT,,,"Dear Customer, your credit card statement is generated. Total due ₹15,000. Pay by 4th via app or netbanking to avoid late fee. -Flipkart",legit
sms,AD-NFLIX,,,Rs 499 debited from A/c XX9376 on 1-10-26 to UPI/AARAV. Not you? Call 18001080. -Netflix,legit
email,Customer Service <support@gmail.com>,help@dfbgqi.online,Shared document: Q3_Salary_Revision.pdf,Arjun has shared a document with you via DocuSign. Sign in with your email password to view: https://amzon.com/09qIZHOyda,phish
sms,+919084937830,,,"Refund of Rs 25 initiated for your order. To receive it, share the OTP sent to your phone with our agent or visit https://microsoft.update.xwefxv.top/login",phish
email,Sneha <fatima52@gmail.com>,,Dinner plans,Hey John! Here are the photos from last weekend. Miss you guys.,legit
email,ICICI Bank <no-reply@icicibank.com>,,Your ICICI Bank order has shipped,"Hi Fatima,

Good news! Your order #402560041 has shipped and will arrive by Monday. You can track it any time at https://www.icicibank.com/orders.

Thanks for shopping with us.",legit
sms,VM-DHLIND,,,Your DHL shipment 3992011669 is out for delivery today. Track: https://www.dhl.com/in-en/home/tracking.html,legit
email,Netflix Security <no-reply@bucrcdv.com>,,Invoice #993302 overdue,"Dear User,

Please find the overdue invoice attached. Kindly review and make payment at http://paytm.secure.slcnkp.ru/login to avoid late penalties.

Accounts Department",phish
email,Amazon <statements@amazon.in>,,Your monthly statement is ready,"Dear Aarav,

Your statement for August is now available. Log in through our official website or app to view it. Amount due: $120.00. Due date: 6th.

This is an automated message.",legit
email,IT Helpdesk <it@kiteanalytics.com>,,Reminder: password expires in 3 days,"Hi Kavya, your corporate password expires in 3 days. Please change it from your laptop using Ctrl+Alt+Del > Change password, or visit the internal portal https://sso.kiteanalytics.com. Contact the helpdesk on ext. 7906 if you need help.",legit
sms,+916402696315,,,"Refund of $120.00 initiated for your order. To receive it, share the OTP sent to your phone with our agent or visit https://yhtgug.firebaseapp.com/flipkart/kyc",phish
sms,+916435354256,,,"Refund of ₹2,999 initiated for your order. To receive it, share the OTP sent to your phone with our agent or visit https://do8r03l1qtde.support/verify",phish
sms,+916656733745,,,Your Instagram reward points worth ₹10 expire today! Redeem now: https://tinyurl.com/HMZIBa,phish
email,Microsoft Security <support@outlook.com>,,Action required: update your payment details,"Dear User, your recent payment could not be processed. Please update your billing information immediately to avoid service interruption. Update now: https://rb.gy/TNWrkD",phish
email,Microsoft Support <no-reply@czfxjja.com>,,Congratulations! You've been selected,"Dear Account Holder, you have won a Rs 50,000 voucher in our annual customer draw! Claim your prize here https://netf1ix.online/account/update before it expires today. A small processing fee of Rs 25 applies.",phish
sms,INFO,,,Congratulations! You have won Rs 25 cashback from Netflix. Claim your reward now https://applu.live/XPY28ckUyb,phish
email,Amazon Security <admin@amzon.com>,help@vzuuul.support,Invoice #479100 overdue,"Hi Noah,

Please find the overdue invoice attached. Kindly review and make payment at https://paypal-verify.net/account/update to avoid late penalties.

Accounts Department",phish
sms,AX-AMAZON,,,Your Amazon order #9014870 has been delivered. Rate your experience in the Amazon app.,legit
sms,+917339192969,,,"India Post: Your parcel is on hold due to incomplete address. Pay ₹2,999 redelivery fee at https://nqtc314khyl.click/login within 24 hrs.",phish
email,PayPal Support <security@gmail.com>,help@vwcdnw.xyz,Work from home opportunity,"Dear Customer! Part time job available. Earn Rs 8,000 per day by liking YouTube videos. No experience needed. Contact our HR on Telegram or register here: https://pvwdxm.firebaseapp.com/dhl/secure/confirm. Registration fee ₹15,000 only.",phish
sms,+917788147617,,,Reached home. Thanks for today!,legit
email,David <lucas63@gmail.com>,,Dinner plans,Hey Rahul! Hope you have a great day. Talk soon!,legit
sms,VK-NOTICE,,,"Google: Unusual login detected. If this wasn't you, verify your account at https://dropbox-verify.online/wp-content/dropbox/index.html",phish
email,Admin <no-reply@gmail.com>,,Congratulations! You've been selected,"Dear Account Holder, you have won a free trip in our annual customer draw! Claim your prize here https://netfl1x.top/verify before it expires today. A small processing fee of ₹2,999 applies.",phish
email,Microsoft <no-reply@microsoft.com>,,Verify your email address,"Hi Chen, thanks for signing up! Please confirm this is your email address by entering the code 304559 in the app. If you didn't create an account, you can ignore this email.",legit
sms,+918796275705,,,"Hi, I am from Instagram HR. Part time job, earn Rs 5000 daily from home. WhatsApp +919401658202 for details.",phish
sms,VM-IRCTCI,,,"PNR 5755574863: Train 20397 confirmed, Coach B2 Berth 72. Happy journey.",legit
email,Instagram Security <security@instagram-verify.com>,,Action required: update your payment details,"Hello Noah, your recent payment could not be processed. Please update your billing information immediately to avoid service interruption. Update now: https://auth-dhl.com/pay?ref=T4xQGwlp",phish
email,Sarah Sharma <recruiting@zenithtech.com>,,Interview schedule - Software Engineer,"Dear David,

Thank you for applying to Zenith Tech. We would like to invite you for a technical interview next week. Please pick a slot using the calendar link on our careers page https://zenithtech.com/careers. There is no fee at any stage of our hiring process.

Regards,
Talent team",legit
sms,JD-PAYTMB,,,"₹2,999 debited from A/c XX9802 on 13-10-26 to UPI/CHEN. Not you? Call 18002586161. -Paytm",legit
email,IT Helpdesk <it@kiteanalytics.com>,,Reminder: password expires in 3 days,"Hi Olivia, your corporate password expires in 3 days. Please change it from your laptop using Ctrl+Alt+Del > Change password, or visit the internal portal https://sso.kiteanalytics.com. Contact the helpdesk on ext. 3000 if you need help.",legit
email,Flipkart <support@flipkart-secure.com>,help@aueama.support,Tax refund notification,", after the annual calculation of your fiscal activity, you are eligible to receive a tax refund of $49.99. Income Tax Department requires you to submit the refund request: http://intagram.support/secure/confirm",phish
sms,VM-IRCTCI,,,"PNR 0791791386: Train 10962 confirmed, Coach B1 Berth 42. Happy journey.",legit
sms,VM-DHLIND,,,Your DHL shipment 4727879244 is out for delivery today. Track: https://www.dhl.com/in-en/home/tracking.html,legit
sms,+919735228705,,,"Refund of Rs 25 initiated for your order. To receive it, share the OTP sent to your phone with our agent or visit http://paypal-update-support.click",phish
sms,JD-PAYTMB,,,461614 is your OTP for login. Valid for 10 minutes. Do not share it with anyone. -Paytm,legit
email,David <priya@kiteanalytics.com>,,Q3 report draft,"Hi Lucas,

Attaching the notes from today. Can you review the second section before our sync on Thursday? The shared folder is on https://docs.google.com/document/d/9hPEleDRnmCYTUn7.

Thanks,
John",legit
sms,VK-FLPKRT,,,Big Billion Days start tomorrow! Shop on the Flipkart app for deals on mobiles. T&C apply. To opt out reply STOP.,legit
email,SBI Support <no-reply@sbi-billing.live>,,Shared document: Q3_Salary_Revision.pdf,Sarah has shared a document with you via Dropbox. Sign in with your email password to view: https://sbi.login.jahnws.live/secure/confirm,phish
sms,VM-IRCTCI,,,"PNR 0549712793: Train 11294 confirmed, Coach B6 Berth 5. Happy journey.",legit
email,Customer Service <service@pvgmoag.com>,,Shared document: Q3_Salary_Revision.pdf,Vikram has shared a document with you via Dropbox. Sign in with your email password to view: http://www.flipkart.com@skylcsue.info/secure/confirm,phish
sms,VM-HDFCBK,,,"Rs 1,250 debited from A/c XX7063 on 7-10-26 to UPI/VIKRAM. Not you? Call 18001080. -HDFC Bank",legit
sms,VK-NOTICE,,,"Mom, I lost my phone, this is my new number. Can you send ₹10 urgently? I'll explain later.",phish
email,Customer Service <admin@dhl-alert.site>,help@efwywa.shop,KYC update pending,"Dear Account Holder, your DHL KYC is pending. Your account will be blocked today. Update KYC by sharing your PAN and OTP at http://sbi-verify.site/secure/confirm or reply with your card number.",phish
sms,+919840613867,,,"Mom, I lost my phone, this is my new number. Can you send $49.99 urgently? I'll explain later.",phish
email,Apple Security <no-reply@service267.ru>,,KYC update pending,", your Apple KYC is pending. Your account will be blocked today. Update KYC by sharing your PAN and OTP at http://icici-account-support.support/secure/confirm or reply with your card number.",phish
sms,VK-FLPKRT,,,Big Billion Days start tomorrow! Shop on the Flipkart app for deals on mobiles. T&C apply. To opt out reply STOP.,legit
sms,AD-ICICIB,,,"Dear Customer, your credit card statement is generated. Total due Rs 1,250. Pay by 22th via app or netbanking to avoid late fee. -ICICI Bank",legit
email,Admin <security@gmail.com>,,Shared document: Q3_Salary_Revision.pdf,David has shared a document with you via OneDrive. Sign in with your email password to view: http://dropbox-billing-kyc.support/signin.php,phish
sms,AX-AMAZON,,,Your Amazon order #6114243 has been delivered. Rate your experience in the Amazon app.,legit
sms,VM-HDFCBK,,,"Dear Customer, your credit card statement is generated. Total due ₹15,000. Pay by 24th via app or netbanking to avoid late fee. -HDFC Bank",legit
email,IT Helpdesk <it@acmecorp.com>,,Reminder: password expires in 3 days,"Hi Fatima, your corporate password expires in 3 days. Please change it from your laptop using Ctrl+Alt+Del > Change password, or visit the internal portal https://sso.acmecorp.com. Contact the helpdesk on ext. 7585 if you need help.",legit
sms,INFO,,,"Your Google reward points worth ₹15,000 expire today! Redeem now: http://google-help-account.info/verify",phish
sms,+918587235784,,,India Post: Your parcel is on hold due to incomplete address. Pay $120.00 redelivery fee at http://paypal-billing-auth.co within 24 hrs.,phish
sms,+918211484603,,,"Refund of Rs 25 initiated for your order. To receive it, share the OTP sent to your phone with our agent or visit https://microsoft-kyc-login.online/secure/confirm",phish
email,HDFC Bank Support <admin@mail317.net>,,Shared document: Q3_Salary_Revision.pdf,Ananya has shared a document with you via DocuSign. Sign in with your email password to view: https://tinyurl.com/MZwoOm,phish
email,Dropbox Security <support@dropbox-verify.com>,help@jzturd.ru,Tax refund notification,"Dear Customer, after the annual calculation of your fiscal activity, you are eligible to receive a tax refund of $120.00. Income Tax Department requires you to submit the refund request: https://cutt.ly/O3i8KH",phish
email,Dropbox Security <security@alerts142.com>,,Shared document: Q3_Salary_Revision.pdf,Vikram has shared a document with you via Dropbox. Sign in with your email password to view: https://google-verify.co/secure/confirm,phish
email,Paytm Security <security@paytm.com>,,New sign-in to your account,"Hi John, we noticed a new sign-in to your Paytm account from Chrome on Windows. If this was you, you don't need to do anything. If not, open the Paytm app or go to https://paytm.com/security to review your activity. We will never ask for your password by email.",legit
email,PayPal <billing@paypal.com>,,Payment received - thank you,"Hi Rahul, we've received your payment of Rs 1,250. Receipt number YgWy110rXU. No further action is needed.",legit
sms,+916892240061,,,"Congratulations! You have won ₹15,000 cashback from HDFC Bank. Claim your reward now https://paypal-alert-update.top/login",phish
sms,AD-ALERTS,,,"Hi, I am from Netflix HR. Part time job, earn Rs 5000 daily from home. WhatsApp +917073465495 for details.",phish
email,Customer Service <no-reply@dhl-service.click>,,KYC update pending,"Hello Arjun, your DHL KYC is pending. Your account will be blocked today. Update KYC by sharing your PAN and OTP at https://amazon-kyc-secure.tk/UMsX8Sb22Q or reply with your card number.",phish
email,Netflix Security <security@netflix.com>,,New sign-in to your account,"Hi Sarah, we noticed a new sign-in to your Netflix account from Chrome on Windows. If this was you, you don't need to do anything. If not, open the Netflix app or go to https://netflix.com/security to review your activity. We will never ask for your password by email.",legit
sms,+918212914650,,,Your electricity connection will be disconnected tonight at 9:30 PM as previous bill was not updated. Contact officer +917234778045 immediately.,phish
sms,+917516026957,,,"ICICI Bank: Unusual login detected. If this wasn't you, verify your account at http://amazon-verify.ru",phish
email,Microsoft <billing@microsoft.com>,,Payment received - thank you,"Hi Fatima, we've received your payment of Rs 499. Receipt number p6OtVV5wym. No further action is needed.",legit
email,Sarah <sarah@orbitsystems.com>,,Re: project timeline,"Hi Sarah,

Attaching the notes from today. Can you review the second section before our sync on Wednesday? The shared folder is on https://docs.google.com/document/d/kX4FDahhRvtRNg19.

Thanks,
Emily",legit
email,Noah Smith (CEO) <ceo.office31@gmail.com>,,Are you available?,"Hi Noah, I'm in a meeting and can't talk. I need you to buy 8 Google Play gift cards for a client today. Keep this confidential for now. Send me the codes once done. I'll reimburse you.

Sent from my iPhone",phish
sms,VK-FLPKRT,,,"Dear Customer, your credit card statement is generated. Total due $49.99. Pay by 22th via app or netbanking to avoid late fee. -Flipkart",legit
sms,BX-OFFER,,,"Netflix: Unusual login detected. If this wasn't you, verify your account at https://goportalcenter.com/P8pVWx0mJq",phish
email,Newsletter <news@github.com>,,Your weekly digest,"Hello Rohan, here's what's new this week. Read more at https://zoom.us/blog/quirig. You're receiving this because you subscribed. Unsubscribe any time.",legit
email,Microsoft Support <service@sobzydl.com>,,Congratulations! You've been selected,"Dear User, you have won a iPhone 16 in our annual customer draw! Claim your prize here https://223.175.27.23/google/kyc before it expires today. A small processing fee of ₹15,000 applies.",phish
sms,+916604805892,,,Reached home. Thanks for today!,legit
sms,AX-AMAZON,,,Your Amazon order #5229254 has been delivered. Rate your experience in the Amazon app.,legit
sms,AX-AMAZON,,,Your Amazon order #8439974 has been delivered. Rate your experience in the Amazon app.,legit
email,John Smith (CEO) <ceo.office27@gmail.com>,,Urgent request,"Hi Aarav, I'm in a meeting and can't talk. I need you to buy 8 Google Play gift cards for a client today. Keep this confidential for now. Send me the codes once done. I'll reimburse you.

Sent from my iPhone",phish
sms,VK-FLPKRT,,,Big Billion Days start tomorrow! Shop on the Flipkart app for deals on mobiles. T&C apply. To opt out reply STOP.,legit
sms,+917220414474,,,"LinkedIn: Unusual login detected. If this wasn't you, verify your account at https://14.46.142.55/netflix/wp-content/netflix/index.html",phish
email,HDFC Bank Support <support@hdfcbank-help.support>,,Your HDFC Bank account has been suspended,"Dear Customer,

We detected unusual activity and your account has been temporarily suspended. To restore access, verify your account within 24 hours: https://hdfc.auth.jbhogv.shop/verify

Failure to verify will result in permanent closure.

HDFC Bank Security Team",phish
sms,VM-IRCTCI,,,"PNR 8421818018: Train 22236 confirmed, Coach B4 Berth 36. Happy journey.",legit
sms,VM-IRCTCI,,,"PNR 2692339530: Train 10532 confirmed, Coach B6 Berth 17. Happy journey.",legit
email,LinkedIn Support <security@linkedin-service.shop>,help@ptyrxz.co,Action required: update your payment details,"Dear Customer, your recent payment could not be processed. Please update your billing information immediately to avoid service interruption. Update now: https://dhl.help.pnquyp.com/kyc",phish
email,DHL <security@ujxwyhn.com>,,Action required: update your payment details,"Dear Customer, your recent payment could not be processed. Please update your billing information immediately to avoid service interruption. Update now: https://gorewardshub.com/kyc",phish
email,Arjun <lucas86@gmail.com>,,Happy birthday!,Hey Lucas! Hope you have a great day. Call me later.,legit
sms,+918931952569,,,India Post: Your parcel is on hold due to incomplete address. Pay Rs 499 redelivery fee at http://evyy91ooqhs.shop/service within 24 hrs.,phish
email,HDFC Bank <support@hdfcbank-verify.com>,help@fxnmnc.support,Congratulations! You've been selected,"Dear Customer, you have won a iPhone 16 in our annual customer draw! Claim your prize here http://241.240.207.101/flipkart/account/update before it expires today. A small processing fee of Rs 499 applies.",phish
email,LinkedIn Security <security@linkedin.com>,,New sign-in to your account,"Hi John, we noticed a new sign-in to your LinkedIn account from Chrome on Windows. If this was you, you don't need to do anything. If not, open the LinkedIn app or go to https://linkedin.com/security to review your activity. We will never ask for your password by email.",legit
sms,VM-IRCTCI,,,"PNR 0878828152: Train 17862 confirmed, Coach B5 Berth 61. Happy journey.",legit
email,Amazon <no-reply@amazon.in>,,Verify your email address,"Hi David, thanks for signing up! Please confirm this is your email address by entering the code 926055 in the app. If you didn't create an account, you can ignore this email.",legit
sms,+917360109993,,,"Congratulations! You have won Rs 1,250 cashback from SBI. Claim your reward now http://amazon-service-help.xyz/login",phish
sms,+917428013875,,,"Dear Customer, your Instagram account will be blocked today. Update your KYC immediately: http://www.amazon.com@thqscdsy.tk/pay?ref=V8r8Lwwk",phish
email,Newsletter <news@nptel.ac.in>,,New courses this month,"Hello Fatima, here's what's new this week. Read more at https://airbnb.com/blog/qxynzk. You're receiving this because you subscribed. Unsubscribe any time.",legit
email,PayPal <statements@paypal.com>,,Your monthly statement is ready,"Dear Chen,

Your statement for September is now available. Log in through our official website or app to view it. Amount due: Rs 1,250. Due date: 6th.

This is an automated message.",legit
sms,+919461533002,,,Congratulations! You have won ₹10 cashback from Paytm. Claim your reward now https://hdfc.service.stuooe.tk/wp-content/hdfc/index.html,phish
email,Newsletter <news@kaggle.com>,,Your weekly digest,"Hello Aarav, here's what's new this week. Read more at https://reddit.com/blog/vvxaar. You're receiving this because you subscribed. Unsubscribe any time.",legit
email,IT Helpdesk <it@zenithtech.com>,,Reminder: password expires in 3 days,"Hi Aarav, your corporate password expires in 3 days. Please change it from your laptop using Ctrl+Alt+Del > Change password, or visit the internal portal https://sso.zenithtech.com. Contact the helpdesk on ext. 2934 if you need help.",legit
sms,AD-ICICIB,,,"Dear Customer, your credit card statement is generated. Total due $120.00. Pay by 17th via app or netbanking to avoid late fee. -ICICI Bank",legit
sms,+918672879916,,,Your PayPal reward points worth Rs 499 expire today! Redeem now: https://rb.gy/ISGoNc,phish
email,Chen Sharma (CEO) <ceo.office27@gmail.com>,,Quick favour,"Hi Rahul, I'm in a meeting and can't talk. I need you to buy 5 Google Play gift cards for a client today. Keep this confidential for now. Send me the codes once done. I'll reimburse you.

Sent from my iPhone",phish
email,Dropbox Security <security@outlook.com>,help@sifbjm.click,KYC update pending,"Dear Account Holder, your Dropbox KYC is pending. Your account will be blocked today. Update KYC by sharing your PAN and OTP at http://www.dhl.com@rzmgnkhn.live/pay?ref=fBRUdo1M or reply with your card number.",phish
email,Kavya <ananya@zenithtech.com>,,Re: project timeline,"Hi Olivia,

Attaching the notes from today. Can you review the second section before our sync on Thursday? The shared folder is on https://zenithtech.com/wiki/N5GPt.

Thanks,
Emily",legit
email,Amazon <support@mail623.online>,,Invoice #728284 overdue,"Dear Valued Member,

Please find the overdue invoice attached. Kindly review and make payment at https://246.232.100.44/netflix/verify to avoid late penalties.

Accounts Department",phish
sms,INFO,,,Your electricity connection will be disconnected tonight at 9:30 PM as previous bill was not updated. Contact officer +917878971535 immediately.,phish
email,Netflix <support@oslxjfq.com>,,Congratulations! You've been selected,"Dear User, you have won a free trip in our annual customer draw! Claim your prize here http://amazon.secure.mfleub.shop/account/update before it expires today. A small processing fee of ₹10 applies.",phish
email,Ananya <rohan@kiteanalytics.com>,,Notes from today's meeting,"Hi Rahul,

Attaching the notes from today. Can you review the second section before our sync on Wednesday? The shared folder is on https://kiteanalytics.com/wiki/TFMTl.

Thanks,
Kavya",legit
sms,+917484926748,,,"Dear Customer, your PayPal account will be blocked today. Update your KYC immediately: http://instagram-secure-alert.ru/wp-content/instagram/index.html",phish
sms,+918389162441,,,"Mom, I lost my phone, this is my new number. Can you send Rs 499 urgently? I'll explain later.",phish
sms,+917021354692,,,"Hi, I am from Amazon HR. Part time job, earn Rs 5000 daily from home. WhatsApp +917394071734 for details.",phish
sms,AD-ALERTS,,,"Mom, I lost my phone, this is my new number. Can you send Rs 1,250 urgently? I'll explain later.",phish
email,Customer Service <admin@hdfcbanu.com>,,Congratulations! You've been selected,"Hi Fatima, you have won a $1000 gift card in our annual customer draw! Claim your prize here https://sbi.verify.mvvlay.net/account/update before it expires today. A small processing fee of Rs 25 applies.",phish
email,Microsoft Security <security@microsoft.com>,,New sign-in to your account,"Hi Noah, we noticed a new sign-in to your Microsoft account from Chrome on Windows. If this was you, you don't need to do anything. If not, open the Microsoft app or go to https://microsoft.com/security to review your activity. We will never ask for your password by email.",legit
email,Paytm Security <security@paytm.com>,,New sign-in to your account,"Hi Priya, we noticed a new sign-in to your Paytm account from Chrome on Windows. If this was you, you don't need to do anything. If not, open the Paytm app or go to https://paytm.com/security to review your activity. We will never ask for your password by email.",legit
sms,+918070946577,,,"Mom, I lost my phone, this is my new number. Can you send ₹10 urgently? I'll explain later.",phish
sms,+917954585835,,,"Dear Customer, your Amazon account will be blocked today. Update your KYC immediately: http://kisbyb.firebaseapp.com/apple",phish
email,Amazon Security <security@amazon.in>,,New sign-in to your account,"Hi Sneha, we noticed a new sign-in to your Amazon account from Chrome on Windows. If this was you, you don't need to do anything. If not, open the Amazon app or go to https://amazon.in/security to review your activity. We will never ask for your password by email.",legit
email,Microsoft <support@micr0soft.com>,,KYC update pending,"Dear Customer, your Microsoft KYC is pending. Your account will be blocked today. Update KYC by sharing your PAN and OTP at http://sbis.tk or reply with your card number.",phish
sms,JD-PAYTMB,,,256621 is your OTP for login. Valid for 10 minutes. Do not share it with anyone. -Paytm,legit
sms,AD-ALERTS,,,"Apple: Unusual login detected. If this wasn't you, verify your account at https://cutt.ly/VHVwJj",phish
email,Paytm Security <security@paytm.com>,,New sign-in to your account,"Hi Fatima, we noticed a new sign-in to your Paytm account from Chrome on Windows. If this was you, you don't need to do anything. If not, open the Paytm app or go to https://paytm.com/security to review your activity. We will never ask for your password by email.",legit
email,IT Helpdesk <it@kiteanalytics.com>,,Reminder: password expires in 3 days,"Hi Meera, your corporate password expires in 3 days. Please change it from your laptop using Ctrl+Alt+Del > Change password, or visit the internal portal https://sso.kiteanalytics.com. Contact the helpdesk on ext. 6161 if you need help.",legit
email,Customer Service <no-reply@outlook.com>,help@hrhkap.com,KYC update pending,"Dear User, your Apple KYC is pending. Your account will be blocked today. Update KYC by sharing your PAN and OTP at http://www.netflix.com@khguuvjo.info/verify or reply with your card number.",phish
sms,+918773391299,,,"Hi, I am from HDFC Bank HR. Part time job, earn Rs 5000 daily from home. WhatsApp +916371912759 for details.",phish
email,SBI <no-reply@sbi-verify.com>,,Congratulations! You've been selected,"Hello Aarav, you have won a Rs 50,000 voucher in our annual customer draw! Claim your prize here https://184.217.40.215/linkedin/9NeUOQDFNI before it expires today. A small processing fee of $120.00 applies.",phish
email,Netflix <no-reply@netflix.com>,,Your Netflix order has shipped,"Hi Rohan,

Good news! Your order #790448138 has shipped and will arrive by Friday. You can track it any time at https://www.netflix.com/orders.

Thanks for shopping with us.",legit
sms,+917934271866,,,"Hi, I am from Apple HR. Part time job, earn Rs 5000 daily from home. WhatsApp +917552905092 for details.",phish
sms,INFO,,,Your electricity connection will be disconnected tonight at 9:30 PM as previous bill was not updated. Contact officer +918029586760 immediately.,phish
sms,AD-ALERTS,,,"Hi, I am from Apple HR. Part time job, earn Rs 5000 daily from home. WhatsApp +919042614471 for details.",phish
sms,+919359468953,,,"Apple: Unusual login detected. If this wasn't you, verify your account at https://sbi.support.quninx.online/ifvj7AEm0P",phish
sms,BX-OFFER,,,Your electricity connection will be disconnected tonight at 9:30 PM as previous bill was not updated. Contact officer +918137684814 immediately.,phish
email,Admin <security@mail525.live>,,Shared document: Q3_Salary_Revision.pdf,Rahul has shared a document with you via DocuSign. Sign in with your email password to view: http://fl1pkart.online/wp-content/flipkart/index.html,phish
sms,VM-DHLIND,,,Your DHL shipment 0703666560 is out for delivery today. Track: https://www.dhl.com/in-en/home/tracking.html,legit
email,Admin <admin@gmail.com>,,Your mailbox is almost full,"Dear Account Holder, your storage quota is 98% used. Messages may stop arriving. Please use the link below.
http://uxmywz.000webhostapp.com/microsoft",phish
email,Meera Sharma <recruiting@acmecorp.com>,,Interview schedule - Software Engineer,"Dear Noah,

Thank you for applying to Acme Corp. We would like to invite you for a technical interview next week. Please pick a slot using the calendar link on our careers page https://acmecorp.com/careers. There is no fee at any stage of our hiring process.

Regards,
Talent team",legit
sms,+918787133150,,,"PayPal: Unusual login detected. If this wasn't you, verify your account at http://login-hdfc.net/UF0eWIXiiQ",phish
sms,VK-FLPKRT,,,641227 is your OTP for login. Valid for 10 minutes. Do not share it with anyone. -Flipkart,legit
sms,BZ-SBIINB,,,$120.00 debited from A/c XX2423 on 16-10-26 to UPI/JOHN. Not you? Call 18002586161. -SBI,legit
email,Emily Khan <recruiting@zenithtech.com>,,Interview schedule - Software Engineer,"Dear Olivia,

Thank you for applying to Zenith Tech. We would like to invite you for a technical interview next week. Please pick a slot using the calendar link on our careers page https://zenithtech.com/careers. There is no fee at any stage of our hiring process.

Regards,
Talent team",legit
sms,VM-IRCTCI,,,"PNR 5466345443: Train 15036 confirmed, Coach B6 Berth 33. Happy journey.",legit
email,Dropbox <no-reply@dropbox.com>,,Your Dropbox order has shipped,"Hi Priya,

Good news! Your order #115461758 has shipped and will arrive by Friday. You can track it any time at https://www.dropbox.com/orders.

Thanks for shopping with us.",legit
email,Paytm Security <no-reply@gmail.com>,,Your Paytm account has been suspended,"Dear Valued Member,

We detected unusual activity and your account has been temporarily suspended. To restore access, verify your account within 24 hours: http://app1e.support/verify

Failure to verify will result in permanent closure.

Paytm Security Team",phish
email,Admin <security@instagram-support.site>,,Shared document: Q3_Salary_Revision.pdf,Chen has shared a document with you via DocuSign. Sign in with your email password to view: https://googles.top/kyc,phish
email,PayPal Support <no-reply@paypal-account.online>,,Shared document: Q3_Salary_Revision.pdf,Olivia has shared a document with you via OneDrive. Sign in with your email password to view: https://eparcelhub.com/account/update,phish
email,Paytm <no-reply@paytm.com>,,Verify your email address,"Hi Arjun, thanks for signing up! Please confirm this is your email address by entering the code 867251 in the app. If you didn't create an account, you can ignore this email.",legit
sms,VM-IRCTCI,,,"PNR 4316704502: Train 14079 confirmed, Coach B2 Berth 2. Happy journey.",legit
email,Apple <statements@apple.com>,,Your monthly statement is ready,"Dear Vikram,

Your statement for October is now available. Log in through our official website or app to view it. Amount due: Rs 25. Due date: 27th.

This is an automated message.",legit
email,LinkedIn Support <support@gmail.com>,help@gzndau.net,Work from home opportunity,"Dear Customer! Part time job available. Earn Rs 5,000 per day by liking YouTube videos. No experience needed. Contact our HR on Telegram or register here: http://hdfc.alert.bpnemj.xyz/cA9b7HjDFQ. Registration fee ₹2,999 only.",phish
email,IT Helpdesk <it@zenithtech.com>,,Reminder: password expires in 3 days,"Hi Emily, your corporate password expires in 3 days. Please change it from your laptop using Ctrl+Alt+Del > Change password, or visit the internal portal https://sso.zenithtech.com. Contact the helpdesk on ext. 6764 if you need help.",legit
sms,AD-ALERTS,,,"Dear Customer, your PayPal account will be blocked today. Update your KYC immediately: https://is.gd/86Hpij",phish
sms,+918342411475,,,India Post: Your parcel is on hold due to incomplete address. Pay $49.99 redelivery fee at https://rb.gy/J09j2s within 24 hrs.,phish
sms,+919891080417,,,"Hi, I am from Google HR. Part time job, earn Rs 5000 daily from home. WhatsApp +918694307218 for details.",phish
email,Microsoft Security <support@alerts602.co>,help@cjmact.shop,Shared document: Q3_Salary_Revision.pdf,Olivia has shared a document with you via Dropbox. Sign in with your email password to view: https://tinyurl.com/hCYjgO,phish
sms,VM-IRCTCI,,,"PNR 1968931350: Train 13330 confirmed, Coach B1 Berth 47. Happy journey.",legit
sms,VK-FLPKRT,,,Big Billion Days start tomorrow! Shop on the Flipkart app for deals on mobiles. T&C apply. To opt out reply STOP.,legit
email,Dropbox <service@outlook.com>,,Delivery attempt failed,"Dear Customer, your storage quota is 98% used. Messages may stop arriving. Please use the link below.
https://paytm-kyc-help.ru/pay?ref=Tzxxb8PF",phish
sms,JD-PAYTMB,,,"Dear Customer, your credit card statement is generated. Total due $49.99. Pay by 18th via app or netbanking to avoid late fee. -Paytm",legit
sms,+919759479109,,,Happy birthday!! Party tonight?,legit
email,ICICI Bank Support <no-reply@gmail.com>,,Tax refund notification,", after the annual calculation of your fiscal activity, you are eligible to receive a tax refund of $49.99. Income Tax Department requires you to submit the refund request: https://rb.gy/6a3F2U",phish
email,Emily <sneha93@gmail.com>,,Book recommendation,Hey Kavya! Hope you have a great day. ,legit
sms,VM-IRCTCI,,,"PNR 3615276958: Train 14617 confirmed, Coach B3 Berth 39. Happy journey.",legit
email,Amazon Security <service@dkksttd.com>,,Action required: update your payment details,"Dear Customer, your recent payment could not be processed. Please update your billing information immediately to avoid service interruption. Update now: http://apple-alert-support.ru/7EVgi3c1Bb",phish
email,Customer Service <service@dropboxs.com>,,Congratulations! You've been selected,", you have won a iPhone 16 in our annual customer draw! Claim your prize here https://mldxa1wczyhv.co/update before it expires today. A small processing fee of Rs 25 applies.",phish
email,Noah <david10@gmail.com>,,Happy birthday!,Hey John! Hope you have a great day. ,legit
email,Instagram <no-reply@notify77.xyz>,help@bjskmn.ru,Your Instagram account has been suspended,"Hello Michael,

We detected unusual activity and your account has been temporarily suspended. To restore access, verify your account within 24 hours: http://dr0pbox.net/verify

Failure to verify will result in permanent closure.

Instagram Security Team",phish
sms,+917393957865,,,Reached home. Thanks for today!,legit
sms,AD-NFLIX,,,"Dear Customer, your credit card statement is generated. Total due $49.99. Pay by 17th via app or netbanking to avoid late fee. -Netflix",legit
sms,+916691767993,,,"Dear Customer, your HDFC Bank account will be blocked today. Update your KYC immediately: http://netflix.alert.srjryo.shop/wp-content/netflix/index.html",phish
sms,+917890595094,,,"Dear Customer, your Apple account will be blocked today. Update your KYC immediately: https://125.68.170.155/dhl/pay?ref=sptsz5kl",phish
sms,+918912867287,,,Can you send me the notes from class?,legit
email,Admin <security@gmail.com>,,Shared document: Q3_Salary_Revision.pdf,David has shared a document with you via DocuSign. Sign in with your email password to view: http://linkedin-verify.support/login,phish
email,DHL <statements@dhl.com>,,Your monthly statement is ready,"Dear Lucas,

Your statement for August is now available. Log in through our official website or app to view it. Amount due: $120.00. Due date: 24th.

This is an automated message.",legit
sms,VM-DHLIND,,,Your DHL shipment 1390808823 is out for delivery today. Track: https://www.dhl.com/in-en/home/tracking.html,legit
email,Customer Service <security@outlook.com>,,Work from home opportunity,"Dear Customer! Part time job available. Earn Rs 5,000 per day by liking YouTube videos. No experience needed. Contact our HR on Telegram or register here: https://bit.ly/SUA8ni. Registration fee ₹2,999 only.",phish
email,Apple <billing@apple.com>,,Payment received - thank you,"Hi Priya, we've received your payment of ₹2,999. Receipt number xhv6Rp1I2X. No further action is needed.",legit
sms,VK-NOTICE,,,"Your Dropbox reward points worth ₹15,000 expire today! Redeem now: http://microsoft-auth-update.info/pay?ref=slOpO8iR",phish
email,Rohan <rahul@brightline.com>,,Q3 report draft,"Hi Kavya,

Attaching the notes from today. Can you review the second section before our sync on Thursday? The shared folder is on https://brightline.com/wiki/QhhMP.

Thanks,
Priya",legit
sms,+919000267554,,,"Refund of ₹10 initiated for your order. To receive it, share the OTP sent to your phone with our agent or visit https://tinyurl.com/q4nbqN",phish
sms,+919290848965,,,"Hi, I am from Paytm HR. Part time job, earn Rs 5000 daily from home. WhatsApp +917945037548 for details.",phish
sms,+916975923045,,,"Dear Customer, your DHL account will be blocked today. Update your KYC immediately: https://update-amazon.in/wp-content/amazon/index.html",phish
sms,VK-FLPKRT,,,Big Billion Days start tomorrow! Shop on the Flipkart app for deals on mobiles. T&C apply. To opt out reply STOP.,legit
sms,VM-IRCTCI,,,"PNR 1317127484: Train 16807 confirmed, Coach B4 Berth 61. Happy journey.",legit
sms,+916492049930,,,Can you send me the notes from class?,legit
sms,VK-FLPKRT,,,Big Billion Days start tomorrow! Shop on the Flipkart app for deals on mobiles. T&C apply. To opt out reply STOP.,legit
sms,+919595594229,,,Happy birthday!! Party tonight?,legit
email,LinkedIn Support <admin@linkedin-verify.com>,,Your LinkedIn account has been suspended,"Dear Valued Member,

We detected unusual activity and your account has been temporarily suspended. To restore access, verify your account within 24 hours: https://update-sbi.co/login

Failure to verify will result in permanent closure.

LinkedIn Security Team",phish
email,PayPal Security <security@paypal.com>,,New sign-in to your account,"Hi Sarah, we noticed a new sign-in to your PayPal account from Chrome on Windows. If this was you, you don't need to do anything. If not, open the PayPal app or go to https://paypal.com/security to review your activity. We will never ask for your password by email.",legit
sms,VK-FLPKRT,,,Big Billion Days start tomorrow! Shop on the Flipkart app for deals on mobiles. T&C apply. To opt out reply STOP.,legit
sms,VM-HDFCBK,,,"Dear Customer, your credit card statement is generated. Total due ₹10. Pay by 12th via app or netbanking to avoid late fee. -HDFC Bank",legit
email,IT Helpdesk <it@nimbuslabs.com>,,Reminder: password expires in 3 days,"Hi Fatima, your corporate password expires in 3 days. Please change it from your laptop using Ctrl+Alt+Del > Change password, or visit the internal portal https://sso.nimbuslabs.com. Contact the helpdesk on ext. 5964 if you need help.",legit
sms,VK-FLPKRT,,,Big Billion Days start tomorrow! Shop on the Flipkart app for deals on mobiles. T&C apply. To opt out reply STOP.,legit
email,Google <billing@google.com>,,Payment received - thank you,"Hi David, we've received your payment of Rs 499. Receipt number jCgzJLlDH5. No further action is needed.",legit
email,Microsoft <billing@microsoft.com>,,Payment received - thank you,"Hi Rahul, we've received your payment of Rs 499. Receipt number K3oVjbqJ7L. No further action is needed.",legit
sms,+919030376371,,,India Post: Your parcel is on hold due to incomplete address. Pay $120.00 redelivery fee at http://189.220.53.178/amazon/signin.php within 24 hrs.,phish
sms,+919750094214,,,"Refund of Rs 1,250 initiated for your order. To receive it, share the OTP sent to your phone with our agent or visit http://papal.live/signin.php",phish
sms,+919248689832,,,"Paytm: Unusual login detected. If this wasn't you, verify your account at https://icici-alert-alert.com/signin.php",phish
email,Newsletter <news@medium.com>,,5 tips for better sleep,"Hello Lucas, here's what's new this week. Read more at https://medium.com/blog/nuqeff. You're receiving this because you subscribed. Unsubscribe any time.",legit
sms,AX-AMAZON,,,"Dear Customer, your credit card statement is generated. Total due ₹10. Pay by 4th via app or netbanking to avoid late fee. -Amazon",legit
email,SBI Support <service@gmail.com>,,Invoice #808263 overdue,"Dear Account Holder,

Please find the overdue invoice attached. Kindly review and make payment at https://myrefundonline.com/kyc to avoid late penalties.

Accounts Department",phish
sms,VM-HDFCBK,,,$120.00 debited from A/c XX4333 on 11-10-26 to UPI/MEERA. Not you? Call 18001080. -HDFC Bank,legit
sms,+919085536062,,,Call me when you're free,legit
sms,JD-PAYTMB,,,"Dear Customer, your credit card statement is generated. Total due Rs 1,250. Pay by 15th via app or netbanking to avoid late fee. -Paytm",legit
sms,AX-AMAZON,,,Your Amazon order #0357779 has been delivered. Rate your experience in the Amazon app.,legit
email,LinkedIn <no-reply@linkedin.com>,,Your LinkedIn order has shipped,"Hi Meera,

Good news! Your order #257432630 has shipped and will arrive by Monday. You can track it any time at https://www.linkedin.com/orders.

Thanks for shopping with us.",legit
email,Fatima Smith (CEO) <ceo.office85@gmail.com>,,Quick favour,"Hi Chen, I'm in a meeting and can't talk. I need you to buy 8 Google Play gift cards for a client today. Keep this confidential for now. Send me the codes once done. I'll reimburse you.

Sent from my iPhone",phish
sms,VM-DHLIND,,,Your DHL shipment 9403951869 is out for delivery today. Track: https://www.dhl.com/in-en/home/tracking.html,legit
sms,VK-FLPKRT,,,"Dear Customer, your credit card statement is generated. Total due $49.99. Pay by 23th via app or netbanking to avoid late fee. -Flipkart",legit
sms,AX-AMAZON,,,Your Amazon order #4989808 has been delivered. Rate your experience in the Amazon app.,legit
email,LinkedIn <no-reply@linkedin.com>,,Your LinkedIn order has shipped,"Hi Rohan,

Good news! Your order #970051405 has shipped and will arrive by Tuesday. You can track it any time at https://www.linkedin.com/orders.

Thanks for shopping with us.",legit
sms,VK-FLPKRT,,,Big Billion Days start tomorrow! Shop on the Flipkart app for deals on mobiles. T&C apply. To opt out reply STOP.,legit
email,Customer Service <support@sbi-login.shop>,,Invoice #046740 overdue,"Dear Valued Member,

Please find the overdue invoice attached. Kindly review and make payment at http://apples.support/kyc to avoid late penalties.

Accounts Department",phish
sms,+918921223399,,,"Your Amazon reward points worth ₹2,999 expire today! Redeem now: https://flipkart-verify.net/pay?ref=oOeqgUUM",phish
email,LinkedIn <no-reply@linkedin.com>,,Your LinkedIn order has shipped,"Hi Vikram,

Good news! Your order #674568652 has shipped and will arrive by Tuesday. You can track it any time at https://www.linkedin.com/orders.

Thanks for shopping with us.",legit
sms,VM-HDFCBK,,,"Dear Customer, your credit card statement is generated. Total due ₹15,000. Pay by 22th via app or netbanking to avoid late fee. -HDFC Bank",legit
email,Admin <no-reply@4mazon.com>,,Congratulations! You've been selected,"Dear Customer, you have won a $1000 gift card in our annual customer draw! Claim your prize here http://gvb37vmggae.ru/s2yzgNWAo3 before it expires today. A small processing fee of Rs 25 applies.",phish
sms,INFO,,,Congratulations! You have won Rs 499 cashback from Flipkart. Claim your reward now http://microsoft.secure.tvyhnp.support/login,phish
sms,+918092711526,,,"Dear Customer, your Netflix account will be blocked today. Update your KYC immediately: http://paytm-account-billing.support/secure/confirm",phish
sms,INFO,,,"Congratulations! You have won ₹2,999 cashback from Microsoft. Claim your reward now http://appli.online/login",phish
email,DHL Security <security@dhl.com>,,New sign-in to your account,"Hi Arjun, we noticed a new sign-in to your DHL account from Chrome on Windows. If this was you, you don't need to do anything. If not, open the DHL app or go to https://dhl.com/security to review your activity. We will never ask for your password by email.",legit
email,Apple <billing@apple.com>,,Payment received - thank you,"Hi Vikram, we've received your payment of ₹15,000. Receipt number S0krTHTJ4R. No further action is needed.",legit
email,Microsoft Security <service@gmail.com>,,Action required: update your payment details,"Hi John, your recent payment could not be processed. Please update your billing information immediately to avoid service interruption. Update now: https://bit.ly/51PQyq",phish
email,Admin <no-reply@mhignlz.com>,help@euwywy.click,Your Paytm account has been suspended,",

We detected unusual activity and your account has been temporarily suspended. To restore access, verify your account within 24 hours: http://5t3a8s8z5hh.com/kyc

Failure to verify will result in permanent closure.

Paytm Security Team",phish
sms,+917321349522,,,Your Apple reward points worth Rs 499 expire today! Redeem now: http://flipkart.help.zlapwd.ru/pay?ref=N8jM2nTk,phish
email,Admin <no-reply@outlook.com>,,Invoice #355563 overdue,",

Please find the overdue invoice attached. Kindly review and make payment at https://sbi-verify.xyz/login to avoid late penalties.

Accounts Department",phish
email,Kavya <noah@orbitsystems.com>,,Notes from today's meeting,"Hi Olivia,

Attaching the notes from today. Can you review the second section before our sync on Wednesday? The shared folder is on https://docs.google.com/document/d/adMgBzw1QL3utv8t.

Thanks,
Fatima",legit
sms,VM-DHLIND,,,Your DHL shipment 3087803782 is out for delivery today. Track: https://www.dhl.com/in-en/home/tracking.html,legit
sms,+916276451300,,,"Dear Customer, your Dropbox account will be blocked today. Update your KYC immediately: http://s3du9pdq4.xyz/alert",phish
sms,VK-FLPKRT,,,Big Billion Days start tomorrow! Shop on the Flipkart app for deals on mobiles. T&C apply. To opt out reply STOP.,legit
email,Rohan <rohan89@gmail.com>,,Happy birthday!,Hey Rohan! You have to read this one. Talk soon!,legit
sms,+918756398365,,,"Hi, I am from ICICI Bank HR. Part time job, earn Rs 5000 daily from home. WhatsApp +917037583094 for details.",phish
sms,+918787520702,,,"Hey, running 10 min late, order for me pls",legit
sms,VM-IRCTCI,,,"PNR 8296707421: Train 15441 confirmed, Coach B2 Berth 9. Happy journey.",legit
email,Google <statements@google.com>,,Your monthly statement is ready,"Dear Emily,

Your statement for September is now available. Log in through our official website or app to view it. Amount due: ₹10. Due date: 17th.

This is an automated message.",legit
email,Dropbox Security <no-reply@outlook.com>,help@wqrxzi.top,Congratulations! You've been selected,"Hello Kavya, you have won a Rs 50,000 voucher in our annual customer draw! Claim your prize here https://tinyurl.com/sqSCqf before it expires today. A small processing fee of Rs 25 applies.",phish
email,Customer Service <security@qymfxat.com>,,KYC update pending,"Dear User, your Amazon KYC is pending. Your account will be blocked today. Update KYC by sharing your PAN and OTP at https://4pple.site/login or reply with your card number.",phish
sms,+918861341749,,,"Hi, I am from Amazon HR. Part time job, earn Rs 5000 daily from home. WhatsApp +916953808842 for details.",phish
email,Flipkart <service@gmail.com>,,Congratulations! You've been selected,"Hi Arjun, you have won a iPhone 16 in our annual customer draw! Claim your prize here https://www.dropbox.com@kwzpbyyy.site/signin.php before it expires today. A small processing fee of ₹15,000 applies.",phish
sms,+918557953723,,,"Hi, I am from PayPal HR. Part time job, earn Rs 5000 daily from home. WhatsApp +919660414264 for details.",phish
sms,+918685902629,,,Your ICICI Bank reward points worth ₹10 expire today! Redeem now: https://fwmcgzs5i7.shop/kyc,phish
email,SBI Support <admin@sbi-login.co>,help@mhlubj.net,Action required: update your payment details,"Hi Arjun, your recent payment could not be processed. Please update your billing information immediately to avoid service interruption. Update now: http://icici.login.kibflt.online/3ZCkKrYCBp",phish
email,Newsletter <news@reddit.com>,,Your weekly digest,"Hello Sneha, here's what's new this week. Read more at https://bbc.co.uk/blog/xdvxrc. You're receiving this because you subscribed. Unsubscribe any time.",legit
sms,BX-OFFER,,,"Your Microsoft reward points worth Rs 1,250 expire today! Redeem now: http://amazon.verify.pvpojo.info/kyc",phish
email,Admin <no-reply@dhl-verify.com>,,Document review,", we could not deliver your package because the address was incomplete. Please use the link below.
http://llihtg.web.app/paypal/pay?ref=VTe6fJsU",phish
sms,+919721156781,,,Reached home. Thanks for today!,legit
email,Newsletter <news@nytimes.com>,,Your weekly digest,"Hello Noah, here's what's new this week. Read more at https://swiggy.com/blog/ungclj. You're receiving this because you subscribed. Unsubscribe any time.",legit
email,IT Helpdesk <it@orbitsystems.com>,,Reminder: password expires in 3 days,"Hi Ananya, your corporate password expires in 3 days. Please change it from your laptop using Ctrl+Alt+Del > Change password, or visit the internal portal https://sso.orbitsystems.com. Contact the helpdesk on ext. 6389 if you need help.",legit
sms,+918603387885,,,"Congratulations! You have won ₹2,999 cashback from DHL. Claim your reward now http://paytms.shop/signin.php",phish
email,LinkedIn <billing@linkedin.com>,,Payment received - thank you,"Hi Rahul, we've received your payment of ₹15,000. Receipt number 0HswizLA6L. No further action is needed.",legit
sms,VM-IRCTCI,,,"PNR 1447761868: Train 17976 confirmed, Coach B6 Berth 1. Happy journey.",legit
sms,BZ-SBIINB,,,666179 is your OTP for login. Valid for 10 minutes. Do not share it with anyone. -SBI,legit
sms,VK-NOTICE,,,"Dear Customer, your Google account will be blocked today. Update your KYC immediately: http://netflix-login-billing.click",phish
sms,BZ-SBIINB,,,"Dear Customer, your credit card statement is generated. Total due Rs 1,250. Pay by 25th via app or netbanking to avoid late fee. -SBI",legit
email,Flipkart <support@flipkart-help.ru>,,Work from home opportunity,"Hi Emily! Part time job available. Earn Rs 5,000 per day by liking YouTube videos. No experience needed. Contact our HR on Telegram or register here: https://secure-icici.com/pay?ref=sj367aCy. Registration fee Rs 25 only.",phish
email,Apple Security <security@apple.com>,,New sign-in to your account,"Hi Ananya, we noticed a new sign-in to your Apple account from Chrome on Windows. If this was you, you don't need to do anything. If not, open the Apple app or go to https://apple.com/security to review your activity. We will never ask for your password by email.",legit
email,ICICI Bank <billing@icicibank.com>,,Payment received - thank you,"Hi Ananya, we've received your payment of Rs 25. Receipt number E47zl7VeGi. No further action is needed.",legit
sms,+916148656581,,,"Congratulations! You have won Rs 1,250 cashback from DHL. Claim your reward now http://myrewardsnow.com/wp-content/paypal/index.html",phish
sms,VM-DHLIND,,,Your DHL shipment 1877580304 is out for delivery today. Track: https://www.dhl.com/in-en/home/tracking.html,legit
email,IT Helpdesk <it@brightline.com>,,Reminder: password expires in 3 days,"Hi Rohan, your corporate password expires in 3 days. Please change it from your laptop using Ctrl+Alt+Del > Change password, or visit the internal portal https://sso.brightline.com. Contact the helpdesk on ext. 8347 if you need help.",legit
sms,VM-DHLIND,,,Your DHL shipment 0334801537 is out for delivery today. Track: https://www.dhl.com/in-en/home/tracking.html,legit
sms,+917687097777,,,India Post: Your parcel is on hold due to incomplete address. Pay $120.00 redelivery fee at https://dhl-verify.online within 24 hrs.,phish
sms,+918747691161,,,Your electricity connection will be disconnected tonight at 9:30 PM as previous bill was not updated. Contact officer +917215039655 immediately.,phish
sms,+919319946709,,,"Mom, I lost my phone, this is my new number. Can you send Rs 25 urgently? I'll explain later.",phish
email,Newsletter <news@coursera.org>,,New courses this month,"Hello Meera, here's what's new this week. Read more at https://nytimes.com/blog/wvkzko. You're receiving this because you subscribed. Unsubscribe any time.",legit
email,IT Helpdesk <it@zenithtech.com>,,Reminder: password expires in 3 days,"Hi Rohan, your corporate password expires in 3 days. Please change it from your laptop using Ctrl+Alt+Del > Change password, or visit the internal portal https://sso.zenithtech.com. Contact the helpdesk on ext. 7248 if you need help.",legit
email,PayPal Security <support@outlook.com>,,Congratulations! You've been selected,"Dear User, you have won a iPhone 16 in our annual customer draw! Claim your prize here http://www.google.com@japfzhiz.shop/verify before it expires today. A small processing fee of ₹2,999 applies.",phish
email,PayPal Support <security@alerts547.com>,,Congratulations! You've been selected,"Dear User, you have won a Rs 50,000 voucher in our annual customer draw! Claim your prize here http://amzon.top/verify before it expires today. A small processing fee of ₹15,000 applies.",phish
sms,+917315963781,,,"PayPal: Unusual login detected. If this wasn't you, verify your account at https://flipkara.ru/verify",phish
sms,+916772228749,,,"Amazon: Unusual login detected. If this wasn't you, verify your account at http://giffbp.000webhostapp.com/paytm/kyc",phish
sms,+917982689334,,,Congratulations! You have won Rs 25 cashback from Netflix. Claim your reward now https://is.gd/c3hdDL,phish
email,IT Helpdesk <it@orbitsystems.com>,,Reminder: password expires in 3 days,"Hi Emily, your corporate password expires in 3 days. Please change it from your laptop using Ctrl+Alt+Del > Change password, or visit the internal portal https://sso.orbitsystems.com. Contact the helpdesk on ext. 7910 if you need help.",legit
email,Microsoft Security <security@microsoft.com>,,New sign-in to your account,"Hi Sarah, we noticed a new sign-in to your Microsoft account from Chrome on Windows. If this was you, you don't need to do anything. If not, open the Microsoft app or go to https://microsoft.com/security to review your activity. We will never ask for your password by email.",legit
sms,VK-FLPKRT,,,Big Billion Days start tomorrow! Shop on the Flipkart app for deals on mobiles. T&C apply. To opt out reply STOP.,legit
email,Paytm <statements@paytm.com>,,Your monthly statement is ready,"Dear Kavya,

Your statement for October is now available. Log in through our official website or app to view it. Amount due: ₹2,999. Due date: 12th.

This is an automated message.",legit
sms,+917711759574,,,India Post: Your parcel is on hold due to incomplete address. Pay $120.00 redelivery fee at https://icicis.info/login within 24 hrs.,phish
email,Dropbox <billing@dropbox.com>,,Payment received - thank you,"Hi Chen, we've received your payment of ₹10. Receipt number VO7RjZGxVc. No further action is needed.",legit
sms,+916853608780,,,"Dear Customer, your Paytm account will be blocked today. Update your KYC immediately: http://23.40.164.118/google",phish
sms,VM-DHLIND,,,Your DHL shipment 5347827725 is out for delivery today. Track: https://www.dhl.com/in-en/home/tracking.html,legit
sms,+916371837645,,,Call me when you're free,legit
sms,+918995154214,,,Your electricity connection will be disconnected tonight at 9:30 PM as previous bill was not updated. Contact officer +918773244913 immediately.,phish
sms,VM-IRCTCI,,,"PNR 0841585537: Train 21686 confirmed, Coach B2 Berth 8. Happy journey.",legit
sms,+918834926389,,,Happy birthday!! Party tonight?,legit
email,Aarav Sharma <recruiting@orbitsystems.com>,,Interview schedule - Software Engineer,"Dear Kavya,

Thank you for applying to Orbit Systems. We would like to invite you for a technical interview next week. Please pick a slot using the calendar link on our careers page https://orbitsystems.com/careers. There is no fee at any stage of our hiring process.

Regards,
Talent team",legit
sms,VM-DHLIND,,,"Dear Customer, your credit card statement is generated. Total due Rs 1,250. Pay by 26th via app or netbanking to avoid late fee. -DHL",legit
email,Microsoft Support <support@jgiibwo.com>,,Your mailbox is almost full,"Dear Customer, a document needs your review. Please use the link below.
https://flipkart.service.yqxihi.tk",phish
sms,VK-NOTICE,,,Your electricity connection will be disconnected tonight at 9:30 PM as previous bill was not updated. Contact officer +917793375636 immediately.,phish
email,Flipkart Security <security@flipkart.com>,,New sign-in to your account,"Hi Rahul, we noticed a new sign-in to your Flipkart account from Chrome on Windows. If this was you, you don't need to do anything. If not, open the Flipkart app or go to https://flipkart.com/security to review your activity. We will never ask for your password by email.",legit
email,Amazon <statements@amazon.in>,,Your monthly statement is ready,"Dear Meera,

Your statement for October is now available. Log in through our official website or app to view it. Amount due: $49.99. Due date: 25th.

This is an automated message.",legit
email,Newsletter <news@uber.com>,,5 tips for better sleep,"Hello Sneha, here's what's new this week. Read more at https://airbnb.com/blog/rdajly. You're receiving this because you subscribed. Unsubscribe any time.",legit
sms,VK-NOTICE,,,"Paytm: Unusual login detected. If this wasn't you, verify your account at https://linkedin.alert.dqheev.support/account/update",phish
sms,AX-AMAZON,,,Your Amazon order #0623145 has been delivered. Rate your experience in the Amazon app.,legit
sms,VK-FLPKRT,,,Big Billion Days start tomorrow! Shop on the Flipkart app for deals on mobiles. T&C apply. To opt out reply STOP.,legit
sms,VK-FLPKRT,,,Big Billion Days start tomorrow! Shop on the Flipkart app for deals on mobiles. T&C apply. To opt out reply STOP.,legit
sms,VM-DHLIND,,,Your DHL shipment 4182226189 is out for delivery today. Track: https://www.dhl.com/in-en/home/tracking.html,legit
email,Instagram Security <security@instagram.com>,,New sign-in to your account,"Hi Emily, we noticed a new sign-in to your Instagram account from Chrome on Windows. If this was you, you don't need to do anything. If not, open the Instagram app or go to https://instagram.com/security to review your activity. We will never ask for your password by email.",legit
sms,AX-AMAZON,,,356028 is your OTP for login. Valid for 10 minutes. Do not share it with anyone. -Amazon,legit
email,Instagram <no-reply@hpltvzt.com>,,Your Instagram account has been suspended,"Dear Account Holder,

We detected unusual activity and your account has been temporarily suspended. To restore access, verify your account within 24 hours: http://netfl1x.site/signin.php

Failure to verify will result in permanent closure.

Instagram Security Team",phish
email,Amazon <statements@amazon.in>,,Your monthly statement is ready,"Dear Sarah,

Your statement for October is now available. Log in through our official website or app to view it. Amount due: ₹2,999. Due date: 22th.

This is an automated message.",legit
email,SBI <security@qzbycvd.com>,help@rjfgfw.shop,KYC update pending,"Dear Valued Member, your SBI KYC is pending. Your account will be blocked today. Update KYC by sharing your PAN and OTP at https://icici-verify.info/login or reply with your card number.",phish
email,Instagram Security <admin@instagram-verify.com>,,Invoice #191260 overdue,"Hi Olivia,

Please find the overdue invoice attached. Kindly review and make payment at http://linkedin-verify-account.ru to avoid late penalties.

Accounts Department",phish
sms,VM-DHLIND,,,Your DHL shipment 4846733229 is out for delivery today. Track: https://www.dhl.com/in-en/home/tracking.html,legit
email,Sarah Sharma (CEO) <ceo.office72@gmail.com>,,Urgent request,"Hi Noah, I'm in a meeting and can't talk. I need you to buy 5 Google Play gift cards for a client today. Keep this confidential for now. Send me the codes once done. I'll reimburse you.

Sent from my iPhone",phish
sms,+916954317350,,,"Mom, I lost my phone, this is my new number. Can you send $120.00 urgently? I'll explain later.",phish
email,Newsletter <news@zomato.com>,,New courses this month,"Hello Chen, here's what's new this week. Read more at https://github.com/blog/wteaod. You're receiving this because you subscribed. Unsubscribe any time.",legit
email,Apple <admin@aoaoblp.com>,,Your mailbox is almost full,", a document needs your review. Please use the link below.
https://www.google.com@izuzytad.online/secure/confirm",phish
sms,+916508108667,,,"Hey, running 10 min late, order for me pls",legit
sms,+916972832152,,,"Refund of $120.00 initiated for your order. To receive it, share the OTP sent to your phone with our agent or visit http://192.89.63.190/dhl/EFGRR4IShz",phish
sms,+916692395108,,,"Google: Unusual login detected. If this wasn't you, verify your account at https://www.flipkart.com@spcdjtco.support/secure/confirm",phish
sms,JD-PAYTMB,,,$120.00 debited from A/c XX9608 on 8-10-26 to UPI/ANANYA. Not you? Call 18002586161. -Paytm,legit
email,Customer Service <service@ovdnmtr.com>,,Action required: update your payment details,"Dear Valued Member, your recent payment could not be processed. Please update your billing information immediately to avoid service interruption. Update now: https://paytms.net",phish
sms,+919805555727,,,"Hi, I am from Apple HR. Part time job, earn Rs 5000 daily from home. WhatsApp +919382646091 for details.",phish
sms,+919232770045,,,"Mom, I lost my phone, this is my new number. Can you send ₹15,000 urgently? I'll explain later.",phish
sms,BX-OFFER,,,"Hi, I am from Amazon HR. Part time job, earn Rs 5000 daily from home. WhatsApp +916441298701 for details.",phish
email,LinkedIn Support <service@linkedin-billing.online>,help@wysvgu.tk,Your mailbox is almost full,"Dear Customer, we could not deliver your package because the address was incomplete. Please use the link below.
http://goparcelnow.com/RoWXipJITC",phish
email,IT Helpdesk <it@orbitsystems.com>,,Reminder: password expires in 3 days,"Hi Kavya, your corporate password expires in 3 days. Please change it from your laptop using Ctrl+Alt+Del > Change password, or visit the internal portal https://sso.orbitsystems.com. Contact the helpdesk on ext. 8177 if you need help.",legit
sms,VK-NOTICE,,,"Dropbox: Unusual login detected. If this wasn't you, verify your account at http://login-dropbox.com/kyc",phish
sms,VM-DHLIND,,,Your DHL shipment 1430444697 is out for delivery today. Track: https://www.dhl.com/in-en/home/tracking.html,legit
sms,INFO,,,Congratulations! You have won $49.99 cashback from HDFC Bank. Claim your reward now https://instagram-verify.co/verify,phish
sms,VK-FLPKRT,,,Big Billion Days start tomorrow! Shop on the Flipkart app for deals on mobiles. T&C apply. To opt out reply STOP.,legit
sms,VK-NOTICE,,,"Congratulations! You have won Rs 1,250 cashback from Amazon. Claim your reward now https://174.223.224.138/instagram/pay?ref=vYUczhnZ",phish
sms,INFO,,,"Mom, I lost my phone, this is my new number. Can you send ₹15,000 urgently? I'll explain later.",phish
email,Amazon <security@drqcuzv.com>,help@ptkvfg.online,Action required: update your payment details,", your recent payment could not be processed. Please update your billing information immediately to avoid service interruption. Update now: http://iswchx.ngrok.io/microsoft/pay?ref=QBmnEwK3",phish
email,Google <security@google-verify.com>,,Work from home opportunity,"! Part time job available. Earn Rs 3,000 per day by liking YouTube videos. No experience needed. Contact our HR on Telegram or register here: https://update-paytm.com/signin.php. Registration fee ₹15,000 only.",phish
sms,VK-FLPKRT,,,Big Billion Days start tomorrow! Shop on the Flipkart app for deals on mobiles. T&C apply. To opt out reply STOP.,legit
sms,AD-ALERTS,,,"Mom, I lost my phone, this is my new number. Can you send Rs 1,250 urgently? I'll explain later.",phish
sms,+916695725202,,,"Congratulations! You have won ₹15,000 cashback from Paytm. Claim your reward now https://dropbox-auth-secure.com",phish
email,Newsletter <news@wikipedia.org>,,New courses this month,"Hello Aarav, here's what's new this week. Read more at https://coursera.org/blog/nbehyd. You're receiving this because you subscribed. Unsubscribe any time.",legit
sms,+918004231820,,,Your electricity connection will be disconnected tonight at 9:30 PM as previous bill was not updated. Contact officer +919820481093 immediately.,phish
email,HDFC Bank Security <service@eesacdz.com>,,Invoice #860479 overdue,",

Please find the overdue invoice attached. Kindly review and make payment at https://p4ypal.click/secure/confirm to avoid late penalties.

Accounts Department",phish
sms,+916508105635,,,Your electricity connection will be disconnected tonight at 9:30 PM as previous bill was not updated. Contact officer +919990213116 immediately.,phish
email,Sneha Sharma (CEO) <ceo.office96@gmail.com>,,Urgent request,"Hi David, I'm in a meeting and can't talk. I need you to buy 8 Google Play gift cards for a client today. Keep this confidential for now. Send me the codes once done. I'll reimburse you.

Sent from my iPhone",phish
sms,BX-OFFER,,,Your Google reward points worth ₹10 expire today! Redeem now: http://sbi-support-kyc.online/l5Zu2PaeKf,phish
sms,VK-FLPKRT,,,Big Billion Days start tomorrow! Shop on the Flipkart app for deals on mobiles. T&C apply. To opt out reply STOP.,legit
sms,VM-IRCTCI,,,"PNR 6001283827: Train 11419 confirmed, Coach B1 Berth 12. Happy journey.",legit
email,Rahul Smith (CEO) <ceo.office12@gmail.com>,,Are you available?,"Hi Emily, I'm in a meeting and can't talk. I need you to buy 5 Google Play gift cards for a client today. Keep this confidential for now. Send me the codes once done. I'll reimburse you.

Sent from my iPhone",phish
email,Newsletter <news@python.org>,,New courses this month,"Hello Lucas, here's what's new this week. Read more at https://kaggle.com/blog/hbhvfm. You're receiving this because you subscribed. Unsubscribe any time.",legit
sms,VM-DHLIND,,,Your DHL shipment 1328348315 is out for delivery today. Track: https://www.dhl.com/in-en/home/tracking.html,legit
email,Admin <service@outlook.com>,,Action required: update your payment details,"Hello John, your recent payment could not be processed. Please update your billing information immediately to avoid service interruption. Update now: http://goparcelnow.com",phish
email,David <michael@brightline.com>,,Re: project timeline,"Hi Vikram,

Attaching the notes from today. Can you review the second section before our sync on Wednesday? The shared folder is on https://docs.google.com/document/d/svysCUs1pCaYVhNs.

Thanks,
Rohan",legit
sms,+916300161832,,,"Hey, running 10 min late, order for me pls",legit
email,Newsletter <news@irctc.co.in>,,This week's top stories,"Hello David, here's what's new this week. Read more at https://myntra.com/blog/avbcju. You're receiving this because you subscribed. Unsubscribe any time.",legit
sms,VK-FLPKRT,,,Big Billion Days start tomorrow! Shop on the Flipkart app for deals on mobiles. T&C apply. To opt out reply STOP.,legit
email,Customer Service <admin@mail992.live>,,Document review,"Dear User, a document needs your review. Please use the link below.
https://dwwdon.web.app/paypal/wp-content/paypal/index.html",phish
email,Kavya Smith (CEO) <ceo.office54@gmail.com>,,Are you available?,"Hi Lucas, I'm in a meeting and can't talk. I need you to buy 10 Google Play gift cards for a client today. Keep this confidential for now. Send me the codes once done. I'll reimburse you.

Sent from my iPhone",phish
email,Kavya Sharma (CEO) <ceo.office90@gmail.com>,,Are you available?,"Hi John, I'm in a meeting and can't talk. I need you to buy 10 Google Play gift cards for a client today. Keep this confidential for now. Send me the codes once done. I'll reimburse you.

Sent from my iPhone",phish
sms,+918186647741,,,Call me when you're free,legit
sms,INFO,,,"Mom, I lost my phone, this is my new number. Can you send Rs 1,250 urgently? I'll explain later.",phish
email,Customer Service <security@outlook.com>,help@rwiurd.xyz,Congratulations! You've been selected,"Hello Ananya, you have won a $1000 gift card in our annual customer draw! Claim your prize here https://acipfrj.online/jeBpD6PzgU before it expires today. A small processing fee of $120.00 applies.",phish
sms,+919626794099,,,Your electricity connection will be disconnected tonight at 9:30 PM as previous bill was not updated. Contact officer +916737229176 immediately.,phish
sms,VK-NOTICE,,,Congratulations! You have won ₹10 cashback from Dropbox. Claim your reward now https://getrewardscenter.com/signin.php,phish
email,Netflix <support@netf1ix.com>,,Delivery attempt failed,"Dear User, a document needs your review. Please use the link below.
https://paypal-alert-account.shop/secure/confirm",phish
email,DHL <statements@dhl.com>,,Your monthly statement is ready,"Dear Sarah,

Your statement for August is now available. Log in through our official website or app to view it. Amount due: ₹15,000. Due date: 3th.

This is an automated message.",legit
email,Amazon Security <security@mail65.live>,,Congratulations! You've been selected,"Dear User, you have won a iPhone 16 in our annual customer draw! Claim your prize here https://secure-sbi.net/kyc before it expires today. A small processing fee of Rs 1,250 applies.",phish
sms,VM-DHLIND,,,516483 is your OTP for login. Valid for 10 minutes. Do not share it with anyone. -DHL,legit
sms,AX-AMAZON,,,Your Amazon order #6680639 has been delivered. Rate your experience in the Amazon app.,legit
sms,AD-NFLIX,,,527740 is your OTP for login. Valid for 10 minutes. Do not share it with anyone. -Netflix,legit
sms,VK-FLPKRT,,,"Dear Customer, your credit card statement is generated. Total due ₹15,000. Pay by 7th via app or netbanking to avoid late fee. -Flipkart",legit
sms,+918081432298,,,Your electricity connection will be disconnected tonight at 9:30 PM as previous bill was not updated. Contact officer +919663279042 immediately.,phish
email,ICICI Bank <no-reply@outlook.com>,help@cbvyxb.support,Your ICICI Bank account has been suspended,"Dear Account Holder,

We detected unusual activity and your account has been temporarily suspended. To restore access, verify your account within 24 hours: https://icici-secure.click/account/update

Failure to verify will result in permanent closure.

ICICI Bank Security Team",phish
email,LinkedIn Security <security@linkedin.com>,,New sign-in to your account,"Hi Michael, we noticed a new sign-in to your LinkedIn account from Chrome on Windows. If this was you, you don't need to do anything. If not, open the LinkedIn app or go to https://linkedin.com/security to review your activity. We will never ask for your password by email.",legit
sms,+917392056775,,,"Hi, I am from Amazon HR. Part time job, earn Rs 5000 daily from home. WhatsApp +919777226602 for details.",phish
sms,+919930052214,,,Reached home. Thanks for today!,legit
email,Newsletter <news@airbnb.com>,,New courses this month,"Hello Michael, here's what's new this week. Read more at https://uber.com/blog/iojgmp. You're receiving this because you subscribed. Unsubscribe any time.",legit
sms,AD-NFLIX,,,"Dear Customer, your credit card statement is generated. Total due Rs 499. Pay by 27th via app or netbanking to avoid late fee. -Netflix",legit
sms,+919337034244,,,Reached home. Thanks for today!,legit
email,Admin <support@outlook.com>,,Work from home opportunity,"Dear Valued Member! Part time job available. Earn Rs 8,000 per day by liking YouTube videos. No experience needed. Contact our HR on Telegram or register here: https://hdfcs.net. Registration fee ₹2,999 only.",phish
email,Google <billing@google.com>,,Payment received - thank you,"Hi John, we've received your payment of $49.99. Receipt number c74oW757Gg. No further action is needed.",legit
sms,VK-FLPKRT,,,Big Billion Days start tomorrow! Shop on the Flipkart app for deals on mobiles. T&C apply. To opt out reply STOP.,legit
email,Google Security <support@google-alert.ru>,,Work from home opportunity,"Hi Emily! Part time job available. Earn Rs 8,000 per day by liking YouTube videos. No experience needed. Contact our HR on Telegram or register here: https://icici-update-verify.ru/signin.php. Registration fee Rs 1,250 only.",phish
email,Newsletter <news@medium.com>,,Your weekly digest,"Hello Ananya, here's what's new this week. Read more at https://medium.com/blog/mffdms. You're receiving this because you subscribed. Unsubscribe any time.",legit
email,Emily Khan <recruiting@nimbuslabs.com>,,Interview schedule - Software Engineer,"Dear Rahul,

Thank you for applying to Nimbus Labs. We would like to invite you for a technical interview next week. Please pick a slot using the calendar link on our careers page https://nimbuslabs.com/careers. There is no fee at any stage of our hiring process.

Regards,
Talent team",legit
sms,+918438027414,,,Your electricity connection will be disconnected tonight at 9:30 PM as previous bill was not updated. Contact officer +918726029254 immediately.,phish
email,PayPal <statements@paypal.com>,,Your monthly statement is ready,"Dear Lucas,

Your statement for September is now available. Log in through our official website or app to view it. Amount due: Rs 499. Due date: 20th.

This is an automated message.",legit
sms,+919862278376,,,"Your Flipkart reward points worth ₹15,000 expire today! Redeem now: http://paytm-billing-auth.xyz",phish
sms,+916396531361,,,Congratulations! You have won $49.99 cashback from ICICI Bank. Claim your reward now https://106.220.57.169/microsoft/login,phish
email,Ananya <rohan39@gmail.com>,,Dinner plans,Hey Sneha! You have to read this one. Miss you guys.,legit
email,SBI <no-reply@sbi.co.in>,,Verify your email address,"Hi Ananya, thanks for signing up! Please confirm this is your email address by entering the code 866905 in the app. If you didn't create an account, you can ignore this email.",legit
sms,BX-OFFER,,,India Post: Your parcel is on hold due to incomplete address. Pay $120.00 redelivery fee at https://hdfc-verify.info/kyc within 24 hrs.,phish
email,Newsletter <news@python.org>,,This week's top stories,"Hello Rahul, here's what's new this week. Read more at https://reddit.com/blog/upeqyc. You're receiving this because you subscribed. Unsubscribe any time.",legit
sms,+916907903067,,,Your electricity connection will be disconnected tonight at 9:30 PM as previous bill was not updated. Contact officer +917830284395 immediately.,phish
sms,VM-DHLIND,,,Your DHL shipment 7619378866 is out for delivery today. Track: https://www.dhl.com/in-en/home/tracking.html,legit
email,IT Helpdesk <it@kiteanalytics.com>,,Reminder: password expires in 3 days,"Hi Priya, your corporate password expires in 3 days. Please change it from your laptop using Ctrl+Alt+Del > Change password, or visit the internal portal https://sso.kiteanalytics.com. Contact the helpdesk on ext. 1867 if you need help.",legit
sms,+919142442607,,,"Refund of Rs 1,250 initiated for your order. To receive it, share the OTP sent to your phone with our agent or visit https://icici.billing.fbzbxo.online/login",phish
email,Admin <no-reply@drpbox.com>,,Shared document: Q3_Salary_Revision.pdf,Meera has shared a document with you via DocuSign. Sign in with your email password to view: https://rb.gy/TdPoz2,phish
email,David Sharma (CEO) <ceo.office14@gmail.com>,,Are you available?,"Hi Lucas, I'm in a meeting and can't talk. I need you to buy 10 Google Play gift cards for a client today. Keep this confidential for now. Send me the codes once done. I'll reimburse you.

Sent from my iPhone",phish
sms,+916176142152,,,"Dear Customer, your Paytm account will be blocked today. Update your KYC immediately: https://erefundnow.com/UinRP7TW9s",phish
sms,VM-DHLIND,,,"Dear Customer, your credit card statement is generated. Total due $49.99. Pay by 6th via app or netbanking to avoid late fee. -DHL",legit
email,Admin <no-reply@netflix-update.xyz>,,KYC update pending,"Dear User, your Netflix KYC is pending. Your account will be blocked today. Update KYC by sharing your PAN and OTP at https://paytm-update-update.tk/verify or reply with your card number.",phish
sms,VM-IRCTCI,,,"PNR 4499162776: Train 15663 confirmed, Coach B1 Berth 19. Happy journey.",legit
sms,VM-IRCTCI,,,"PNR 5742231964: Train 16461 confirmed, Coach B2 Berth 6. Happy journey.",legit
sms,+916066646518,,,Reached home. Thanks for today!,legit
sms,BX-OFFER,,,India Post: Your parcel is on hold due to incomplete address. Pay ₹10 redelivery fee at http://fmtvke.firebaseapp.com/apple/wp-content/apple/index.html within 24 hrs.,phish
sms,+918568442633,,,"Hi, I am from Instagram HR. Part time job, earn Rs 5000 daily from home. WhatsApp +917388465190 for details.",phish
sms,+919527403344,,,Your Google reward points worth $120.00 expire today! Redeem now: https://is.gd/zWAaW8,phish
sms,VM-IRCTCI,,,"PNR 8111433064: Train 10398 confirmed, Coach B5 Berth 67. Happy journey.",legit
email,IT Helpdesk <it@acmecorp.com>,,Reminder: password expires in 3 days,"Hi Michael, your corporate password expires in 3 days. Please change it from your laptop using Ctrl+Alt+Del > Change password, or visit the internal portal https://sso.acmecorp.com. Contact the helpdesk on ext. 1855 if you need help.",legit
email,Customer Service <support@gmail.com>,,Invoice #492277 overdue,"Dear User,

Please find the overdue invoice attached. Kindly review and make payment at http://tjuoni.000webhostapp.com/icici/account/update to avoid late penalties.

Accounts Department",phish
email,Instagram Support <no-reply@mail939.tk>,,Shared document: Q3_Salary_Revision.pdf,Michael has shared a document with you via OneDrive. Sign in with your email password to view: https://netflix.verify.ktzoyx.click/kyc,phish
sms,+917706756440,,,"Your DHL reward points worth ₹15,000 expire today! Redeem now: https://apple-kyc-update.shop/signin.php",phish
email,Admin <support@amazon-billing.click>,help@klpttr.xyz,KYC update pending,"Dear Account Holder, your Amazon KYC is pending. Your account will be blocked today. Update KYC by sharing your PAN and OTP at https://login-google.com/jsq5lfeF2x or reply with your card number.",phish
sms,+918809351187,,,"Dear Customer, your Netflix account will be blocked today. Update your KYC immediately: http://www.icici.com@brwhbwii.site/wp-content/icici/index.html",phish
email,Microsoft Security <security@microsoft.com>,,New sign-in to your account,"Hi Fatima, we noticed a new sign-in to your Microsoft account from Chrome on Windows. If this was you, you don't need to do anything. If not, open the Microsoft app or go to https://microsoft.com/security to review your activity. We will never ask for your password by email.",legit
sms,+916208005640,,,"Dear Customer, your Netflix account will be blocked today. Update your KYC immediately: http://dropbox.update.qiatbr.top/wp-content/dropbox/index.html",phish
email,Instagram Security <security@instagram.com>,,New sign-in to your account,"Hi Meera, we noticed a new sign-in to your Instagram account from Chrome on Windows. If this was you, you don't need to do anything. If not, open the Instagram app or go to https://instagram.com/security to review your activity. We will never ask for your password by email.",legit
sms,AX-AMAZON,,,"Dear Customer, your credit card statement is generated. Total due Rs 1,250. Pay by 21th via app or netbanking to avoid late fee. -Amazon",legit
sms,+918093242430,,,Congratulations! You have won Rs 499 cashback from Instagram. Claim your reward now http://dhls.site/verify,phish
email,Instagram <no-reply@instagram.com>,,Verify your email address,"Hi Lucas, thanks for signing up! Please confirm this is your email address by entering the code 190041 in the app. If you didn't create an account, you can ignore this email.",legit
email,Microsoft <support@mail158.site>,,Congratulations! You've been selected,"Hello Chen, you have won a free trip in our annual customer draw! Claim your prize here https://pbjsjp.ngrok.io/amazon/faAO6rAlJD before it expires today. A small processing fee of ₹15,000 applies.",phish
email,Amazon Security <admin@gmail.com>,help@mrojop.co,Action required: update your payment details,"Dear User, your recent payment could not be processed. Please update your billing information immediately to avoid service interruption. Update now: https://pjsbgg.000webhostapp.com/dropbox/signin.php",phish
email,Customer Service <admin@sbi-login.co>,,KYC update pending,"Dear Customer, your SBI KYC is pending. Your account will be blocked today. Update KYC by sharing your PAN and OTP at https://ml1550n.xyz/wp-content/hdfc/index.html or reply with your card number.",phish
sms,AD-ALERTS,,,"SBI: Unusual login detected. If this wasn't you, verify your account at https://tinyurl.com/AA42E6",phish
email,HDFC Bank <no-reply@hdfcbank.com>,,Your HDFC Bank order has shipped,"Hi Lucas,

Good news! Your order #816470900 has shipped and will arrive by Tuesday. You can track it any time at https://www.hdfcbank.com/orders.

Thanks for shopping with us.",legit
email,Paytm Support <support@outlook.com>,,Tax refund notification,", after the annual calculation of your fiscal activity, you are eligible to receive a tax refund of $49.99. Income Tax Department requires you to submit the refund request: https://249.197.213.167/microsoft/signin.php",phish
sms,VK-FLPKRT,,,₹10 debited from A/c XX6583 on 13-10-26 to UPI/SARAH. Not you? Call 18002586161. -Flipkart,legit
sms,VM-DHLIND,,,Your DHL shipment 3241707127 is out for delivery today. Track: https://www.dhl.com/in-en/home/tracking.html,legit
email,PayPal <no-reply@paypal.com>,,Verify your email address,"Hi Kavya, thanks for signing up! Please confirm this is your email address by entering the code 366552 in the app. If you didn't create an account, you can ignore this email.",legit
email,Kavya <chen@nimbuslabs.com>,,Re: project timeline,"Hi David,

Attaching the notes from today. Can you review the second section before our sync on Thursday? The shared folder is on https://nimbuslabs.com/wiki/ZJMpU.

Thanks,
Meera",legit
sms,VM-DHLIND,,,Your DHL shipment 5508428910 is out for delivery today. Track: https://www.dhl.com/in-en/home/tracking.html,legit
sms,+917973175252,,,"Hi, I am from ICICI Bank HR. Part time job, earn Rs 5000 daily from home. WhatsApp +917243421395 for details.",phish
email,SBI <no-reply@sbi.co.in>,,Your SBI order has shipped,"Hi Emily,

Good news! Your order #235158501 has shipped and will arrive by Tuesday. You can track it any time at https://www.sbi.co.in/orders.

Thanks for shopping with us.",legit
sms,AD-ICICIB,,,786320 is your OTP for login. Valid for 10 minutes. Do not share it with anyone. -ICICI Bank,legit
email,Newsletter <news@uber.com>,,This week's top stories,"Hello Rahul, here's what's new this week. Read more at https://slack.com/blog/itepfq. You're receiving this because you subscribed. Unsubscribe any time.",legit
email,Rahul Smith <recruiting@brightline.com>,,Interview schedule - Software Engineer,"Dear Rahul,

Thank you for applying to Brightline. We would like to invite you for a technical interview next week. Please pick a slot using the calendar link on our careers page https://brightline.com/careers. There is no fee at any stage of our hiring process.

Regards,
Talent team",legit
sms,VM-DHLIND,,,Your DHL shipment 7539659744 is out for delivery today. Track: https://www.dhl.com/in-en/home/tracking.html,legit
email,Amazon Support <service@amazon-update.shop>,,Work from home opportunity,"Hello Emily! Part time job available. Earn Rs 5,000 per day by liking YouTube videos. No experience needed. Contact our HR on Telegram or register here: https://28uc6955q5.co/account/update. Registration fee Rs 499 only.",phish
sms,INFO,,,Congratulations! You have won $49.99 cashback from Paytm. Claim your reward now https://dhl.account.sfsrua.click/account/update,phish
email,SBI <no-reply@sbi.co.in>,,Verify your email address,"Hi Chen, thanks for signing up! Please confirm this is your email address by entering the code 680439 in the app. If you didn't create an account, you can ignore this email.",legit
sms,+919185948491,,,"Apple: Unusual login detected. If this wasn't you, verify your account at https://amazon-support-alert.top/verify",phish
email,Kavya <rohan@acmecorp.com>,,Q3 report draft,"Hi Noah,

Attaching the notes from today. Can you review the second section before our sync on Wednesday? The shared folder is on https://acmecorp.com/wiki/AgonE.

Thanks,
Aarav",legit
email,Newsletter <news@reddit.com>,,Your weekly digest,"Hello Rohan, here's what's new this week. Read more at https://reddit.com/blog/cilwml. You're receiving this because you subscribed. Unsubscribe any time.",legit
email,Fatima <kavya@brightline.com>,,Notes from today's meeting,"Hi Emily,

Attaching the notes from today. Can you review the second section before our sync on Wednesday? The shared folder is on https://brightline.com/wiki/likt1.

Thanks,
Rohan",legit
email,DHL <no-reply@dhl.com>,,Your DHL order has shipped,"Hi Vikram,

Good news! Your order #409471124 has shipped and will arrive by Tuesday. You can track it any time at https://www.dhl.com/orders.

Thanks for shopping with us.",legit
sms,AX-AMAZON,,,Your Amazon order #8553595 has been delivered. Rate your experience in the Amazon app.,legit
email,Customer Service <security@gmail.com>,,KYC update pending,"Dear User, your Instagram KYC is pending. Your account will be blocked today. Update KYC by sharing your PAN and OTP at http://icici-login-update.top/verify or reply with your card number.",phish
sms,VM-DHLIND,,,Your DHL shipment 6070435175 is out for delivery today. Track: https://www.dhl.com/in-en/home/tracking.html,legit
sms,+916194707200,,,"ICICI Bank: Unusual login detected. If this wasn't you, verify your account at https://www.netflix.com@ryngtudo.site/wp-content/netflix/index.html",phish
email,IT Helpdesk <it@kiteanalytics.com>,,Reminder: password expires in 3 days,"Hi Rahul, your corporate password expires in 3 days. Please change it from your laptop using Ctrl+Alt+Del > Change password, or visit the internal portal https://sso.kiteanalytics.com. Contact the helpdesk on ext. 8116 if you need help.",legit
sms,VK-FLPKRT,,,Big Billion Days start tomorrow! Shop on the Flipkart app for deals on mobiles. T&C apply. To opt out reply STOP.,legit
email,David <fatima@zenithtech.com>,,Notes from today's meeting,"Hi Chen,

Attaching the notes from today. Can you review the second section before our sync on Thursday? The shared folder is on https://zenithtech.com/wiki/eFtuD.

Thanks,
Sneha",legit
email,DHL Security <no-reply@dhl-help.net>,help@jlslla.ru,Work from home opportunity,"Dear Account Holder! Part time job available. Earn Rs 3,000 per day by liking YouTube videos. No experience needed. Contact our HR on Telegram or register here: http://ajaq95fb.ru/wp-content/netflix/index.html. Registration fee ₹10 only.",phish
sms,INFO,,,Your electricity connection will be disconnected tonight at 9:30 PM as previous bill was not updated. Contact officer +918013480873 immediately.,phish
email,Customer Service <security@mirosoft.com>,,Shared document: Q3_Salary_Revision.pdf,John has shared a document with you via OneDrive. Sign in with your email password to view: http://hdfc-secure-verify.net/secure/confirm,phish
email,Customer Service <admin@amazon-support.co>,,Document review,"Hi Olivia, we could not deliver your package because the address was incomplete. Please use the link below.
http://mxjfhdpj.click/login",phish
email,Newsletter <news@nytimes.com>,,This week's top stories,"Hello Aarav, here's what's new this week. Read more at https://irctc.co.in/blog/ziicwv. You're receiving this because you subscribed. Unsubscribe any time.",legit
sms,VM-DHLIND,,,Your DHL shipment 0894374812 is out for delivery today. Track: https://www.dhl.com/in-en/home/tracking.html,legit
email,PayPal <service@papal.com>,,Tax refund notification,"Dear Account Holder, after the annual calculation of your fiscal activity, you are eligible to receive a tax refund of ₹10. Income Tax Department requires you to submit the refund request: http://vtzdfx8vf.net/verify",phish
email,IT Helpdesk <it@nimbuslabs.com>,,Reminder: password expires in 3 days,"Hi Rohan, your corporate password expires in 3 days. Please change it from your laptop using Ctrl+Alt+Del > Change password, or visit the internal portal https://sso.nimbuslabs.com. Contact the helpdesk on ext. 6154 if you need help.",legit
email,Amazon <billing@amazon.in>,,Payment received - thank you,"Hi Arjun, we've received your payment of $120.00. Receipt number PmiLGuBU7I. No further action is needed.",legit
email,Flipkart <no-reply@flipkart.com>,,Your Flipkart order has shipped,"Hi Kavya,

Good news! Your order #510933465 has shipped and will arrive by Friday. You can track it any time at https://www.flipkart.com/orders.

Thanks for shopping with us.",legit
sms,VM-HDFCBK,,,$49.99 debited from A/c XX2680 on 17-10-26 to UPI/EMILY. Not you? Call 18002586161. -HDFC Bank,legit
email,Newsletter <news@notion.so>,,5 tips for better sleep,"Hello Ananya, here's what's new this week. Read more at https://ola.com/blog/nzdpds. You're receiving this because you subscribed. Unsubscribe any time.",legit
email,ICICI Bank Support <service@outlook.com>,,Action required: update your payment details,"Dear Valued Member, your recent payment could not be processed. Please update your billing information immediately to avoid service interruption. Update now: http://cl3tpc7f.live/pay?ref=Wty69pfj",phish
email,Newsletter <news@reddit.com>,,This week's top stories,"Hello Rahul, here's what's new this week. Read more at https://uber.com/blog/octvuc. You're receiving this because you subscribed. Unsubscribe any time.",legit
sms,VK-FLPKRT,,,"Dear Customer, your credit card statement is generated. Total due $120.00. Pay by 26th via app or netbanking to avoid late fee. -Flipkart",legit
email,LinkedIn <billing@linkedin.com>,,Payment received - thank you,"Hi Michael, we've received your payment of Rs 1,250. Receipt number 7HBKvEjWWP. No further action is needed.",legit
sms,+918421062941,,,"Mom, I lost my phone, this is my new number. Can you send ₹15,000 urgently? I'll explain later.",phish
email,Amazon Security <support@amazon-update.co>,help@cqddru.top,Action required: update your payment details,"Dear Valued Member, your recent payment could not be processed. Please update your billing information immediately to avoid service interruption. Update now: http://paypal-login-billing.net/3GK1Vh1g0L",phish
email,Microsoft Support <service@outlook.com>,,Congratulations! You've been selected,"Dear Valued Member, you have won a Rs 50,000 voucher in our annual customer draw! Claim your prize here https://paypal.billing.rihgpt.com/account/update before it expires today. A small processing fee of ₹10 applies.",phish
sms,VK-NOTICE,,,Congratulations! You have won Rs 499 cashback from SBI. Claim your reward now https://116.127.19.152/paypal/wp-content/paypal/index.html,phish
sms,VM-DHLIND,,,558557 is your OTP for login. Valid for 10 minutes. Do not share it with anyone. -DHL,legit
sms,BZ-SBIINB,,,₹10 debited from A/c XX6449 on 21-10-26 to UPI/ANANYA. Not you? Call 18001080. -SBI,legit
sms,+916695698198,,,"India Post: Your parcel is on hold due to incomplete address. Pay ₹15,000 redelivery fee at https://amazon.account.jtibqb.com/signin.php within 24 hrs.",phish
email,Aarav <olivia@brightline.com>,,Re: project timeline,"Hi Sneha,

Attaching the notes from today. Can you review the second section before our sync on Wednesday? The shared folder is on https://brightline.com/wiki/sOTYA.

Thanks,
John",legit
email,Chen <lucas@brightline.com>,,Re: project timeline,"Hi Sarah,

Attaching the notes from today. Can you review the second section before our sync on Thursday? The shared folder is on https://docs.google.com/document/d/xMrDIddE0O11KlVr.

Thanks,
Fatima",legit
email,Customer Service <security@paypal-verify.com>,,Work from home opportunity,"Dear Valued Member! Part time job available. Earn Rs 3,000 per day by liking YouTube videos. No experience needed. Contact our HR on Telegram or register here: https://getparcelonline.com/wp-content/netflix/index.html. Registration fee ₹2,999 only.",phish
email,Amazon <no-reply@amazon.in>,,Verify your email address,"Hi Rohan, thanks for signing up! Please confirm this is your email address by entering the code 685487 in the app. If you didn't create an account, you can ignore this email.",legit
sms,BZ-SBIINB,,,431927 is your OTP for login. Valid for 10 minutes. Do not share it with anyone. -SBI,legit
sms,+919751536637,,,Your electricity connection will be disconnected tonight at 9:30 PM as previous bill was not updated. Contact officer +919805292407 immediately.,phish
email,Instagram <no-reply@instagram.com>,,Your Instagram order has shipped,"Hi Vikram,

Good news! Your order #415758427 has shipped and will arrive by Tuesday. You can track it any time at https://www.instagram.com/orders.

Thanks for shopping with us.",legit
sms,VM-DHLIND,,,"₹15,000 debited from A/c XX2126 on 9-10-26 to UPI/SARAH. Not you? Call 18001080. -DHL",legit
email,IT Helpdesk <it@zenithtech.com>,,Reminder: password expires in 3 days,"Hi Sarah, your corporate password expires in 3 days. Please change it from your laptop using Ctrl+Alt+Del > Change password, or visit the internal portal https://sso.zenithtech.com. Contact the helpdesk on ext. 1746 if you need help.",legit
email,Customer Service <admin@outlook.com>,help@xetecm.info,Invoice #994510 overdue,",

Please find the overdue invoice attached. Kindly review and make payment at http://instagram-verify-verify.top/kyc to avoid late penalties.

Accounts Department",phish
email,PayPal <statements@paypal.com>,,Your monthly statement is ready,"Dear Sneha,

Your statement for August is now available. Log in through our official website or app to view it. Amount due: ₹10. Due date: 3th.

This is an automated message.",legit
sms,VK-FLPKRT,,,423169 is your OTP for login. Valid for 10 minutes. Do not share it with anyone. -Flipkart,legit
email,Netflix Security <security@cgizfpu.com>,,Invoice #235737 overdue,"Hello Lucas,

Please find the overdue invoice attached. Kindly review and make payment at http://eparcelonline.com/secure/confirm to avoid late penalties.

Accounts Department",phish
email,Newsletter <news@galgotiasuniversity.edu.in>,,Your weekly digest,"Hello Ananya, here's what's new this week. Read more at https://zomato.com/blog/jiyicy. You're receiving this because you subscribed. Unsubscribe any time.",legit
email,Customer Service <no-reply@mcmkffr.com>,,Delivery attempt failed,"Hi Chen, your storage quota is 98% used. Messages may stop arriving. Please use the link below.
https://ffnnno.ngrok.io/instagram/BIH5QQwbfU",phish
email,Admin <no-reply@dhl-service.com>,,Work from home opportunity,"Dear Customer! Part time job available. Earn Rs 5,000 per day by liking YouTube videos. No experience needed. Contact our HR on Telegram or register here: https://bit.ly/8fiB4S. Registration fee $120.00 only.",phish
sms,VM-DHLIND,,,Your DHL shipment 8330958723 is out for delivery today. Track: https://www.dhl.com/in-en/home/tracking.html,legit
sms,AD-ALERTS,,,"Dear Customer, your Flipkart account will be blocked today. Update your KYC immediately: http://linkedin.support.ilooma.live/pay?ref=uMpKInyX",phish
email,Instagram <statements@instagram.com>,,Your monthly statement is ready,"Dear Rohan,

Your statement for August is now available. Log in through our official website or app to view it. Amount due: ₹15,000. Due date: 8th.

This is an automated message.",legit
sms,AD-ALERTS,,,Congratulations! You have won $49.99 cashback from Instagram. Claim your reward now http://goog1e.co/wp-content/google/index.html,phish
sms,+917134275576,,,"Refund of ₹10 initiated for your order. To receive it, share the OTP sent to your phone with our agent or visit https://goparcelnow.com/signin.php",phish
email,Admin <no-reply@instagram-support.xyz>,,Tax refund notification,"Dear User, after the annual calculation of your fiscal activity, you are eligible to receive a tax refund of Rs 499. Income Tax Department requires you to submit the refund request: https://cutt.ly/SV848j",phish
email,Olivia <fatima@orbitsystems.com>,,Re: project timeline,"Hi David,

Attaching the notes from today. Can you review the second section before our sync on Wednesday? The shared folder is on https://docs.google.com/document/d/iyzARNLhyU2K2K3k.

Thanks,
Chen",legit
email,Customer Service <service@gmail.com>,,Work from home opportunity,"Dear Valued Member! Part time job available. Earn Rs 8,000 per day by liking YouTube videos. No experience needed. Contact our HR on Telegram or register here: http://login-google.com. Registration fee Rs 25 only.",phish
sms,BZ-SBIINB,,,309376 is your OTP for login. Valid for 10 minutes. Do not share it with anyone. -SBI,legit
email,Netflix <admin@lxnwydh.com>,,Work from home opportunity,"Dear Account Holder! Part time job available. Earn Rs 3,000 per day by liking YouTube videos. No experience needed. Contact our HR on Telegram or register here: http://www.dropbox.com@vwzkpdkx.com/account/update. Registration fee ₹15,000 only.",phish
email,Admin <support@gmail.com>,,Action required: update your payment details,"Dear User, your recent payment could not be processed. Please update your billing information immediately to avoid service interruption. Update now: https://lsxcni.weebly.com/linkedin/account/update",phish
sms,+916392031867,,,Congratulations! You have won Rs 25 cashback from LinkedIn. Claim your reward now https://opdvge.000webhostapp.com/dropbox/secure/confirm,phish
email,Instagram <security@instagram-login.info>,,Work from home opportunity,"Dear Customer! Part time job available. Earn Rs 5,000 per day by liking YouTube videos. No experience needed. Contact our HR on Telegram or register here: https://83.3.117.141/instagram/verify. Registration fee Rs 1,250 only.",phish
sms,JD-PAYTMB,,,"Dear Customer, your credit card statement is generated. Total due ₹2,999. Pay by 8th via app or netbanking to avoid late fee. -Paytm",legit
email,Admin <admin@mail175.shop>,,Work from home opportunity,"Dear Account Holder! Part time job available. Earn Rs 8,000 per day by liking YouTube videos. No experience needed. Contact our HR on Telegram or register here: http://www.netflix.com@tprhgnoi.info/account/update. Registration fee Rs 25 only.",phish
sms,+916047113826,,,Your Dropbox reward points worth ₹10 expire today! Redeem now: https://4b9uoe3t.click/secure/confirm,phish
sms,VK-NOTICE,,,"Dear Customer, your Apple account will be blocked today. Update your KYC immediately: http://dhl-verify.site/VyYbufLbJX",phish
sms,+918669275895,,,"Mom, I lost my phone, this is my new number. Can you send $120.00 urgently? I'll explain later.",phish
email,Customer Service <support@google-auth.net>,,KYC update pending,"Hello Sarah, your Google KYC is pending. Your account will be blocked today. Update KYC by sharing your PAN and OTP at https://220.18.200.153/flipkart/signin.php or reply with your card number.",phish
email,ICICI Bank <statements@icicibank.com>,,Your monthly statement is ready,"Dear Emily,

Your statement for August is now available. Log in through our official website or app to view it. Amount due: Rs 1,250. Due date: 25th.

This is an automated message.",legit
email,Customer Service <security@outlook.com>,,Action required: update your payment details,"Hello Sarah, your recent payment could not be processed. Please update your billing information immediately to avoid service interruption. Update now: http://230.185.205.254/dhl/xUrx3DXUy6",phish
sms,VM-DHLIND,,,Your DHL shipment 7379965075 is out for delivery today. Track: https://www.dhl.com/in-en/home/tracking.html,legit
sms,+919338648650,,,"Hey, running 10 min late, order for me pls",legit
sms,AD-ALERTS,,,"Mom, I lost my phone, this is my new number. Can you send ₹2,999 urgently? I'll explain later.",phish
sms,+916323705895,,,Can you send me the notes from class?,legit
sms,BX-OFFER,,,Your PayPal reward points worth $120.00 expire today! Redeem now: http://paytm-verify.info/kyc,phish
sms,+918925556258,,,Happy birthday!! Party tonight?,legit
email,Rahul <chen@nimbuslabs.com>,,Lunch on Friday?,"Hi Fatima,

Attaching the notes from today. Can you review the second section before our sync on Thursday? The shared folder is on https://nimbuslabs.com/wiki/WbWsJ.

Thanks,
Meera",legit
sms,VM-HDFCBK,,,504556 is your OTP for login. Valid for 10 minutes. Do not share it with anyone. -HDFC Bank,legit
email,Customer Service <service@outlook.com>,help@bycmyf.tk,Shared document: Q3_Salary_Revision.pdf,Michael has shared a document with you via DocuSign. Sign in with your email password to view: http://www.google.com@ukavujse.tk/secure/confirm,phish
email,Rahul <olivia90@gmail.com>,,Photos from the trip,Hey Ananya! You have to read this one. Miss you guys.,legit
email,Priya Smith <recruiting@kiteanalytics.com>,,Interview schedule - Software Engineer,"Dear David,

Thank you for applying to Kite Analytics. We would like to invite you for a technical interview next week. Please pick a slot using the calendar link on our careers page https://kiteanalytics.com/careers. There is no fee at any stage of our hiring process.

Regards,
Talent team",legit
email,HDFC Bank Security <security@gmail.com>,,Document review,"Dear Valued Member, we could not deliver your package because the address was incomplete. Please use the link below.
https://dropbox.account.torzog.support",phish
sms,+916567344671,,,"Dear Customer, your HDFC Bank account will be blocked today. Update your KYC immediately: https://paypal-help-auth.ru/signin.php",phish
sms,VK-NOTICE,,,"India Post: Your parcel is on hold due to incomplete address. Pay Rs 1,250 redelivery fee at https://linkedin-verify.info/V9Hnh8Ybqp within 24 hrs.",phish
email,IT Helpdesk <it@orbitsystems.com>,,Reminder: password expires in 3 days,"Hi Priya, your corporate password expires in 3 days. Please change it from your laptop using Ctrl+Alt+Del > Change password, or visit the internal portal https://sso.orbitsystems.com. Contact the helpdesk on ext. 3357 if you need help.",legit
sms,VM-HDFCBK,,,"₹15,000 debited from A/c XX4989 on 7-10-26 to UPI/SARAH. Not you? Call 18002586161. -HDFC Bank",legit
sms,VM-IRCTCI,,,"PNR 4402613534: Train 12538 confirmed, Coach B3 Berth 46. Happy journey.",legit
email,LinkedIn <no-reply@gmail.com>,,Shared document: Q3_Salary_Revision.pdf,Chen has shared a document with you via OneDrive. Sign in with your email password to view: https://auth-google.net/account/update,phish
email,Customer Service <security@voannfl.com>,help@jgvood.site,Action required: update your payment details,"Dear Customer, your recent payment could not be processed. Please update your billing information immediately to avoid service interruption. Update now: https://hxua924uq.xyz/signin.php",phish
sms,INFO,,,"India Post: Your parcel is on hold due to incomplete address. Pay Rs 1,250 redelivery fee at https://www.apple.com@simdphbl.online/verify within 24 hrs.",phish
email,Chen Smith (CEO) <ceo.office44@gmail.com>,,Are you available?,"Hi Vikram, I'm in a meeting and can't talk. I need you to buy 10 Google Play gift cards for a client today. Keep this confidential for now. Send me the codes once done. I'll reimburse you.

Sent from my iPhone",phish
sms,AD-ICICIB,,,652854 is your OTP for login. Valid for 10 minutes. Do not share it with anyone. -ICICI Bank,legit
sms,JD-PAYTMB,,,"Dear Customer, your credit card statement is generated. Total due ₹15,000. Pay by 13th via app or netbanking to avoid late fee. -Paytm",legit
email,Paytm Security <security@paytm.com>,,New sign-in to your account,"Hi Noah, we noticed a new sign-in to your Paytm account from Chrome on Windows. If this was you, you don't need to do anything. If not, open the Paytm app or go to https://paytm.com/security to review your activity. We will never ask for your password by email.",legit
email,Customer Service <security@grlkrrc.com>,,Tax refund notification,"Hi Rohan, after the annual calculation of your fiscal activity, you are eligible to receive a tax refund of ₹10. Income Tax Department requires you to submit the refund request: http://eparcelcenter.com/pay?ref=PYMUQkew",phish
email,Admin <support@amazon-verify.com>,help@zvfehe.ru,Shared document: Q3_Salary_Revision.pdf,Ananya has shared a document with you via DocuSign. Sign in with your email password to view: http://dropbox-help-help.com/login,phish
email,Customer Service <security@vjhxcnd.com>,,Action required: update your payment details,"Dear Account Holder, your recent payment could not be processed. Please update your billing information immediately to avoid service interruption. Update now: http://login-amazon.co/verify",phish
sms,VM-HDFCBK,,,"Dear Customer, your credit card statement is generated. Total due Rs 25. Pay by 13th via app or netbanking to avoid late fee. -HDFC Bank",legit
sms,INFO,,,"PayPal: Unusual login detected. If this wasn't you, verify your account at http://instagraa.info/signin.php",phish
sms,VM-DHLIND,,,Your DHL shipment 4665895247 is out for delivery today. Track: https://www.dhl.com/in-en/home/tracking.html,legit
email,Michael <lucas54@gmail.com>,,Photos from the trip,Hey Fatima! Here are the photos from last weekend. ,legit
sms,BX-OFFER,,,"Hi, I am from DHL HR. Part time job, earn Rs 5000 daily from home. WhatsApp +916846900158 for details.",phish
email,Customer Service <no-reply@paytm-verify.site>,help@lzgwlt.support,Your Paytm account has been suspended,"Dear User,

We detected unusual activity and your account has been temporarily suspended. To restore access, verify your account within 24 hours: https://myportalnow.com/kyc

Failure to verify will result in permanent closure.

Paytm Security Team",phish
sms,AD-NFLIX,,,"₹2,999 debited from A/c XX1632 on 13-10-26 to UPI/MEERA. Not you? Call 18002586161. -Netflix",legit
email,Admin <service@notify262.click>,,KYC update pending,"Dear Account Holder, your Flipkart KYC is pending. Your account will be blocked today. Update KYC by sharing your PAN and OTP at http://dhl-auth-login.com/verify or reply with your card number.",phish
sms,VM-HDFCBK,,,Rs 25 debited from A/c XX2095 on 21-10-26 to UPI/MICHAEL. Not you? Call 18002586161. -HDFC Bank,legit
email,PayPal <no-reply@paypal.com>,,Your PayPal order has shipped,"Hi David,

Good news! Your order #110156161 has shipped and will arrive by Friday. You can track it any time at https://www.paypal.com/orders.

Thanks for shopping with us.",legit
sms,BX-OFFER,,,"Netflix: Unusual login detected. If this wasn't you, verify your account at https://193.64.216.164/instagram/wp-content/instagram/index.html",phish
email,DHL Support <service@outlook.com>,,Action required: update your payment details,"Dear User, your recent payment could not be processed. Please update your billing information immediately to avoid service interruption. Update now: https://eportalonline.com/kyc",phish
sms,+919472387508,,,Call me when you're free,legit
email,Microsoft <no-reply@microsoft.com>,,Your Microsoft order has shipped,"Hi Sneha,

Good news! Your order #071320448 has shipped and will arrive by Tuesday. You can track it any time at https://www.microsoft.com/orders.

Thanks for shopping with us.",legit
sms,VM-DHLIND,,,919193 is your OTP for login. Valid for 10 minutes. Do not share it with anyone. -DHL,legit
sms,VM-DHLIND,,,Your DHL shipment 6719992752 is out for delivery today. Track: https://www.dhl.com/in-en/home/tracking.html,legit
sms,+918111578723,,,India Post: Your parcel is on hold due to incomplete address. Pay Rs 499 redelivery fee at https://icici-help-login.top/wp-content/icici/index.html within 24 hrs.,phish
sms,VM-DHLIND,,,Your DHL shipment 8569445142 is out for delivery today. Track: https://www.dhl.com/in-en/home/tracking.html,legit
email,Netflix Security <security@gmail.com>,,Invoice #998161 overdue,"Hi Olivia,

Please find the overdue invoice attached. Kindly review and make payment at https://icicu.support/kyc to avoid late penalties.

Accounts Department",phish
email,IT Helpdesk <it@zenithtech.com>,,Reminder: password expires in 3 days,"Hi Michael, your corporate password expires in 3 days. Please change it from your laptop using Ctrl+Alt+Del > Change password, or visit the internal portal https://sso.zenithtech.com. Contact the helpdesk on ext. 5251 if you need help.",legit
sms,AX-AMAZON,,,Your Amazon order #4771157 has been delivered. Rate your experience in the Amazon app.,legit
sms,INFO,,,"Refund of ₹10 initiated for your order. To receive it, share the OTP sent to your phone with our agent or visit https://cutt.ly/GmZaoq",phish
email,Admin <support@notify344.top>,help@zutmyf.xyz,Congratulations! You've been selected,"Hi Noah, you have won a free trip in our annual customer draw! Claim your prize here http://oem1vzuh8iu.info/wp-content/hdfc/index.html before it expires today. A small processing fee of ₹15,000 applies.",phish
sms,+919094014412,,,"Dear Customer, your HDFC Bank account will be blocked today. Update your KYC immediately: https://m6ulknv.info/signin.php",phish
sms,+917275888118,,,"Dear Customer, your Google account will be blocked today. Update your KYC immediately: https://bit.ly/FHhCYW",phish
sms,+919996673459,,,"Dear Customer, your LinkedIn account will be blocked today. Update your KYC immediately: https://microsoft.billing.ljforf.click/verify",phish
sms,+919578939129,,,"Mom, I lost my phone, this is my new number. Can you send $120.00 urgently? I'll explain later.",phish
email,Sarah Smith <recruiting@nimbuslabs.com>,,Interview schedule - Software Engineer,"Dear Emily,

Thank you for applying to Nimbus Labs. We would like to invite you for a technical interview next week. Please pick a slot using the calendar link on our careers page https://nimbuslabs.com/careers. There is no fee at any stage of our hiring process.

Regards,
Talent team",legit
sms,AD-NFLIX,,,"₹2,999 debited from A/c XX2572 on 20-10-26 to UPI/CHEN. Not you? Call 18002586161. -Netflix",legit
email,Paytm <security@outlook.com>,,Tax refund notification,"Dear Valued Member, after the annual calculation of your fiscal activity, you are eligible to receive a tax refund of $49.99. Income Tax Department requires you to submit the refund request: https://cutt.ly/1F3A5l",phish
email,David <olivia@orbitsystems.com>,,Q3 report draft,"Hi Sneha,

Attaching the notes from today. Can you review the second section before our sync on Thursday? The shared folder is on https://docs.google.com/document/d/Zlr1dHVHXv3h85PP.

Thanks,
Rahul",legit
sms,AD-ALERTS,,,"Congratulations! You have won ₹15,000 cashback from HDFC Bank. Claim your reward now http://apple-verify.top/PCt519X3NA",phish
sms,+916969029593,,,"Paytm: Unusual login detected. If this wasn't you, verify your account at http://dhl.support.hvsfmj.top",phish
email,Rahul <john@orbitsystems.com>,,Re: project timeline,"Hi Olivia,

Attaching the notes from today. Can you review the second section before our sync on Thursday? The shared folder is on https://docs.google.com/document/d/kNtxBmFO2Ye12Ins.

Thanks,
Noah",legit
sms,VK-FLPKRT,,,Big Billion Days start tomorrow! Shop on the Flipkart app for deals on mobiles. T&C apply. To opt out reply STOP.,legit
email,Customer Service <support@gmail.com>,,Tax refund notification,"Dear User, after the annual calculation of your fiscal activity, you are eligible to receive a tax refund of $120.00. Income Tax Department requires you to submit the refund request: http://linkedin-verify.net/login",phish
sms,+919106728728,,,Can you send me the notes from class?,legit
email,Netflix <admin@mail288.co>,,Your Netflix account has been suspended,"Dear Customer,

We detected unusual activity and your account has been temporarily suspended. To restore access, verify your account within 24 hours: https://hdfc-support-verify.click/signin.php

Failure to verify will result in permanent closure.

Netflix Security Team",phish
email,Newsletter <news@zomato.com>,,New courses this month,"Hello Rohan, here's what's new this week. Read more at https://nytimes.com/blog/aogior. You're receiving this because you subscribed. Unsubscribe any time.",legit
sms,+916404107191,,,"Refund of ₹2,999 initiated for your order. To receive it, share the OTP sent to your phone with our agent or visit https://www.google.com@xjdxkphc.click/secure/confirm",phish
sms,+917583799005,,,"Mom, I lost my phone, this is my new number. Can you send ₹15,000 urgently? I'll explain later.",phish
sms,+918557618677,,,"Instagram: Unusual login detected. If this wasn't you, verify your account at http://amazon-service-auth.xyz/wp-content/amazon/index.html",phish
email,DHL <no-reply@dhl.com>,,Verify your email address,"Hi Sarah, thanks for signing up! Please confirm this is your email address by entering the code 692617 in the app. If you didn't create an account, you can ignore this email.",legit
sms,VM-DHLIND,,,"Dear Customer, your credit card statement is generated. Total due $49.99. Pay by 20th via app or netbanking to avoid late fee. -DHL",legit
email,Customer Service <support@teabkzx.com>,,Congratulations! You've been selected,"Hello Emily, you have won a free trip in our annual customer draw! Claim your prize here https://apple.secure.gbqvoc.live/signin.php before it expires today. A small processing fee of Rs 499 applies.",phish
sms,+919718051371,,,Your electricity connection will be disconnected tonight at 9:30 PM as previous bill was not updated. Contact officer +919173189397 immediately.,phish
email,SBI Security <service@outlook.com>,,Tax refund notification,"Dear Account Holder, after the annual calculation of your fiscal activity, you are eligible to receive a tax refund of ₹10. Income Tax Department requires you to submit the refund request: http://linkedin-verify.site/login",phish
email,DHL <statements@dhl.com>,,Your monthly statement is ready,"Dear Emily,

Your statement for September is now available. Log in through our official website or app to view it. Amount due: $120.00. Due date: 22th.

This is an automated message.",legit
email,Amazon Security <security@amazon.in>,,New sign-in to your account,"Hi Olivia, we noticed a new sign-in to your Amazon account from Chrome on Windows. If this was you, you don't need to do anything. If not, open the Amazon app or go to https://amazon.in/security to review your activity. We will never ask for your password by email.",legit
sms,BX-OFFER,,,"Dear Customer, your ICICI Bank account will be blocked today. Update your KYC immediately: https://flipkart.update.dabozo.tk/signin.php",phish
email,Admin <admin@hdfcbank-support.live>,,Tax refund notification,"Dear Customer, after the annual calculation of your fiscal activity, you are eligible to receive a tax refund of $49.99. Income Tax Department requires you to submit the refund request: https://bit.ly/SxLDUa",phish
sms,VM-IRCTCI,,,"PNR 6930089317: Train 13248 confirmed, Coach B3 Berth 22. Happy journey.",legit
sms,+917318678110,,,Happy birthday!! Party tonight?,legit
sms,+919930925239,,,"Mom, I lost my phone, this is my new number. Can you send Rs 499 urgently? I'll explain later.",phish
email,Instagram Security <security@instagram.com>,,New sign-in to your account,"Hi Priya, we noticed a new sign-in to your Instagram account from Chrome on Windows. If this was you, you don't need to do anything. If not, open the Instagram app or go to https://instagram.com/security to review your activity. We will never ask for your password by email.",legit
email,Admin <admin@outlook.com>,help@higpld.co,Invoice #463348 overdue,"Dear Account Holder,

Please find the overdue invoice attached. Kindly review and make payment at http://apple.help.gtvatz.shop/pay?ref=fKqf1eO0 to avoid late penalties.

Accounts Department",phish
sms,+916615581083,,,"Refund of $120.00 initiated for your order. To receive it, share the OTP sent to your phone with our agent or visit http://instagram.update.dttket.click/signin.php",phish
sms,+919005162713,,,Can you send me the notes from class?,legit
sms,AX-AMAZON,,,Your Amazon order #8178342 has been delivered. Rate your experience in the Amazon app.,legit
sms,VM-DHLIND,,,Your DHL shipment 7338484219 is out for delivery today. Track: https://www.dhl.com/in-en/home/tracking.html,legit
sms,AX-AMAZON,,,Your Amazon order #0269801 has been delivered. Rate your experience in the Amazon app.,legit
email,HDFC Bank <security@qchfugk.com>,,Work from home opportunity,"Dear Account Holder! Part time job available. Earn Rs 3,000 per day by liking YouTube videos. No experience needed. Contact our HR on Telegram or register here: https://cutt.ly/6lwDm5. Registration fee ₹10 only.",phish
email,Amazon <support@mail516.tk>,,Work from home opportunity,"! Part time job available. Earn Rs 8,000 per day by liking YouTube videos. No experience needed. Contact our HR on Telegram or register here: http://instagram-auth-account.tk/wp-content/instagram/index.html. Registration fee ₹2,999 only.",phish
email,PayPal Security <security@yveoxet.com>,,KYC update pending,"Dear User, your PayPal KYC is pending. Your account will be blocked today. Update KYC by sharing your PAN and OTP at https://google-secure.com/account/update or reply with your card number.",phish
sms,VM-DHLIND,,,Your DHL shipment 3435486952 is out for delivery today. Track: https://www.dhl.com/in-en/home/tracking.html,legit
email,Admin <service@outlook.com>,,KYC update pending,"Hi Sarah, your Dropbox KYC is pending. Your account will be blocked today. Update KYC by sharing your PAN and OTP at https://sjbgnu6.top/login or reply with your card number.",phish
email,Newsletter <news@irctc.co.in>,,5 tips for better sleep,"Hello John, here's what's new this week. Read more at https://zomato.com/blog/iuuiml. You're receiving this because you subscribed. Unsubscribe any time.",legit
email,Fatima Smith (CEO) <ceo.office32@gmail.com>,help@pvbcbn.live,Are you available?,"Hi Rahul, I'm in a meeting and can't talk. I need you to buy 8 Google Play gift cards for a client today. Keep this confidential for now. Send me the codes once done. I'll reimburse you.

Sent from my iPhone",phish
email,Newsletter <news@irctc.co.in>,,New courses this month,"Hello Lucas, here's what's new this week. Read more at https://slack.com/blog/ojmrtp. You're receiving this because you subscribed. Unsubscribe any time.",legit
sms,+918927387402,,,"Dear Customer, your Google account will be blocked today. Update your KYC immediately: https://amzon.online/account/update",phish
sms,VM-DHLIND,,,Your DHL shipment 6750380954 is out for delivery today. Track: https://www.dhl.com/in-en/home/tracking.html,legit
email,LinkedIn Support <admin@trcoyjp.com>,,Shared document: Q3_Salary_Revision.pdf,Emily has shared a document with you via Dropbox. Sign in with your email password to view: https://icici-verify.shop,phish
sms,+917974255136,,,India Post: Your parcel is on hold due to incomplete address. Pay Rs 499 redelivery fee at https://dhl-auth-account.ru/verify within 24 hrs.,phish
sms,VK-NOTICE,,,"Hi, I am from Instagram HR. Part time job, earn Rs 5000 daily from home. WhatsApp +918725058333 for details.",phish
email,Netflix <no-reply@netflix.com>,,Verify your email address,"Hi Sneha, thanks for signing up! Please confirm this is your email address by entering the code 447936 in the app. If you didn't create an account, you can ignore this email.",legit
sms,+917409916508,,,"Mom, I lost my phone, this is my new number. Can you send Rs 1,250 urgently? I'll explain later.",phish
sms,AX-AMAZON,,,Your Amazon order #7495450 has been delivered. Rate your experience in the Amazon app.,legit
email,Paytm Support <service@paytm-verify.com>,,Work from home opportunity,"Dear Valued Member! Part time job available. Earn Rs 3,000 per day by liking YouTube videos. No experience needed. Contact our HR on Telegram or register here: http://7wzq70k65i.info/MWceyiasDH. Registration fee Rs 499 only.",phish
sms,+916808157129,,,"Mom, I lost my phone, this is my new number. Can you send Rs 499 urgently? I'll explain later.",phish
sms,AX-AMAZON,,,Your Amazon order #1208614 has been delivered. Rate your experience in the Amazon app.,legit
sms,+919487056623,,,"Hi, I am from SBI HR. Part time job, earn Rs 5000 daily from home. WhatsApp +916056094461 for details.",phish
email,Microsoft Security <service@outlook.com>,,Shared document: Q3_Salary_Revision.pdf,Rohan has shared a document with you via Dropbox. Sign in with your email password to view: https://account-paypal.in/wp-content/paypal/index.html,phish
sms,+919073671274,,,"ICICI Bank: Unusual login detected. If this wasn't you, verify your account at https://bit.ly/BgB0au",phish
email,Microsoft Support <admin@microsoft-verify.com>,,Delivery attempt failed,"Dear Account Holder, your storage quota is 98% used. Messages may stop arriving. Please use the link below.
http://flipkart-verify.shop/account/update",phish
sms,+917102916174,,,Can you send me the notes from class?,legit
sms,+919905072368,,,Congratulations! You have won ₹10 cashback from ICICI Bank. Claim your reward now https://amazon-verify-verify.co/account/update,phish
email,Admin <security@gmail.com>,,Tax refund notification,"Dear Account Holder, after the annual calculation of your fiscal activity, you are eligible to receive a tax refund of $49.99. Income Tax Department requires you to submit the refund request: http://icici-support-account.click/secure/confirm",phish
email,Customer Service <service@neflix.com>,,Tax refund notification,", after the annual calculation of your fiscal activity, you are eligible to receive a tax refund of $120.00. Income Tax Department requires you to submit the refund request: http://arnazon.live/secure/confirm",phish
email,DHL Security <admin@alerts124.support>,,Work from home opportunity,"Dear Customer! Part time job available. Earn Rs 5,000 per day by liking YouTube videos. No experience needed. Contact our HR on Telegram or register here: https://paypal-help-alert.site/verify. Registration fee Rs 25 only.",phish
email,Amazon Security <service@alerts115.co>,,Your mailbox is almost full,"Hello Priya, a document needs your review. Please use the link below.
https://microsoft.auth.occmfj.support/verify",phish
sms,VM-DHLIND,,,Your DHL shipment 1793996979 is out for delivery today. Track: https://www.dhl.com/in-en/home/tracking.html,legit
email,Flipkart <statements@flipkart.com>,,Your monthly statement is ready,"Dear Arjun,

Your statement for September is now available. Log in through our official website or app to view it. Amount due: Rs 1,250. Due date: 10th.

This is an automated message.",legit
sms,VK-FLPKRT,,,Big Billion Days start tomorrow! Shop on the Flipkart app for deals on mobiles. T&C apply. To opt out reply STOP.,legit
sms,AD-NFLIX,,,104328 is your OTP for login. Valid for 10 minutes. Do not share it with anyone. -Netflix,legit
email,Rahul <vikram54@gmail.com>,,Book recommendation,Hey Aarav! Are we still on for Saturday?. Call me later.,legit
email,SBI <statements@sbi.co.in>,,Your monthly statement is ready,"Dear Kavya,

Your statement for October is now available. Log in through our official website or app to view it. Amount due: $49.99. Due date: 18th.

This is an automated message.",legit
sms,VM-DHLIND,,,681441 is your OTP for login. Valid for 10 minutes. Do not share it with anyone. -DHL,legit
email,DHL Security <no-reply@outlook.com>,,Document review,", a document needs your review. Please use the link below.
http://dhl-verify.com/secure/confirm",phish
sms,AD-NFLIX,,,"Dear Customer, your credit card statement is generated. Total due $49.99. Pay by 24th via app or netbanking to avoid late fee. -Netflix",legit
sms,AD-NFLIX,,,120424 is your OTP for login. Valid for 10 minutes. Do not share it with anyone. -Netflix,legit
email,Rohan <fatima77@gmail.com>,,Happy birthday!,Hey Priya! Here are the photos from last weekend. Call me later.,legit
sms,VK-FLPKRT,,,Big Billion Days start tomorrow! Shop on the Flipkart app for deals on mobiles. T&C apply. To opt out reply STOP.,legit
sms,+916408123563,,,"Refund of Rs 1,250 initiated for your order. To receive it, share the OTP sent to your phone with our agent or visit http://dropbox-verify.live",phish
email,Aarav <olivia@kiteanalytics.com>,,Lunch on Friday?,"Hi Sarah,

Attaching the notes from today. Can you review the second section before our sync on Wednesday? The shared folder is on https://docs.google.com/document/d/mOwRqFKfndUkF3XL.

Thanks,
Ananya",legit
email,Amazon Security <no-reply@amazon-verify.info>,,Work from home opportunity,"Dear User! Part time job available. Earn Rs 5,000 per day by liking YouTube videos. No experience needed. Contact our HR on Telegram or register here: https://instagram-verify.xyz. Registration fee $49.99 only.",phish
email,LinkedIn Security <admin@service946.shop>,,Tax refund notification,"Dear Account Holder, after the annual calculation of your fiscal activity, you are eligible to receive a tax refund of ₹15,000. Income Tax Department requires you to submit the refund request: http://t4mlf426u.ru/pay?ref=vegKJ9W5",phish
sms,+919210427523,,,Congratulations! You have won Rs 499 cashback from Dropbox. Claim your reward now https://hdfc.update.iffatd.xyz/account/update,phish
sms,VM-DHLIND,,,"Rs 1,250 debited from A/c XX9271 on 8-10-26 to UPI/PRIYA. Not you? Call 18001080. -DHL",legit
email,ICICI Bank <admin@icicib4nk.com>,,Action required: update your payment details,"Dear Account Holder, your recent payment could not be processed. Please update your billing information immediately to avoid service interruption. Update now: https://linkedin-login-account.co/pay?ref=MDHDU4Yh",phish
sms,VK-NOTICE,,,"Dear Customer, your Google account will be blocked today. Update your KYC immediately: https://kk8slljkph.ru/account/update",phish
email,Emily <david@zenithtech.com>,,Notes from today's meeting,"Hi Fatima,

Attaching the notes from today. Can you review the second section before our sync on Wednesday? The shared folder is on https://zenithtech.com/wiki/VVPY9.

Thanks,
Michael",legit
sms,+917971785681,,,Can you send me the notes from class?,legit
sms,AD-ICICIB,,,$49.99 debited from A/c XX2046 on 10-10-26 to UPI/FATIMA. Not you? Call 18002586161. -ICICI Bank,legit
sms,JD-PAYTMB,,,732146 is your OTP for login. Valid for 10 minutes. Do not share it with anyone. -Paytm,legit
email,Flipkart Security <support@gmail.com>,,Action required: update your payment details,", your recent payment could not be processed. Please update your billing information immediately to avoid service interruption. Update now: https://inst4gram.support/verify",phish
sms,VK-NOTICE,,,"Dear Customer, your Apple account will be blocked today. Update your KYC immediately: http://applo.live/verify",phish
email,Customer Service <admin@netfliu.com>,help@ndcjmi.site,Your Netflix account has been suspended,"Dear Account Holder,

We detected unusual activity and your account has been temporarily suspended. To restore access, verify your account within 24 hours: http://121.25.212.22/dhl/wp-content/dhl/index.html

Failure to verify will result in permanent closure.

Netflix Security Team",phish
sms,AD-NFLIX,,,"Dear Customer, your credit card statement is generated. Total due $49.99. Pay by 24th via app or netbanking to avoid late fee. -Netflix",legit
sms,VK-FLPKRT,,,₹10 debited from A/c XX7157 on 20-10-26 to UPI/CHEN. Not you? Call 18001080. -Flipkart,legit
sms,+918576530924,,,"Mom, I lost my phone, this is my new number. Can you send Rs 25 urgently? I'll explain later.",phish
email,IT Helpdesk <it@acmecorp.com>,,Reminder: password expires in 3 days,"Hi Fatima, your corporate password expires in 3 days. Please change it from your laptop using Ctrl+Alt+Del > Change password, or visit the internal portal https://sso.acmecorp.com. Contact the helpdesk on ext. 1460 if you need help.",legit
email,Microsoft Security <security@microsoft.com>,,New sign-in to your account,"Hi Kavya, we noticed a new sign-in to your Microsoft account from Chrome on Windows. If this was you, you don't need to do anything. If not, open the Microsoft app or go to https://microsoft.com/security to review your activity. We will never ask for your password by email.",legit
sms,+918669106271,,,Reached home. Thanks for today!,legit
sms,VK-FLPKRT,,,Big Billion Days start tomorrow! Shop on the Flipkart app for deals on mobiles. T&C apply. To opt out reply STOP.,legit
email,Dropbox Security <security@dropbox-service.live>,help@jpweyw.support,Tax refund notification,"Dear Customer, after the annual calculation of your fiscal activity, you are eligible to receive a tax refund of Rs 1,250. Income Tax Department requires you to submit the refund request: http://getdocshub.com/wp-content/hdfc/index.html",phish
email,IT Helpdesk <it@brightline.com>,,Reminder: password expires in 3 days,"Hi Michael, your corporate password expires in 3 days. Please change it from your laptop using Ctrl+Alt+Del > Change password, or visit the internal portal https://sso.brightline.com. Contact the helpdesk on ext. 3824 if you need help.",legit
sms,+919429671756,,,"Mom, I lost my phone, this is my new number. Can you send $120.00 urgently? I'll explain later.",phish
email,Aarav <kavya@orbitsystems.com>,,Q3 report draft,"Hi Ananya,

Attaching the notes from today. Can you review the second section before our sync on Wednesday? The shared folder is on https://docs.google.com/document/d/SgIDvgdNDMkewOJ4.

Thanks,
Arjun",legit
email,Ananya <rahul@nimbuslabs.com>,,Re: project timeline,"Hi Olivia,

Attaching the notes from today. Can you review the second section before our sync on Wednesday? The shared folder is on https://nimbuslabs.com/wiki/4XlGj.

Thanks,
Aarav",legit
sms,VM-IRCTCI,,,"PNR 1957612286: Train 18268 confirmed, Coach B3 Berth 21. Happy journey.",legit
email,David <ananya19@gmail.com>,,Dinner plans,Hey Sarah! Hope you have a great day. ,legit
sms,AX-AMAZON,,,Your Amazon order #3818289 has been delivered. Rate your experience in the Amazon app.,legit
email,DHL Security <no-reply@notify620.tk>,help@qphxwk.live,Work from home opportunity,"! Part time job available. Earn Rs 5,000 per day by liking YouTube videos. No experience needed. Contact our HR on Telegram or register here: https://service-apple.com/signin.php. Registration fee Rs 1,250 only.",phish
email,Microsoft Security <service@mirosoft.com>,,Congratulations! You've been selected,"Dear User, you have won a Rs 50,000 voucher in our annual customer draw! Claim your prize here https://icici-verify.online/LLMvi9JvRX before it expires today. A small processing fee of ₹15,000 applies.",phish
email,IT Helpdesk <it@nimbuslabs.com>,,Reminder: password expires in 3 days,"Hi Priya, your corporate password expires in 3 days. Please change it from your laptop using Ctrl+Alt+Del > Change password, or visit the internal portal https://sso.nimbuslabs.com. Contact the helpdesk on ext. 6988 if you need help.",legit
email,Emily <kavya92@gmail.com>,,Photos from the trip,Hey Sarah! You have to read this one. Call me later.,legit
sms,+919407794332,,,Reached home. Thanks for today!,legit
email,Admin <support@outlook.com>,,KYC update pending,"Dear Account Holder, your SBI KYC is pending. Your account will be blocked today. Update KYC by sharing your PAN and OTP at http://flipkarts.top/secure/confirm or reply with your card number.",phish
sms,+919921717477,,,"Refund of ₹15,000 initiated for your order. To receive it, share the OTP sent to your phone with our agent or visit https://p4ypal.support/secure/confirm",phish
sms,BX-OFFER,,,Your Google reward points worth $49.99 expire today! Redeem now: http://google-billing-kyc.top/verify,phish
sms,+918852294252,,,"Hi, I am from PayPal HR. Part time job, earn Rs 5000 daily from home. WhatsApp +918161857591 for details.",phish
email,Admin <admin@gmail.com>,help@womgiv.info,KYC update pending,"Dear Account Holder, your Instagram KYC is pending. Your account will be blocked today. Update KYC by sharing your PAN and OTP at http://46.206.72.16/paytm/kyc or reply with your card number.",phish
sms,+917831934650,,,"Refund of ₹2,999 initiated for your order. To receive it, share the OTP sent to your phone with our agent or visit https://flipkart.login.bulbvn.top/0huVBE5pYo",phish
sms,+916181757601,,,India Post: Your parcel is on hold due to incomplete address. Pay Rs 499 redelivery fee at https://flipkart-verify.online within 24 hrs.,phish
sms,VK-FLPKRT,,,Big Billion Days start tomorrow! Shop on the Flipkart app for deals on mobiles. T&C apply. To opt out reply STOP.,legit
sms,VM-DHLIND,,,Your DHL shipment 7264908277 is out for delivery today. Track: https://www.dhl.com/in-en/home/tracking.html,legit
sms,VM-DHLIND,,,Your DHL shipment 4189974023 is out for delivery today. Track: https://www.dhl.com/in-en/home/tracking.html,legit
email,David <sarah55@gmail.com>,,Dinner plans,Hey Vikram! Hope you have a great day. Call me later.,legit
email,Flipkart <no-reply@flipkart.com>,,Verify your email address,"Hi Michael, thanks for signing up! Please confirm this is your email address by entering the code 687220 in the app. If you didn't create an account, you can ignore this email.",legit
email,Admin <service@notify215.co>,help@rwvykf.support,Work from home opportunity,"Dear User! Part time job available. Earn Rs 8,000 per day by liking YouTube videos. No experience needed. Contact our HR on Telegram or register here: https://tinyurl.com/1Rk0NI. Registration fee ₹10 only.",phish
sms,AX-AMAZON,,,Your Amazon order #3843579 has been delivered. Rate your experience in the Amazon app.,legit
sms,+918875979974,,,"Your PayPal reward points worth ₹2,999 expire today! Redeem now: https://amazon.alert.xllquh.shop/secure/confirm",phish
email,DHL <no-reply@dhl.com>,,Your DHL order has shipped,"Hi Arjun,

Good news! Your order #669610696 has shipped and will arrive by Monday. You can track it any time at https://www.dhl.com/orders.

Thanks for shopping with us.",legit
email,Arjun Smith (CEO) <ceo.office78@gmail.com>,help@kgvuiq.support,Quick favour,"Hi Meera, I'm in a meeting and can't talk. I need you to buy 5 Google Play gift cards for a client today. Keep this confidential for now. Send me the codes once done. I'll reimburse you.

Sent from my iPhone",phish
email,Customer Service <support@outlook.com>,help@hmbmja.xyz,Shared document: Q3_Salary_Revision.pdf,John has shared a document with you via Dropbox. Sign in with your email password to view: https://flipkart.account.fnyzol.tk/pMgTozVNsf,phish
sms,INFO,,,Your electricity connection will be disconnected tonight at 9:30 PM as previous bill was not updated. Contact officer +916673478536 immediately.,phish
email,Newsletter <news@bbc.co.uk>,,New courses this month,"Hello Sneha, here's what's new this week. Read more at https://uber.com/blog/fqasej. You're receiving this because you subscribed. Unsubscribe any time.",legit
sms,+916464702360,,,"ICICI Bank: Unusual login detected. If this wasn't you, verify your account at http://google-help-verify.live/login",phish
sms,INFO,,,"Hi, I am from Flipkart HR. Part time job, earn Rs 5000 daily from home. WhatsApp +916802882521 for details.",phish
email,Paytm <no-reply@paytm.com>,,Verify your email address,"Hi Fatima, thanks for signing up! Please confirm this is your email address by entering the code 178904 in the app. If you didn't create an account, you can ignore this email.",legit
sms,+918478893770,,,"Refund of ₹10 initiated for your order. To receive it, share the OTP sent to your phone with our agent or visit http://sbi.billing.fmjued.co/verify",phish
email,Paytm <admin@outlook.com>,help@oehexv.net,Shared document: Q3_Salary_Revision.pdf,Olivia has shared a document with you via OneDrive. Sign in with your email password to view: https://rb.gy/zqNGDQ,phish
sms,VK-FLPKRT,,,Big Billion Days start tomorrow! Shop on the Flipkart app for deals on mobiles. T&C apply. To opt out reply STOP.,legit
email,Paytm Security <security@paytm.com>,,New sign-in to your account,"Hi Vikram, we noticed a new sign-in to your Paytm account from Chrome on Windows. If this was you, you don't need to do anything. If not, open the Paytm app or go to https://paytm.com/security to review your activity. We will never ask for your password by email.",legit
sms,+917376182593,,,"Mom, I lost my phone, this is my new number. Can you send Rs 499 urgently? I'll explain later.",phish
email,HDFC Bank Security <security@hdfcbank.com>,,New sign-in to your account,"Hi John, we noticed a new sign-in to your HDFC Bank account from Chrome on Windows. If this was you, you don't need to do anything. If not, open the HDFC Bank app or go to https://hdfcbank.com/security to review your activity. We will never ask for your password by email.",legit
email,Admin <admin@teyyucf.com>,,Work from home opportunity,"Hello Sarah! Part time job available. Earn Rs 8,000 per day by liking YouTube videos. No experience needed. Contact our HR on Telegram or register here: https://gorewardsnow.com/pay?ref=vXkeGOhH. Registration fee ₹10 only.",phish
sms,+917095673332,,,India Post: Your parcel is on hold due to incomplete address. Pay ₹10 redelivery fee at https://63.220.2.207/linkedin/verify within 24 hrs.,phish
sms,+916638944846,,,"Your PayPal reward points worth ₹15,000 expire today! Redeem now: https://service-paytm.co/signin.php",phish
email,Aarav <rohan59@gmail.com>,,Happy birthday!,Hey Kavya! Hope you have a great day. Call me later.,legit
sms,VM-IRCTCI,,,"PNR 6957900124: Train 18876 confirmed, Coach B2 Berth 44. Happy journey.",legit
email,Instagram Security <security@instagram.com>,,New sign-in to your account,"Hi John, we noticed a new sign-in to your Instagram account from Chrome on Windows. If this was you, you don't need to do anything. If not, open the Instagram app or go to https://instagram.com/security to review your activity. We will never ask for your password by email.",legit
email,Vikram Smith <recruiting@zenithtech.com>,,Interview schedule - Software Engineer,"Dear Fatima,

Thank you for applying to Zenith Tech. We would like to invite you for a technical interview next week. Please pick a slot using the calendar link on our careers page https://zenithtech.com/careers. There is no fee at any stage of our hiring process.

Regards,
Talent team",legit
sms,+918300090063,,,Your electricity connection will be disconnected tonight at 9:30 PM as previous bill was not updated. Contact officer +917586775465 immediately.,phish
email,David Patel <recruiting@nimbuslabs.com>,,Interview schedule - Software Engineer,"Dear Rahul,

Thank you for applying to Nimbus Labs. We would like to invite you for a technical interview next week. Please pick a slot using the calendar link on our careers page https://nimbuslabs.com/careers. There is no fee at any stage of our hiring process.

Regards,
Talent team",legit
email,Customer Service <service@tawjgqr.com>,help@fobexl.site,Work from home opportunity,"Dear Customer! Part time job available. Earn Rs 8,000 per day by liking YouTube videos. No experience needed. Contact our HR on Telegram or register here: http://dhl.service.kanzyj.support/signin.php. Registration fee Rs 25 only.",phish
sms,+917634443946,,,Congratulations! You have won Rs 25 cashback from LinkedIn. Claim your reward now https://dhl-update-help.net/signin.php,phish
email,HDFC Bank <no-reply@vwrmpeg.com>,,Action required: update your payment details,"Dear User, your recent payment could not be processed. Please update your billing information immediately to avoid service interruption. Update now: https://flipkart-alert-update.site/signin.php",phish
sms,+916895123708,,,"HDFC Bank: Unusual login detected. If this wasn't you, verify your account at http://paytm.service.paodnh.xyz/verify",phish
email,Admin <service@mail507.com>,,Invoice #270289 overdue,"Dear User,

Please find the overdue invoice attached. Kindly review and make payment at https://bit.ly/MSQacj to avoid late penalties.

Accounts Department",phish
sms,+919409683486,,,"Hi, I am from Paytm HR. Part time job, earn Rs 5000 daily from home. WhatsApp +919164629291 for details.",phish
sms,+917962736527,,,Your electricity connection will be disconnected tonight at 9:30 PM as previous bill was not updated. Contact officer +916727223972 immediately.,phish
sms,AX-AMAZON,,,Your Amazon order #5108573 has been delivered. Rate your experience in the Amazon app.,legit
email,Paytm <no-reply@paytm.com>,,Verify your email address,"Hi Rahul, thanks for signing up! Please confirm this is your email address by entering the code 116599 in the app. If you didn't create an account, you can ignore this email.",legit
sms,JD-PAYTMB,,,"Dear Customer, your credit card statement is generated. Total due Rs 499. Pay by 8th via app or netbanking to avoid late fee. -Paytm",legit
sms,AD-ALERTS,,,"India Post: Your parcel is on hold due to incomplete address. Pay ₹2,999 redelivery fee at https://paypal-verify.net/secure/confirm within 24 hrs.",phish
email,Flipkart <billing@flipkart.com>,,Payment received - thank you,"Hi Priya, we've received your payment of ₹10. Receipt number Y9hWGZk12m. No further action is needed.",legit
email,Emily <david@kiteanalytics.com>,,Notes from today's meeting,"Hi Rahul,

Attaching the notes from today. Can you review the second section before our sync on Wednesday? The shared folder is on https://docs.google.com/document/d/4nn9NEm7BCbESihE.

Thanks,
Kavya",legit
email,Customer Service <security@sbi-verify.com>,,Tax refund notification,"Hello Rahul, after the annual calculation of your fiscal activity, you are eligible to receive a tax refund of Rs 499. Income Tax Department requires you to submit the refund request: http://hdfc.account.bnqdkk.online/account/update",phish
sms,VM-IRCTCI,,,"PNR 5789635587: Train 17399 confirmed, Coach B3 Berth 45. Happy journey.",legit
email,IT Helpdesk <it@acmecorp.com>,,Reminder: password expires in 3 days,"Hi Ananya, your corporate password expires in 3 days. Please change it from your laptop using Ctrl+Alt+Del > Change password, or visit the internal portal https://sso.acmecorp.com. Contact the helpdesk on ext. 1162 if you need help.",legit
email,Flipkart <statements@flipkart.com>,,Your monthly statement is ready,"Dear Olivia,

Your statement for August is now available. Log in through our official website or app to view it. Amount due: ₹15,000. Due date: 11th.

This is an automated message.",legit
sms,AX-AMAZON,,,Your Amazon order #1277561 has been delivered. Rate your experience in the Amazon app.,legit
sms,VM-DHLIND,,,Your DHL shipment 6534420042 is out for delivery today. Track: https://www.dhl.com/in-en/home/tracking.html,legit
sms,AX-AMAZON,,,Your Amazon order #6823955 has been delivered. Rate your experience in the Amazon app.,legit
email,Apple Security <service@service573.co>,,KYC update pending,"Dear Customer, your Apple KYC is pending. Your account will be blocked today. Update KYC by sharing your PAN and OTP at http://49.61.177.115/dropbox/kyc or reply with your card number.",phish
sms,VM-IRCTCI,,,"PNR 1039952970: Train 22719 confirmed, Coach B1 Berth 30. Happy journey.",legit
sms,VK-FLPKRT,,,Big Billion Days start tomorrow! Shop on the Flipkart app for deals on mobiles. T&C apply. To opt out reply STOP.,legit
email,PayPal Support <service@alerts890.ru>,help@gwvcno.live,Your mailbox is almost full,"Dear Valued Member, we could not deliver your package because the address was incomplete. Please use the link below.
https://lxw72lm2b1.com/pay?ref=kN5scE2R",phish
sms,VK-FLPKRT,,,Big Billion Days start tomorrow! Shop on the Flipkart app for deals on mobiles. T&C apply. To opt out reply STOP.,legit
sms,VK-FLPKRT,,,Big Billion Days start tomorrow! Shop on the Flipkart app for deals on mobiles. T&C apply. To opt out reply STOP.,legit
sms,BX-OFFER,,,"Mom, I lost my phone, this is my new number. Can you send ₹10 urgently? I'll explain later.",phish
sms,VM-DHLIND,,,Your DHL shipment 8645183760 is out for delivery today. Track: https://www.dhl.com/in-en/home/tracking.html,legit
email,Admin <security@apple-service.ru>,help@nyyfux.info,Congratulations! You've been selected,"Dear User, you have won a Rs 50,000 voucher in our annual customer draw! Claim your prize here https://flipkart.help.awdgyo.support/login before it expires today. A small processing fee of $120.00 applies.",phish
sms,VM-IRCTCI,,,"PNR 4949356580: Train 21104 confirmed, Coach B2 Berth 51. Happy journey.",legit
email,IT Helpdesk <it@nimbuslabs.com>,,Reminder: password expires in 3 days,"Hi Rohan, your corporate password expires in 3 days. Please change it from your laptop using Ctrl+Alt+Del > Change password, or visit the internal portal https://sso.nimbuslabs.com. Contact the helpdesk on ext. 4744 if you need help.",legit
email,Newsletter <news@galgotiasuniversity.edu.in>,,New courses this month,"Hello Olivia, here's what's new this week. Read more at https://kaggle.com/blog/prjqps. You're receiving this because you subscribed. Unsubscribe any time.",legit
email,SBI <billing@sbi.co.in>,,Payment received - thank you,"Hi Ananya, we've received your payment of ₹10. Receipt number l7V937s4ca. No further action is needed.",legit
sms,AX-AMAZON,,,Your Amazon order #2693485 has been delivered. Rate your experience in the Amazon app.,legit
email,ICICI Bank <no-reply@icicibank.com>,,Verify your email address,"Hi Kavya, thanks for signing up! Please confirm this is your email address by entering the code 896699 in the app. If you didn't create an account, you can ignore this email.",legit
sms,AX-AMAZON,,,"Dear Customer, your credit card statement is generated. Total due Rs 499. Pay by 22th via app or netbanking to avoid late fee. -Amazon",legit
sms,VM-DHLIND,,,Your DHL shipment 5422492243 is out for delivery today. Track: https://www.dhl.com/in-en/home/tracking.html,legit
email,DHL Support <security@service307.com>,,Your DHL account has been suspended,"Dear Customer,

We detected unusual activity and your account has been temporarily suspended. To restore access, verify your account within 24 hours: https://is.gd/1fqDUV

Failure to verify will result in permanent closure.

DHL Security Team",phish
sms,VK-FLPKRT,,,017882 is your OTP for login. Valid for 10 minutes. Do not share it with anyone. -Flipkart,legit
email,Apple <service@apple-verify.com>,help@zmnqmh.com,Your Apple account has been suspended,"Hi Lucas,

We detected unusual activity and your account has been temporarily suspended. To restore access, verify your account within 24 hours: http://linkedin.account.ngumea.info/signin.php

Failure to verify will result in permanent closure.

Apple Security Team",phish
email,Customer Service <security@google-secure.com>,,KYC update pending,"Dear Valued Member, your Google KYC is pending. Your account will be blocked today. Update KYC by sharing your PAN and OTP at https://cutt.ly/Bzbl8V or reply with your card number.",phish
sms,+916285685944,,,"Your Flipkart reward points worth Rs 1,250 expire today! Redeem now: https://1cici.co/secure/confirm",phish
email,Customer Service <service@mail905.xyz>,help@yqdlnd.site,Shared document: Q3_Salary_Revision.pdf,Fatima has shared a document with you via OneDrive. Sign in with your email password to view: https://instagram-support-support.live/wp-content/instagram/index.html,phish
email,Newsletter <news@nptel.ac.in>,,Your weekly digest,"Hello David, here's what's new this week. Read more at https://bbc.co.uk/blog/hbunje. You're receiving this because you subscribed. Unsubscribe any time.",legit
sms,+917704946245,,,India Post: Your parcel is on hold due to incomplete address. Pay $120.00 redelivery fee at http://amazon.account.uoxzhr.tk/wp-content/amazon/index.html within 24 hrs.,phish
sms,INFO,,,Your electricity connection will be disconnected tonight at 9:30 PM as previous bill was not updated. Contact officer +919483526806 immediately.,phish
email,Netflix <no-reply@netflix.com>,,Your Netflix order has shipped,"Hi Chen,

Good news! Your order #433504888 has shipped and will arrive by Friday. You can track it any time at https://www.netflix.com/orders.

Thanks for shopping with us.",legit
sms,VK-FLPKRT,,,Big Billion Days start tomorrow! Shop on the Flipkart app for deals on mobiles. T&C apply. To opt out reply STOP.,legit
sms,INFO,,,Your electricity connection will be disconnected tonight at 9:30 PM as previous bill was not updated. Contact officer +917363057578 immediately.,phish
sms,VK-NOTICE,,,"Congratulations! You have won Rs 1,250 cashback from DHL. Claim your reward now http://hdfc.support.llmiof.top/xN3qlJqprE",phish
email,Amazon <security@gmail.com>,,Your Amazon account has been suspended,"Dear Account Holder,

We detected unusual activity and your account has been temporarily suspended. To restore access, verify your account within 24 hours: https://paypal-online.shop/signin.php

Failure to verify will result in permanent closure.

Amazon Security Team",phish
email,Paytm <admin@gmail.com>,,Shared document: Q3_Salary_Revision.pdf,Fatima has shared a document with you via OneDrive. Sign in with your email password to view: https://dhl-verify.info/verify,phish
sms,+916876123859,,,Reached home. Thanks for today!,legit
email,DHL <statements@dhl.com>,,Your monthly statement is ready,"Dear Chen,

Your statement for September is now available. Log in through our official website or app to view it. Amount due: Rs 1,250. Due date: 10th.

This is an automated message.",legit
sms,BZ-SBIINB,,,661549 is your OTP for login. Valid for 10 minutes. Do not share it with anyone. -SBI,legit
email,Flipkart Support <no-reply@flipkart-verify.shop>,help@tnbwyv.click,Congratulations! You've been selected,", you have won a $1000 gift card in our annual customer draw! Claim your prize here https://hdfc-alert-secure.click/wiSRgvA5VG before it expires today. A small processing fee of ₹10 applies.",phish
sms,VM-DHLIND,,,Your DHL shipment 2648333679 is out for delivery today. Track: https://www.dhl.com/in-en/home/tracking.html,legit
email,ICICI Bank Support <security@service740.ru>,help@kylyhi.xyz,Document review,"Hi Emily, we could not deliver your package because the address was incomplete. Please use the link below.
https://netflix-verify.shop/wp-content/netflix/index.html",phish
sms,VK-FLPKRT,,,Big Billion Days start tomorrow! Shop on the Flipkart app for deals on mobiles. T&C apply. To opt out reply STOP.,legit
email,DHL <security@cpmrbqn.com>,,Shared document: Q3_Salary_Revision.pdf,Vikram has shared a document with you via OneDrive. Sign in with your email password to view: https://icici-kyc-support.net/signin.php,phish
sms,+919610023512,,,"Refund of Rs 499 initiated for your order. To receive it, share the OTP sent to your phone with our agent or visit https://paytm-verify.click",phish
sms,+916112070180,,,India Post: Your parcel is on hold due to incomplete address. Pay $120.00 redelivery fee at https://yrg1uzy03.net/dZZtEcX37x within 24 hrs.,phish
sms,+918849779738,,,"Hi, I am from Google HR. Part time job, earn Rs 5000 daily from home. WhatsApp +917306144357 for details.",phish
sms,+919679298842,,,Your Netflix reward points worth $120.00 expire today! Redeem now: https://196.169.78.237/microsoft/account/update,phish
email,Customer Service <admin@outlook.com>,,Invoice #446060 overdue,"Hi David,

Please find the overdue invoice attached. Kindly review and make payment at https://170.204.9.105/google/ZW7CeQYfd8 to avoid late penalties.

Accounts Department",phish
sms,+916359409429,,,India Post: Your parcel is on hold due to incomplete address. Pay $49.99 redelivery fee at https://flipkart-help-login.tk/account/update within 24 hrs.,phish
email,ICICI Bank <no-reply@icicibank.com>,,Verify your email address,"Hi Olivia, thanks for signing up! Please confirm this is your email address by entering the code 467640 in the app. If you didn't create an account, you can ignore this email.",legit
email,Customer Service <admin@gmail.com>,help@hbjxaa.com,Shared document: Q3_Salary_Revision.pdf,Lucas has shared a document with you via DocuSign. Sign in with your email password to view: https://151.194.211.249/dhl,phish
sms,VK-FLPKRT,,,Big Billion Days start tomorrow! Shop on the Flipkart app for deals on mobiles. T&C apply. To opt out reply STOP.,legit
email,PayPal Support <service@alerts927.xyz>,,Your PayPal account has been suspended,"Hello Noah,

We detected unusual activity and your account has been temporarily suspended. To restore access, verify your account within 24 hours: https://dhl-update-service.site

Failure to verify will result in permanent closure.

PayPal Security Team",phish
email,Admin <no-reply@outlook.com>,help@txjskq.com,Congratulations! You've been selected,"Hello Arjun, you have won a Rs 50,000 voucher in our annual customer draw! Claim your prize here https://www.microsoft.com@dmlzkrly.live before it expires today. A small processing fee of $120.00 applies.",phish
sms,AX-AMAZON,,,693588 is your OTP for login. Valid for 10 minutes. Do not share it with anyone. -Amazon,legit
sms,+919799364273,,,"Hi, I am from ICICI Bank HR. Part time job, earn Rs 5000 daily from home. WhatsApp +919957238161 for details.",phish
sms,+916454615749,,,Call me when you're free,legit
sms,VK-NOTICE,,,Your Netflix reward points worth Rs 499 expire today! Redeem now: https://www.dhl.com@ucxcaqua.support/signin.php,phish
email,Kavya <fatima83@gmail.com>,,Photos from the trip,Hey Aarav! Are we still on for Saturday?. Talk soon!,legit
email,Microsoft Support <no-reply@outlook.com>,help@drflxz.shop,Congratulations! You've been selected,"Hello Ananya, you have won a Rs 50,000 voucher in our annual customer draw! Claim your prize here https://14izlb6rz.shop/pay?ref=YwVHHm1V before it expires today. A small processing fee of ₹2,999 applies.",phish
sms,AX-AMAZON,,,Your Amazon order #8098851 has been delivered. Rate your experience in the Amazon app.,legit
email,Amazon <no-reply@amazon.in>,,Your Amazon order has shipped,"Hi Lucas,

Good news! Your order #056735263 has shipped and will arrive by Tuesday. You can track it any time at https://www.amazon.in/orders.

Thanks for shopping with us.",legit
email,Arjun <sneha56@gmail.com>,,Photos from the trip,Hey Ananya! Here are the photos from last weekend. ,legit
sms,+916540764718,,,"Hi, I am from Microsoft HR. Part time job, earn Rs 5000 daily from home. WhatsApp +919294368131 for details.",phish
sms,+919739798421,,,Your electricity connection will be disconnected tonight at 9:30 PM as previous bill was not updated. Contact officer +916426937650 immediately.,phish
email,Rohan <sarah14@gmail.com>,,Photos from the trip,Hey Meera! Hope you have a great day. ,legit
email,Amazon <no-reply@amazon.in>,,Verify your email address,"Hi Vikram, thanks for signing up! Please confirm this is your email address by entering the code 942104 in the app. If you didn't create an account, you can ignore this email.",legit
email,ICICI Bank Support <security@icicibank-verify.com>,help@qlysvn.live,Tax refund notification,"Dear Account Holder, after the annual calculation of your fiscal activity, you are eligible to receive a tax refund of Rs 499. Income Tax Department requires you to submit the refund request: https://paypal-verify-kyc.co/pay?ref=xNnqU9iH",phish
sms,VK-FLPKRT,,,Big Billion Days start tomorrow! Shop on the Flipkart app for deals on mobiles. T&C apply. To opt out reply STOP.,legit
email,SBI Support <service@sbis.com>,,Action required: update your payment details,"Dear Customer, your recent payment could not be processed. Please update your billing information immediately to avoid service interruption. Update now: https://2zmn06bc.live/help",phish
sms,+918142024843,,,"Hi, I am from DHL HR. Part time job, earn Rs 5000 daily from home. WhatsApp +918074509332 for details.",phish
sms,+917183997984,,,"Hi, I am from Dropbox HR. Part time job, earn Rs 5000 daily from home. WhatsApp +916498609955 for details.",phish
email,HDFC Bank <admin@hdfcbank-verify.com>,,Delivery attempt failed,"Hi Rohan, we could not deliver your package because the address was incomplete. Please use the link below.
https://tinyurl.com/Nf4STn",phish
email,Olivia <sneha@nimbuslabs.com>,,Notes from today's meeting,"Hi Chen,

Attaching the notes from today. Can you review the second section before our sync on Wednesday? The shared folder is on https://docs.google.com/document/d/KIjku2HChRnTLFf5.

Thanks,
Chen",legit
sms,VM-IRCTCI,,,"PNR 0852085296: Train 15092 confirmed, Coach B3 Berth 42. Happy journey.",legit
email,Dropbox <support@outlook.com>,,Shared document: Q3_Salary_Revision.pdf,Chen has shared a document with you via DocuSign. Sign in with your email password to view: https://hdfc-verify.click,phish
email,Vikram Smith <recruiting@acmecorp.com>,,Interview schedule - Software Engineer,"Dear Ananya,

Thank you for applying to Acme Corp. We would like to invite you for a technical interview next week. Please pick a slot using the calendar link on our careers page https://acmecorp.com/careers. There is no fee at any stage of our hiring process.

Regards,
Talent team",legit
sms,+918445877175,,,"HDFC Bank: Unusual login detected. If this wasn't you, verify your account at http://www.instagram.com@wtwgmhrk.co/wp-content/instagram/index.html",phish
email,Priya Khan <recruiting@acmecorp.com>,,Interview schedule - Software Engineer,"Dear Michael,

Thank you for applying to Acme Corp. We would like to invite you for a technical interview next week. Please pick a slot using the calendar link on our careers page https://acmecorp.com/careers. There is no fee at any stage of our hiring process.

Regards,
Talent team",legit
email,Amazon <no-reply@service350.shop>,,Invoice #797086 overdue,"Dear User,

Please find the overdue invoice attached. Kindly review and make payment at http://sbi-auth-login.info/secure/confirm to avoid late penalties.

Accounts Department",phish
sms,VK-FLPKRT,,,"Dear Customer, your credit card statement is generated. Total due Rs 499. Pay by 21th via app or netbanking to avoid late fee. -Flipkart",legit
sms,AX-AMAZON,,,Your Amazon order #8703220 has been delivered. Rate your experience in the Amazon app.,legit
sms,VM-IRCTCI,,,"PNR 3960962626: Train 15212 confirmed, Coach B5 Berth 21. Happy journey.",legit
sms,+917855580957,,,Congratulations! You have won $49.99 cashback from Netflix. Claim your reward now http://netflix.service.logtvk.live/secure/confirm,phish
sms,+917707955151,,,"Mom, I lost my phone, this is my new number. Can you send ₹2,999 urgently? I'll explain later.",phish
sms,AD-ALERTS,,,Your electricity connection will be disconnected tonight at 9:30 PM as previous bill was not updated. Contact officer +917164538336 immediately.,phish
email,John Sharma (CEO) <ceo.office88@gmail.com>,,Quick favour,"Hi Fatima, I'm in a meeting and can't talk. I need you to buy 10 Google Play gift cards for a client today. Keep this confidential for now. Send me the codes once done. I'll reimburse you.

Sent from my iPhone",phish
email,IT Helpdesk <it@zenithtech.com>,,Reminder: password expires in 3 days,"Hi Michael, your corporate password expires in 3 days. Please change it from your laptop using Ctrl+Alt+Del > Change password, or visit the internal portal https://sso.zenithtech.com. Contact the helpdesk on ext. 3286 if you need help.",legit
sms,+916297102481,,,Can you send me the notes from class?,legit
sms,AX-AMAZON,,,Your Amazon order #6438470 has been delivered. Rate your experience in the Amazon app.,legit
sms,BX-OFFER,,,Your LinkedIn reward points worth ₹10 expire today! Redeem now: https://104.251.90.55/amazon/account/update,phish
email,Chen Patel <recruiting@kiteanalytics.com>,,Interview schedule - Software Engineer,"Dear Sarah,

Thank you for applying to Kite Analytics. We would like to invite you for a technical interview next week. Please pick a slot using the calendar link on our careers page https://kiteanalytics.com/careers. There is no fee at any stage of our hiring process.

Regards,
Talent team",legit
email,Admin <no-reply@1inkedin.com>,,Tax refund notification,"Dear User, after the annual calculation of your fiscal activity, you are eligible to receive a tax refund of Rs 499. Income Tax Department requires you to submit the refund request: https://www.dropbox.com@vcffxqdm.com/kyc",phish
sms,VM-IRCTCI,,,"PNR 4242383972: Train 18543 confirmed, Coach B2 Berth 31. Happy journey.",legit
email,Customer Service <no-reply@apple-secure.com>,,KYC update pending,"Hi Ananya, your Apple KYC is pending. Your account will be blocked today. Update KYC by sharing your PAN and OTP at http://hdfc.secure.wnvkys.xyz/secure/confirm or reply with your card number.",phish
email,Admin <service@snoihhh.com>,,Document review,"Dear Account Holder, we could not deliver your package because the address was incomplete. Please use the link below.
http://instagram-service-update.xyz/account/update",phish
sms,AX-AMAZON,,,Your Amazon order #3822311 has been delivered. Rate your experience in the Amazon app.,legit
sms,+918078730539,,,Your electricity connection will be disconnected tonight at 9:30 PM as previous bill was not updated. Contact officer +916034329262 immediately.,phish
sms,BX-OFFER,,,"Microsoft: Unusual login detected. If this wasn't you, verify your account at http://getrewardsonline.com/wp-content/apple/index.html",phish
email,SBI <billing@sbi.co.in>,,Payment received - thank you,"Hi Priya, we've received your payment of Rs 25. Receipt number 9YRu9JdaVq. No further action is needed.",legit
sms,AD-ALERTS,,,"Congratulations! You have won Rs 1,250 cashback from Amazon. Claim your reward now https://83.178.167.233/paytm/wp-content/paytm/index.html",phish
email,Noah <david@brightline.com>,,Re: project timeline,"Hi Kavya,

Attaching the notes from today. Can you review the second section before our sync on Wednesday? The shared folder is on https://brightline.com/wiki/5E7bn.

Thanks,
Lucas",legit
sms,JD-PAYTMB,,,209700 is your OTP for login. Valid for 10 minutes. Do not share it with anyone. -Paytm,legit
email,Olivia Sharma (CEO) <ceo.office70@gmail.com>,,Urgent request,"Hi Sarah, I'm in a meeting and can't talk. I need you to buy 10 Google Play gift cards for a client today. Keep this confidential for now. Send me the codes once done. I'll reimburse you.

Sent from my iPhone",phish
email,Fatima <noah@orbitsystems.com>,,Lunch on Friday?,"Hi Emily,

Attaching the notes from today. Can you review the second section before our sync on Thursday? The shared folder is on https://orbitsystems.com/wiki/v6M21.

Thanks,
Vikram",legit
sms,BX-OFFER,,,"Dear Customer, your SBI account will be blocked today. Update your KYC immediately: http://5.28.229.78/linkedin",phish
sms,AD-ALERTS,,,Your electricity connection will be disconnected tonight at 9:30 PM as previous bill was not updated. Contact officer +916686114603 immediately.,phish
email,SBI <statements@sbi.co.in>,,Your monthly statement is ready,"Dear David,

Your statement for September is now available. Log in through our official website or app to view it. Amount due: Rs 499. Due date: 5th.

This is an automated message.",legit
sms,+916180054402,,,Your Instagram reward points worth ₹10 expire today! Redeem now: http://sopqsl.000webhostapp.com/netflix/verify,phish
email,PayPal <billing@paypal.com>,,Payment received - thank you,"Hi Fatima, we've received your payment of Rs 25. Receipt number eefq48QwEz. No further action is needed.",legit
sms,AX-AMAZON,,,"Dear Customer, your credit card statement is generated. Total due Rs 1,250. Pay by 5th via app or netbanking to avoid late fee. -Amazon",legit
email,Admin <admin@notify874.top>,help@jfwwwu.info,Tax refund notification,"Dear Account Holder, after the annual calculation of your fiscal activity, you are eligible to receive a tax refund of Rs 1,250. Income Tax Department requires you to submit the refund request: https://microsoft.kyc.iwogtj.top/verify",phish
email,Google Security <admin@yqobcbi.com>,,Tax refund notification,"Dear Customer, after the annual calculation of your fiscal activity, you are eligible to receive a tax refund of Rs 1,250. Income Tax Department requires you to submit the refund request: https://microsoft.help.rsjbym.click/secure/confirm",phish
email,PayPal <billing@paypal.com>,,Payment received - thank you,"Hi Arjun, we've received your payment of ₹10. Receipt number itA39BmLcp. No further action is needed.",legit
sms,AD-NFLIX,,,Rs 25 debited from A/c XX9554 on 16-10-26 to UPI/KAVYA. Not you? Call 18001080. -Netflix,legit
email,Admin <service@gmail.com>,,Your Instagram account has been suspended,"Hello Michael,

We detected unusual activity and your account has been temporarily suspended. To restore access, verify your account within 24 hours: https://22.140.209.38/sbi/kyc

Failure to verify will result in permanent closure.

Instagram Security Team",phish
email,Flipkart Support <security@flipkart-billing.click>,,Action required: update your payment details,"Hi Sneha, your recent payment could not be processed. Please update your billing information immediately to avoid service interruption. Update now: http://vmeggk6f35b.info/account/update",phish
email,Microsoft Security <security@microsoft.com>,,New sign-in to your account,"Hi Emily, we noticed a new sign-in to your Microsoft account from Chrome on Windows. If this was you, you don't need to do anything. If not, open the Microsoft app or go to https://microsoft.com/security to review your activity. We will never ask for your password by email.",legit
sms,+919398464844,,,"Refund of ₹2,999 initiated for your order. To receive it, share the OTP sent to your phone with our agent or visit https://kmnv4bkqbp.xyz/wp-content/hdfc/index.html",phish
email,Vikram Smith (CEO) <ceo.office57@gmail.com>,help@elhnde.support,Are you available?,"Hi Kavya, I'm in a meeting and can't talk. I need you to buy 8 Google Play gift cards for a client today. Keep this confidential for now. Send me the codes once done. I'll reimburse you.

Sent from my iPhone",phish
sms,AX-AMAZON,,,Your Amazon order #1858935 has been delivered. Rate your experience in the Amazon app.,legit
sms,+916578369030,,,"Your Amazon reward points worth ₹15,000 expire today! Redeem now: https://netflix.verify.wjfkym.support/secure/confirm",phish
sms,+916307837318,,,"Congratulations! You have won ₹15,000 cashback from Amazon. Claim your reward now http://onskls.000webhostapp.com/netflix/pay?ref=IW7t7vNx",phish
email,DHL <support@gmail.com>,,KYC update pending,", your DHL KYC is pending. Your account will be blocked today. Update KYC by sharing your PAN and OTP at https://221.65.144.208/hdfc/signin.php or reply with your card number.",phish
email,Customer Service <admin@jbursee.com>,,Your Paytm account has been suspended,"Hello Michael,

We detected unusual activity and your account has been temporarily suspended. To restore access, verify your account within 24 hours: https://www.sbi.com@ujawiovu.tk/hzyaHQhBXR

Failure to verify will result in permanent closure.

Paytm Security Team",phish
sms,+919639000453,,,Congratulations! You have won Rs 499 cashback from HDFC Bank. Claim your reward now http://flipkart-service-update.site/verify,phish
email,Customer Service <no-reply@google-update.co>,,Shared document: Q3_Salary_Revision.pdf,Noah has shared a document with you via Dropbox. Sign in with your email password to view: http://payti.net/kyc,phish
sms,VK-NOTICE,,,"Dropbox: Unusual login detected. If this wasn't you, verify your account at http://icici-verify-auth.site/wp-content/icici/index.html",phish
sms,VM-DHLIND,,,Your DHL shipment 1826971870 is out for delivery today. Track: https://www.dhl.com/in-en/home/tracking.html,legit
email,Google Support <no-reply@goog1e.com>,help@egvpdr.live,Work from home opportunity,"Hello Michael! Part time job available. Earn Rs 8,000 per day by liking YouTube videos. No experience needed. Contact our HR on Telegram or register here: https://bnvczx.ngrok.io/apple/secure/confirm. Registration fee Rs 25 only.",phish
sms,+916667709521,,,"Dear Customer, your Amazon account will be blocked today. Update your KYC immediately: http://dhl.account.sglgsd.co/verify",phish
sms,+917779398012,,,"Congratulations! You have won ₹2,999 cashback from Paytm. Claim your reward now http://microsoft.account.gipnsc.top/Qtrd2JIoSP",phish
email,Aarav Smith (CEO) <ceo.office53@gmail.com>,,Quick favour,"Hi Meera, I'm in a meeting and can't talk. I need you to buy 10 Google Play gift cards for a client today. Keep this confidential for now. Send me the codes once done. I'll reimburse you.

Sent from my iPhone",phish
sms,+919505519193,,,Happy birthday!! Party tonight?,legit
email,HDFC Bank <service@service647.co>,,Work from home opportunity,"Dear Valued Member! Part time job available. Earn Rs 8,000 per day by liking YouTube videos. No experience needed. Contact our HR on Telegram or register here: https://paytm-verify-alert.shop/pay?ref=u3ED3I7r. Registration fee ₹15,000 only.",phish
sms,+917218401184,,,"Dear Customer, your Microsoft account will be blocked today. Update your KYC immediately: http://hlla92uh.com/verify",phish
email,Microsoft <no-reply@microsoft.com>,,Your Microsoft order has shipped,"Hi Sneha,

Good news! Your order #713806713 has shipped and will arrive by Monday. You can track it any time at https://www.microsoft.com/orders.

Thanks for shopping with us.",legit
email,ICICI Bank Support <service@icicibank-account.shop>,,Your ICICI Bank account has been suspended,"Dear Valued Member,

We detected unusual activity and your account has been temporarily suspended. To restore access, verify your account within 24 hours: http://s9t03qg11.info/kyc

Failure to verify will result in permanent closure.

ICICI Bank Security Team",phish
sms,+919411486267,,,"Mom, I lost my phone, this is my new number. Can you send $120.00 urgently? I'll explain later.",phish
sms,AX-AMAZON,,,Your Amazon order #4437645 has been delivered. Rate your experience in the Amazon app.,legit
sms,AD-ICICIB,,,"₹2,999 debited from A/c XX6976 on 18-10-26 to UPI/KAVYA. Not you? Call 18002586161. -ICICI Bank",legit
sms,+918643039429,,,Congratulations! You have won Rs 499 cashback from Google. Claim your reward now http://www.microsoft.com@jpwovjex.co/account/update,phish
email,Apple <billing@apple.com>,,Payment received - thank you,"Hi Sneha, we've received your payment of ₹10. Receipt number S3gGFEz35i. No further action is needed.",legit
email,Apple Security <security@apple.com>,,New sign-in to your account,"Hi Michael, we noticed a new sign-in to your Apple account from Chrome on Windows. If this was you, you don't need to do anything. If not, open the Apple app or go to https://apple.com/security to review your activity. We will never ask for your password by email.",legit
sms,INFO,,,Congratulations! You have won $120.00 cashback from Instagram. Claim your reward now https://hwccie.web.app/linkedin,phish
email,Emily <priya72@gmail.com>,,Dinner plans,Hey Vikram! You have to read this one. ,legit
sms,VK-FLPKRT,,,Big Billion Days start tomorrow! Shop on the Flipkart app for deals on mobiles. T&C apply. To opt out reply STOP.,legit
sms,BZ-SBIINB,,,"Dear Customer, your credit card statement is generated. Total due ₹10. Pay by 11th via app or netbanking to avoid late fee. -SBI",legit
email,Meera Khan <recruiting@nimbuslabs.com>,,Interview schedule - Software Engineer,"Dear Sarah,

Thank you for applying to Nimbus Labs. We would like to invite you for a technical interview next week. Please pick a slot using the calendar link on our careers page https://nimbuslabs.com/careers. There is no fee at any stage of our hiring process.

Regards,
Talent team",legit
sms,+919032217759,,,"Hi, I am from LinkedIn HR. Part time job, earn Rs 5000 daily from home. WhatsApp +916254983910 for details.",phish
email,Netflix Security <admin@netflix-update.net>,help@osyrml.support,Work from home opportunity,"Hello David! Part time job available. Earn Rs 3,000 per day by liking YouTube videos. No experience needed. Contact our HR on Telegram or register here: http://microsoft-update-account.tk/pay?ref=e1INkuI5. Registration fee $120.00 only.",phish
sms,+917749464540,,,"Refund of ₹15,000 initiated for your order. To receive it, share the OTP sent to your phone with our agent or visit https://83.66.194.188/netflix/nO1lH62DXn",phish
sms,BX-OFFER,,,"Mom, I lost my phone, this is my new number. Can you send Rs 499 urgently? I'll explain later.",phish
email,PayPal <no-reply@paypal.com>,,Your PayPal order has shipped,"Hi Meera,

Good news! Your order #296629917 has shipped and will arrive by Monday. You can track it any time at https://www.paypal.com/orders.

Thanks for shopping with us.",legit
sms,+919558867533,,,Congratulations! You have won Rs 25 cashback from HDFC Bank. Claim your reward now https://cutt.ly/1LLQF3,phish
sms,+918370304531,,,"Dear Customer, your DHL account will be blocked today. Update your KYC immediately: https://netflix.alert.mtlmfy.co/verify",phish
sms,VM-DHLIND,,,Your DHL shipment 8454430074 is out for delivery today. Track: https://www.dhl.com/in-en/home/tracking.html,legit
email,Flipkart <billing@flipkart.com>,,Payment received - thank you,"Hi Michael, we've received your payment of ₹10. Receipt number mnR4utKY6R. No further action is needed.",legit
sms,+919550091595,,,Can you send me the notes from class?,legit
email,Emily <meera77@gmail.com>,,Dinner plans,Hey Michael! Are we still on for Saturday?. Miss you guys.,legit
email,Emily Sharma (CEO) <ceo.office64@gmail.com>,,Urgent request,"Hi Vikram, I'm in a meeting and can't talk. I need you to buy 8 Google Play gift cards for a client today. Keep this confidential for now. Send me the codes once done. I'll reimburse you.

Sent from my iPhone",phish
sms,VK-FLPKRT,,,Big Billion Days start tomorrow! Shop on the Flipkart app for deals on mobiles. T&C apply. To opt out reply STOP.,legit
sms,VM-IRCTCI,,,"PNR 6513644249: Train 13868 confirmed, Coach B4 Berth 31. Happy journey.",legit
email,Admin <support@gmail.com>,help@enyabg.com,Your Netflix account has been suspended,",

We detected unusual activity and your account has been temporarily suspended. To restore access, verify your account within 24 hours: http://wxxjeq.ngrok.io/instagram/kyc

Failure to verify will result in permanent closure.

Netflix Security Team",phish
email,David <sarah35@gmail.com>,,Book recommendation,Hey Meera! Here are the photos from last weekend. Miss you guys.,legit
sms,VK-FLPKRT,,,"Dear Customer, your credit card statement is generated. Total due Rs 1,250. Pay by 15th via app or netbanking to avoid late fee. -Flipkart",legit
sms,+917629213501,,,"Hi, I am from Apple HR. Part time job, earn Rs 5000 daily from home. WhatsApp +916344968950 for details.",phish
email,PayPal <admin@service424.tk>,,Work from home opportunity,"Dear Valued Member! Part time job available. Earn Rs 3,000 per day by liking YouTube videos. No experience needed. Contact our HR on Telegram or register here: https://cutt.ly/JTuSso. Registration fee Rs 25 only.",phish
sms,AX-AMAZON,,,Your Amazon order #0043209 has been delivered. Rate your experience in the Amazon app.,legit
email,Google <support@iyrtbtb.com>,,Your Google account has been suspended,"Dear Customer,

We detected unusual activity and your account has been temporarily suspended. To restore access, verify your account within 24 hours: http://34.55.188.6/paytm/signin.php

Failure to verify will result in permanent closure.

Google Security Team",phish
email,Emily Smith (CEO) <ceo.office89@gmail.com>,,Are you available?,"Hi Rohan, I'm in a meeting and can't talk. I need you to buy 10 Google Play gift cards for a client today. Keep this confidential for now. Send me the codes once done. I'll reimburse you.

Sent from my iPhone",phish
sms,AD-ALERTS,,,"Congratulations! You have won ₹2,999 cashback from Amazon. Claim your reward now http://30.24.18.67/microsoft/secure/confirm",phish
email,Google <no-reply@google.com>,,Verify your email address,"Hi Chen, thanks for signing up! Please confirm this is your email address by entering the code 653859 in the app. If you didn't create an account, you can ignore this email.",legit
email,Lucas <aarav20@gmail.com>,,Happy birthday!,Hey Rohan! Here are the photos from last weekend. Call me later.,legit
sms,+916695235786,,,Reached home. Thanks for today!,legit
email,Aarav Smith <recruiting@acmecorp.com>,,Interview schedule - Software Engineer,"Dear Priya,

Thank you for applying to Acme Corp. We would like to invite you for a technical interview next week. Please pick a slot using the calendar link on our careers page https://acmecorp.com/careers. There is no fee at any stage of our hiring process.

Regards,
Talent team",legit
sms,+918199797031,,,Congratulations! You have won Rs 499 cashback from PayPal. Claim your reward now https://www.apple.com@qanrycvo.click/kyc,phish
email,LinkedIn <support@gmail.com>,,Action required: update your payment details,"Dear Valued Member, your recent payment could not be processed. Please update your billing information immediately to avoid service interruption. Update now: https://flipkart-auth-auth.support/wp-content/flipkart/index.html",phish
email,Amazon <security@outlook.com>,,Invoice #043766 overdue,"Dear Account Holder,

Please find the overdue invoice attached. Kindly review and make payment at http://sbi-verify.co/pay?ref=HhUaZ8t2 to avoid late penalties.

Accounts Department",phish
email,PayPal <admin@outlook.com>,,Invoice #596000 overdue,",

Please find the overdue invoice attached. Kindly review and make payment at https://xwniyq5rgq.click/Bc7yKPRwbG to avoid late penalties.

Accounts Department",phish
email,Flipkart <no-reply@flipkart.com>,,Your Flipkart order has shipped,"Hi Arjun,

Good news! Your order #849315398 has shipped and will arrive by Friday. You can track it any time at https://www.flipkart.com/orders.

Thanks for shopping with us.",legit
sms,AD-ALERTS,,,"Dear Customer, your Paytm account will be blocked today. Update your KYC immediately: https://flipkart.alert.cfxcfk.shop/verify",phish
sms,VM-DHLIND,,,Your DHL shipment 1724155369 is out for delivery today. Track: https://www.dhl.com/in-en/home/tracking.html,legit
email,Customer Service <security@sbi-account.online>,,Your SBI account has been suspended,",

We detected unusual activity and your account has been temporarily suspended. To restore access, verify your account within 24 hours: https://flipkart-support-billing.net/wp-content/flipkart/index.html

Failure to verify will result in permanent closure.

SBI Security Team",phish
email,DHL <no-reply@dhl.com>,,Verify your email address,"Hi Vikram, thanks for signing up! Please confirm this is your email address by entering the code 794026 in the app. If you didn't create an account, you can ignore this email.",legit
email,Paytm <service@gmail.com>,,KYC update pending,"Dear Valued Member, your Paytm KYC is pending. Your account will be blocked today. Update KYC by sharing your PAN and OTP at http://hbymto.ngrok.io/dhl/login or reply with your card number.",phish
email,John Patel <recruiting@orbitsystems.com>,,Interview schedule - Software Engineer,"Dear Chen,

Thank you for applying to Orbit Systems. We would like to invite you for a technical interview next week. Please pick a slot using the calendar link on our careers page https://orbitsystems.com/careers. There is no fee at any stage of our hiring process.

Regards,
Talent team",legit
email,Customer Service <service@alerts513.com>,help@yalddb.info,Shared document: Q3_Salary_Revision.pdf,Lucas has shared a document with you via DocuSign. Sign in with your email password to view: https://www.linkedin.com@eohavnhj.xyz/pay?ref=gQTNFXmI,phish
sms,+919440880670,,,Your electricity connection will be disconnected tonight at 9:30 PM as previous bill was not updated. Contact officer +919092019918 immediately.,phish
email,Rohan Smith <recruiting@orbitsystems.com>,,Interview schedule - Software Engineer,"Dear Olivia,

Thank you for applying to Orbit Systems. We would like to invite you for a technical interview next week. Please pick a slot using the calendar link on our careers page https://orbitsystems.com/careers. There is no fee at any stage of our hiring process.

Regards,
Talent team",legit
email,Paytm Security <service@paytm-kyc.site>,,Shared document: Q3_Salary_Revision.pdf,Ananya has shared a document with you via Dropbox. Sign in with your email password to view: https://hdfc.update.qvlonw.xyz/secure/confirm,phish
sms,+918133115196,,,"Your Instagram reward points worth ₹15,000 expire today! Redeem now: https://service-google.co/account/update",phish
email,DHL <billing@dhl.com>,,Payment received - thank you,"Hi Meera, we've received your payment of $120.00. Receipt number CSVx2mWPFY. No further action is needed.",legit
email,Kavya <meera@orbitsystems.com>,,Lunch on Friday?,"Hi Meera,

Attaching the notes from today. Can you review the second section before our sync on Thursday? The shared folder is on https://orbitsystems.com/wiki/IDAdn.

Thanks,
David",legit
sms,VK-FLPKRT,,,Big Billion Days start tomorrow! Shop on the Flipkart app for deals on mobiles. T&C apply. To opt out reply STOP.,legit
sms,+916568201753,,,Your Netflix reward points worth Rs 499 expire today! Redeem now: http://www.paytm.com@ntzdtirt.co/wp-content/paytm/index.html,phish
email,Admin <service@hicbibm.com>,help@qfipdq.online,Congratulations! You've been selected,"Dear Account Holder, you have won a iPhone 16 in our annual customer draw! Claim your prize here http://hdfc-verify.site/account/update before it expires today. A small processing fee of Rs 1,250 applies.",phish
sms,VK-NOTICE,,,"Your Netflix reward points worth ₹2,999 expire today! Redeem now: http://paytm.login.unowpx.click/kyc",phish
email,Amazon Support <admin@outlook.com>,help@ahbplm.info,Action required: update your payment details,"Dear Account Holder, your recent payment could not be processed. Please update your billing information immediately to avoid service interruption. Update now: http://v1r7eqe.co/verify",phish
sms,AD-ICICIB,,,"Dear Customer, your credit card statement is generated. Total due ₹15,000. Pay by 1th via app or netbanking to avoid late fee. -ICICI Bank",legit
email,Flipkart Support <no-reply@flipkart-update.click>,,Congratulations! You've been selected,"Dear User, you have won a iPhone 16 in our annual customer draw! Claim your prize here http://dhl-billing-billing.tk/account/update before it expires today. A small processing fee of ₹10 applies.",phish
email,Admin <support@sbi-verify.com>,,Action required: update your payment details,"Hello Aarav, your recent payment could not be processed. Please update your billing information immediately to avoid service interruption. Update now: https://alert-dropbox.com/signin.php",phish
email,Microsoft <statements@microsoft.com>,,Your monthly statement is ready,"Dear Meera,

Your statement for September is now available. Log in through our official website or app to view it. Amount due: ₹15,000. Due date: 26th.

This is an automated message.",legit
sms,VM-IRCTCI,,,"PNR 8833923898: Train 16394 confirmed, Coach B2 Berth 20. Happy journey.",legit
email,Netflix <no-reply@netflix.com>,,Verify your email address,"Hi Meera, thanks for signing up! Please confirm this is your email address by entering the code 122764 in the app. If you didn't create an account, you can ignore this email.",legit
sms,BZ-SBIINB,,,Rs 499 debited from A/c XX2057 on 23-10-26 to UPI/MEERA. Not you? Call 18002586161. -SBI,legit
email,LinkedIn <billing@linkedin.com>,,Payment received - thank you,"Hi Vikram, we've received your payment of Rs 499. Receipt number j4ZPfPQFC4. No further action is needed.",legit
email,Netflix <no-reply@netflix.com>,,Your Netflix order has shipped,"Hi Rahul,

Good news! Your order #771130621 has shipped and will arrive by Friday. You can track it any time at https://www.netflix.com/orders.

Thanks for shopping with us.",legit
email,SBI Support <service@notify747.ru>,help@lnyjdk.com,Work from home opportunity,"Hi John! Part time job available. Earn Rs 8,000 per day by liking YouTube videos. No experience needed. Contact our HR on Telegram or register here: http://billing-hdfc.net/account/update. Registration fee $120.00 only.",phish
email,Paytm Security <security@gmail.com>,,Shared document: Q3_Salary_Revision.pdf,Olivia has shared a document with you via Dropbox. Sign in with your email password to view: https://instagram-kyc-support.shop/wp-content/instagram/index.html,phish
sms,+918016579055,,,"Dear Customer, your Paytm account will be blocked today. Update your KYC immediately: http://dhlx.shop/verify",phish
email,DHL Security <security@outlook.com>,,Your mailbox is almost full,"Dear Customer, a document needs your review. Please use the link below.
http://hdfc-verify.shop/pay?ref=FAqLlUEm",phish
sms,VK-FLPKRT,,,Big Billion Days start tomorrow! Shop on the Flipkart app for deals on mobiles. T&C apply. To opt out reply STOP.,legit
sms,AD-ALERTS,,,"Your PayPal reward points worth Rs 1,250 expire today! Redeem now: https://sbi.account.vptxdt.site",phish
sms,AX-AMAZON,,,Your Amazon order #6218159 has been delivered. Rate your experience in the Amazon app.,legit
sms,INFO,,,"Mom, I lost my phone, this is my new number. Can you send Rs 499 urgently? I'll explain later.",phish
sms,+916744666099,,,"Hi, I am from ICICI Bank HR. Part time job, earn Rs 5000 daily from home. WhatsApp +917538758428 for details.",phish
sms,VK-FLPKRT,,,Big Billion Days start tomorrow! Shop on the Flipkart app for deals on mobiles. T&C apply. To opt out reply STOP.,legit
email,ICICI Bank Security <no-reply@1cicibank.com>,,Shared document: Q3_Salary_Revision.pdf,Meera has shared a document with you via DocuSign. Sign in with your email password to view: https://8.50.223.214/instagram/account/update,phish
sms,+918208418286,,,India Post: Your parcel is on hold due to incomplete address. Pay $120.00 redelivery fee at https://dropbox-online.shop/kyc within 24 hrs.,phish
email,Microsoft <billing@microsoft.com>,,Payment received - thank you,"Hi Ananya, we've received your payment of ₹10. Receipt number i8pdyPn8Aw. No further action is needed.",legit
email,Newsletter <news@github.com>,,Your weekly digest,"Hello Priya, here's what's new this week. Read more at https://medium.com/blog/oiitus. You're receiving this because you subscribed. Unsubscribe any time.",legit
email,David Sharma (CEO) <ceo.office65@gmail.com>,,Urgent request,"Hi Sneha, I'm in a meeting and can't talk. I need you to buy 8 Google Play gift cards for a client today. Keep this confidential for now. Send me the codes once done. I'll reimburse you.

Sent from my iPhone",phish
sms,AX-AMAZON,,,Your Amazon order #9309615 has been delivered. Rate your experience in the Amazon app.,legit
email,Flipkart <no-reply@flipkart.com>,,Your Flipkart order has shipped,"Hi Aarav,

Good news! Your order #501513786 has shipped and will arrive by Monday. You can track it any time at https://www.flipkart.com/orders.

Thanks for shopping with us.",legit
email,IT Helpdesk <it@orbitsystems.com>,,Reminder: password expires in 3 days,"Hi Sneha, your corporate password expires in 3 days. Please change it from your laptop using Ctrl+Alt+Del > Change password, or visit the internal portal https://sso.orbitsystems.com. Contact the helpdesk on ext. 2397 if you need help.",legit
sms,VM-IRCTCI,,,"PNR 0742990747: Train 12338 confirmed, Coach B5 Berth 53. Happy journey.",legit
email,LinkedIn <no-reply@linkedin.com>,,Your LinkedIn order has shipped,"Hi Fatima,

Good news! Your order #581629518 has shipped and will arrive by Tuesday. You can track it any time at https://www.linkedin.com/orders.

Thanks for shopping with us.",legit
sms,+916119236037,,,"Mom, I lost my phone, this is my new number. Can you send Rs 25 urgently? I'll explain later.",phish
email,Netflix Support <security@gmail.com>,,Shared document: Q3_Salary_Revision.pdf,Ananya has shared a document with you via DocuSign. Sign in with your email password to view: https://www.sbi.com@uxggwazf.tk,phish
sms,+917289634064,,,Congratulations! You have won Rs 25 cashback from Dropbox. Claim your reward now https://hwqflf.000webhostapp.com/sbi/pay?ref=MXjK3HHd,phish
email,IT Helpdesk <it@acmecorp.com>,,Reminder: password expires in 3 days,"Hi Arjun, your corporate password expires in 3 days. Please change it from your laptop using Ctrl+Alt+Del > Change password, or visit the internal portal https://sso.acmecorp.com. Contact the helpdesk on ext. 3054 if you need help.",legit
sms,+917834899531,,,"India Post: Your parcel is on hold due to incomplete address. Pay ₹2,999 redelivery fee at https://www.icici.com@ukmycixh.online/signin.php within 24 hrs.",phish
email,PayPal Security <security@paypal.com>,,New sign-in to your account,"Hi Sarah, we noticed a new sign-in to your PayPal account from Chrome on Windows. If this was you, you don't need to do anything. If not, open the PayPal app or go to https://paypal.com/security to review your activity. We will never ask for your password by email.",legit
sms,BZ-SBIINB,,,"Dear Customer, your credit card statement is generated. Total due ₹2,999. Pay by 25th via app or netbanking to avoid late fee. -SBI",legit
sms,VK-NOTICE,,,"Mom, I lost my phone, this is my new number. Can you send Rs 1,250 urgently? I'll explain later.",phish
sms,VK-FLPKRT,,,Big Billion Days start tomorrow! Shop on the Flipkart app for deals on mobiles. T&C apply. To opt out reply STOP.,legit
sms,+916278686694,,,"Your DHL reward points worth ₹15,000 expire today! Redeem now: http://p4ytm.click/login",phish
email,Newsletter <news@spotify.com>,,New courses this month,"Hello Priya, here's what's new this week. Read more at https://stackoverflow.com/blog/eetqha. You're receiving this because you subscribed. Unsubscribe any time.",legit
email,Google <support@google-verify.com>,,Shared document: Q3_Salary_Revision.pdf,John has shared a document with you via DocuSign. Sign in with your email password to view: https://likedin.xyz,phish
sms,+916558753029,,,India Post: Your parcel is on hold due to incomplete address. Pay Rs 25 redelivery fee at http://6oqzn7g1.tk/wp-content/dhl/index.html within 24 hrs.,phish
email,Sneha <aarav54@gmail.com>,,Photos from the trip,Hey Kavya! You have to read this one. ,legit
email,PayPal <security@gmail.com>,,Work from home opportunity,"Dear User! Part time job available. Earn Rs 5,000 per day by liking YouTube videos. No experience needed. Contact our HR on Telegram or register here: http://iiamhbm.support/z3Q9VMUFtN. Registration fee Rs 499 only.",phish
sms,VK-FLPKRT,,,Big Billion Days start tomorrow! Shop on the Flipkart app for deals on mobiles. T&C apply. To opt out reply STOP.,legit
sms,VM-DHLIND,,,Your DHL shipment 5231919908 is out for delivery today. Track: https://www.dhl.com/in-en/home/tracking.html,legit
email,Customer Service <admin@hdfcbank-account.shop>,,Your HDFC Bank account has been suspended,"Dear Valued Member,

We detected unusual activity and your account has been temporarily suspended. To restore access, verify your account within 24 hours: http://169.253.98.32/apple

Failure to verify will result in permanent closure.

HDFC Bank Security Team",phish
email,Microsoft Support <service@m1crosoft.com>,,Shared document: Q3_Salary_Revision.pdf,Michael has shared a document with you via DocuSign. Sign in with your email password to view: https://133.66.237.235/paypal/login,phish
email,Flipkart <service@flpkart.com>,,Your mailbox is almost full,"Dear User, a document needs your review. Please use the link below.
https://payti.live/secure/confirm",phish
sms,+916066726418,,,"Instagram: Unusual login detected. If this wasn't you, verify your account at https://help-sbi.co/secure/confirm",phish
sms,+919028595388,,,"PayPal: Unusual login detected. If this wasn't you, verify your account at https://paypal.verify.kgjppv.info/secure/confirm",phish
sms,VM-IRCTCI,,,"PNR 7015145992: Train 10312 confirmed, Coach B1 Berth 52. Happy journey.",legit
sms,+916517289752,,,Your electricity connection will be disconnected tonight at 9:30 PM as previous bill was not updated. Contact officer +919772233060 immediately.,phish
email,SBI Support <admin@hzeagcp.com>,help@mrkisf.co,Shared document: Q3_Salary_Revision.pdf,Emily has shared a document with you via Dropbox. Sign in with your email password to view: https://dropbox-update-alert.live/kyc,phish
sms,+919478366742,,,Congratulations! You have won Rs 25 cashback from Paytm. Claim your reward now http://yp2knwdqhd.live/wp-content/netflix/index.html,phish
email,Aarav Smith (CEO) <ceo.office21@gmail.com>,,Urgent request,"Hi Rahul, I'm in a meeting and can't talk. I need you to buy 5 Google Play gift cards for a client today. Keep this confidential for now. Send me the codes once done. I'll reimburse you.

Sent from my iPhone",phish
email,Netflix <service@notify857.top>,,Action required: update your payment details,"Hi Fatima, your recent payment could not be processed. Please update your billing information immediately to avoid service interruption. Update now: http://jgcqgz.weebly.com/google/account/update",phish
sms,BX-OFFER,,,Congratulations! You have won Rs 25 cashback from HDFC Bank. Claim your reward now http://217.58.6.121/sbi/account/update,phish
email,IT Helpdesk <it@orbitsystems.com>,,Reminder: password expires in 3 days,"Hi Meera, your corporate password expires in 3 days. Please change it from your laptop using Ctrl+Alt+Del > Change password, or visit the internal portal https://sso.orbitsystems.com. Contact the helpdesk on ext. 8473 if you need help.",legit
sms,+918067761065,,,"India Post: Your parcel is on hold due to incomplete address. Pay ₹2,999 redelivery fee at http://amzon.top/secure/confirm within 24 hrs.",phish
email,Apple Support <security@gmail.com>,,Work from home opportunity,"Hi Michael! Part time job available. Earn Rs 5,000 per day by liking YouTube videos. No experience needed. Contact our HR on Telegram or register here: http://197.90.103.42/linkedin/pay?ref=Earxip2G. Registration fee $49.99 only.",phish
sms,VM-DHLIND,,,"Dear Customer, your credit card statement is generated. Total due $120.00. Pay by 21th via app or netbanking to avoid late fee. -DHL",legit
sms,VK-FLPKRT,,,Big Billion Days start tomorrow! Shop on the Flipkart app for deals on mobiles. T&C apply. To opt out reply STOP.,legit
email,Microsoft Support <support@rnicrosoft.com>,,Shared document: Q3_Salary_Revision.pdf,Priya has shared a document with you via Dropbox. Sign in with your email password to view: https://paypal-support-verify.shop,phish
sms,VM-HDFCBK,,,"Dear Customer, your credit card statement is generated. Total due $49.99. Pay by 4th via app or netbanking to avoid late fee. -HDFC Bank",legit
email,DHL <no-reply@dhl.com>,,Your DHL order has shipped,"Hi Michael,

Good news! Your order #766177115 has shipped and will arrive by Friday. You can track it any time at https://www.dhl.com/orders.

Thanks for shopping with us.",legit
sms,+917513315792,,,"Refund of Rs 499 initiated for your order. To receive it, share the OTP sent to your phone with our agent or visit https://dropbox-alert-secure.xyz/account/update",phish
email,Dropbox <admin@drpbox.com>,help@czcwgh.com,Invoice #788033 overdue,"Dear Valued Member,

Please find the overdue invoice attached. Kindly review and make payment at http://dhl-secure.site/pay?ref=OnwXjtC3 to avoid late penalties.

Accounts Department",phish
sms,VK-FLPKRT,,,Big Billion Days start tomorrow! Shop on the Flipkart app for deals on mobiles. T&C apply. To opt out reply STOP.,legit
sms,JD-PAYTMB,,,"Dear Customer, your credit card statement is generated. Total due ₹15,000. Pay by 8th via app or netbanking to avoid late fee. -Paytm",legit
email,Michael Smith (CEO) <ceo.office67@gmail.com>,,Urgent request,"Hi Arjun, I'm in a meeting and can't talk. I need you to buy 8 Google Play gift cards for a client today. Keep this confidential for now. Send me the codes once done. I'll reimburse you.

Sent from my iPhone",phish
email,SBI <statements@sbi.co.in>,,Your monthly statement is ready,"Dear Fatima,

Your statement for October is now available. Log in through our official website or app to view it. Amount due: $120.00. Due date: 3th.

This is an automated message.",legit
email,Amazon Support <no-reply@amazoo.com>,,Tax refund notification,"Dear User, after the annual calculation of your fiscal activity, you are eligible to receive a tax refund of Rs 25. Income Tax Department requires you to submit the refund request: https://www.flipkart.com@xeukcfus.ru/wp-content/flipkart/index.html",phish
email,Newsletter <news@kaggle.com>,,New courses this month,"Hello Ananya, here's what's new this week. Read more at https://slack.com/blog/orobno. You're receiving this because you subscribed. Unsubscribe any time.",legit
email,Noah Smith (CEO) <ceo.office75@gmail.com>,,Urgent request,"Hi David, I'm in a meeting and can't talk. I need you to buy 10 Google Play gift cards for a client today. Keep this confidential for now. Send me the codes once done. I'll reimburse you.

Sent from my iPhone",phish
email,Netflix <no-reply@netflix.com>,,Verify your email address,"Hi Noah, thanks for signing up! Please confirm this is your email address by entering the code 767823 in the app. If you didn't create an account, you can ignore this email.",legit
sms,JD-PAYTMB,,,"Rs 1,250 debited from A/c XX9433 on 14-10-26 to UPI/ROHAN. Not you? Call 18001080. -Paytm",legit
sms,VM-HDFCBK,,,782446 is your OTP for login. Valid for 10 minutes. Do not share it with anyone. -HDFC Bank,legit
sms,BZ-SBIINB,,,"Dear Customer, your credit card statement is generated. Total due Rs 499. Pay by 23th via app or netbanking to avoid late fee. -SBI",legit
email,Customer Service <admin@paypal-service.net>,,Work from home opportunity,"! Part time job available. Earn Rs 3,000 per day by liking YouTube videos. No experience needed. Contact our HR on Telegram or register here: https://kc4svwk7i20.click/account/update. Registration fee ₹2,999 only.",phish
email,John <david@zenithtech.com>,,Q3 report draft,"Hi Lucas,

Attaching the notes from today. Can you review the second section before our sync on Thursday? The shared folder is on https://zenithtech.com/wiki/yk9Kk.

Thanks,
Olivia",legit
sms,VM-DHLIND,,,Your DHL shipment 4836085456 is out for delivery today. Track: https://www.dhl.com/in-en/home/tracking.html,legit
email,Admin <support@microsofts.com>,,Action required: update your payment details,", your recent payment could not be processed. Please update your billing information immediately to avoid service interruption. Update now: https://microsoft-update-login.shop/login",phish
email,Google Security <security@google.com>,,New sign-in to your account,"Hi Noah, we noticed a new sign-in to your Google account from Chrome on Windows. If this was you, you don't need to do anything. If not, open the Google app or go to https://google.com/security to review your activity. We will never ask for your password by email.",legit
email,Customer Service <no-reply@outlook.com>,,Your Google account has been suspended,"Dear Account Holder,

We detected unusual activity and your account has been temporarily suspended. To restore access, verify your account within 24 hours: https://aaik21krtv.support/wp-content/amazon/index.html

Failure to verify will result in permanent closure.

Google Security Team",phish
email,Admin <support@gmail.com>,,Your DHL account has been suspended,"Dear Valued Member,

We detected unusual activity and your account has been temporarily suspended. To restore access, verify your account within 24 hours: http://205.45.240.161/paypal/kyc

Failure to verify will result in permanent closure.

DHL Security Team",phish
sms,+919407905696,,,Your Instagram reward points worth $120.00 expire today! Redeem now: https://tinyurl.com/bIucDQ,phish
email,Newsletter <news@coursera.org>,,New courses this month,"Hello Aarav, here's what's new this week. Read more at https://swiggy.com/blog/kfdgeq. You're receiving this because you subscribed. Unsubscribe any time.",legit
email,Flipkart Support <admin@gmail.com>,,Your Flipkart account has been suspended,"Hello Olivia,

We detected unusual activity and your account has been temporarily suspended. To restore access, verify your account within 24 hours: https://icicis.xyz/account/update

Failure to verify will result in permanent closure.

Flipkart Security Team",phish
sms,+919675983326,,,"India Post: Your parcel is on hold due to incomplete address. Pay Rs 1,250 redelivery fee at https://205.133.251.109/sbi/z5MHSJPTnE within 24 hrs.",phish
sms,+916579970629,,,"Refund of Rs 1,250 initiated for your order. To receive it, share the OTP sent to your phone with our agent or visit https://login-sbi.com/OYJSj395B9",phish
sms,BZ-SBIINB,,,533645 is your OTP for login. Valid for 10 minutes. Do not share it with anyone. -SBI,legit
email,SBI <service@gmail.com>,help@ebhjlw.support,Action required: update your payment details,", your recent payment could not be processed. Please update your billing information immediately to avoid service interruption. Update now: http://jiwwku.firebaseapp.com/netflix/verify",phish
sms,BZ-SBIINB,,,024927 is your OTP for login. Valid for 10 minutes. Do not share it with anyone. -SBI,legit
email,IT Helpdesk <it@kiteanalytics.com>,,Reminder: password expires in 3 days,"Hi Arjun, your corporate password expires in 3 days. Please change it from your laptop using Ctrl+Alt+Del > Change password, or visit the internal portal https://sso.kiteanalytics.com. Contact the helpdesk on ext. 8065 if you need help.",legit
sms,VM-DHLIND,,,"Dear Customer, your credit card statement is generated. Total due Rs 25. Pay by 10th via app or netbanking to avoid late fee. -DHL",legit
email,IT Helpdesk <it@nimbuslabs.com>,,Reminder: password expires in 3 days,"Hi Chen, your corporate password expires in 3 days. Please change it from your laptop using Ctrl+Alt+Del > Change password, or visit the internal portal https://sso.nimbuslabs.com. Contact the helpdesk on ext. 9542 if you need help.",legit
sms,+918167309532,,,"Refund of Rs 25 initiated for your order. To receive it, share the OTP sent to your phone with our agent or visit https://www.paytm.com@sxblhjoe.com/kyc",phish
sms,AD-ICICIB,,,Rs 25 debited from A/c XX9442 on 21-10-26 to UPI/RAHUL. Not you? Call 18001080. -ICICI Bank,legit
sms,VK-NOTICE,,,India Post: Your parcel is on hold due to incomplete address. Pay Rs 25 redelivery fee at https://help-microsoft.in/verify within 24 hrs.,phish
sms,VK-FLPKRT,,,Big Billion Days start tomorrow! Shop on the Flipkart app for deals on mobiles. T&C apply. To opt out reply STOP.,legit
sms,VM-IRCTCI,,,"PNR 7824655309: Train 12415 confirmed, Coach B2 Berth 24. Happy journey.",legit
sms,+919660200053,,,"Dear Customer, your PayPal account will be blocked today. Update your KYC immediately: https://2j0r7gk6mh9.xyz/verify",phish
sms,AD-NFLIX,,,"Dear Customer, your credit card statement is generated. Total due Rs 1,250. Pay by 27th via app or netbanking to avoid late fee. -Netflix",legit
sms,VK-FLPKRT,,,Big Billion Days start tomorrow! Shop on the Flipkart app for deals on mobiles. T&C apply. To opt out reply STOP.,legit
email,Admin <no-reply@icicibank-account.live>,help@thxlww.shop,Delivery attempt failed,"Dear Customer, a document needs your review. Please use the link below.
http://wzlzzi.web.app/hdfc/E1CAJJKmAl",phish
sms,VK-FLPKRT,,,Big Billion Days start tomorrow! Shop on the Flipkart app for deals on mobiles. T&C apply. To opt out reply STOP.,legit
email,Newsletter <news@reddit.com>,,Your weekly digest,"Hello David, here's what's new this week. Read more at https://coursera.org/blog/negskz. You're receiving this because you subscribed. Unsubscribe any time.",legit
sms,+917447830750,,,"Hi, I am from Dropbox HR. Part time job, earn Rs 5000 daily from home. WhatsApp +916632703491 for details.",phish
sms,+917093613014,,,"Hi, I am from HDFC Bank HR. Part time job, earn Rs 5000 daily from home. WhatsApp +918641972941 for details.",phish
sms,+917680408509,,,Your electricity connection will be disconnected tonight at 9:30 PM as previous bill was not updated. Contact officer +918493059660 immediately.,phish
sms,VK-NOTICE,,,"Mom, I lost my phone, this is my new number. Can you send ₹10 urgently? I'll explain later.",phish
email,Amazon <no-reply@amazon.in>,,Verify your email address,"Hi Emily, thanks for signing up! Please confirm this is your email address by entering the code 943705 in the app. If you didn't create an account, you can ignore this email.",legit
sms,VM-IRCTCI,,,"PNR 9545009025: Train 15715 confirmed, Coach B6 Berth 4. Happy journey.",legit
email,David <david92@gmail.com>,,Happy birthday!,Hey Aarav! Here are the photos from last weekend. Call me later.,legit
email,Admin <admin@vcnlmcg.com>,,Work from home opportunity,"Dear Customer! Part time job available. Earn Rs 8,000 per day by liking YouTube videos. No experience needed. Contact our HR on Telegram or register here: http://microsoft.alert.ynhfhv.shop/login. Registration fee ₹15,000 only.",phish
email,Customer Service <no-reply@notify473.tk>,help@vqiyhz.co,KYC update pending,"Dear User, your Apple KYC is pending. Your account will be blocked today. Update KYC by sharing your PAN and OTP at http://icici-verify.online/oYKQeTKUoQ or reply with your card number.",phish
email,Customer Service <no-reply@flipkart-auth.top>,,Work from home opportunity,"Hello Lucas! Part time job available. Earn Rs 8,000 per day by liking YouTube videos. No experience needed. Contact our HR on Telegram or register here: http://dhl-verify.site/account/update. Registration fee Rs 25 only.",phish
sms,+916998467617,,,"Dear Customer, your ICICI Bank account will be blocked today. Update your KYC immediately: https://verify-instagram.co/signin.php",phish
email,PayPal <billing@paypal.com>,,Payment received - thank you,"Hi David, we've received your payment of ₹15,000. Receipt number AZcCfjt102. No further action is needed.",legit
sms,INFO,,,Your electricity connection will be disconnected tonight at 9:30 PM as previous bill was not updated. Contact officer +917339449530 immediately.,phish
sms,JD-PAYTMB,,,"₹2,999 debited from A/c XX6695 on 20-10-26 to UPI/ANANYA. Not you? Call 18001080. -Paytm",legit
email,IT Helpdesk <it@brightline.com>,,Reminder: password expires in 3 days,"Hi Noah, your corporate password expires in 3 days. Please change it from your laptop using Ctrl+Alt+Del > Change password, or visit the internal portal https://sso.brightline.com. Contact the helpdesk on ext. 1745 if you need help.",legit
email,Newsletter <news@spotify.com>,,New courses this month,"Hello Rahul, here's what's new this week. Read more at https://nptel.ac.in/blog/pftmlp. You're receiving this because you subscribed. Unsubscribe any time.",legit
sms,AD-ICICIB,,,292950 is your OTP for login. Valid for 10 minutes. Do not share it with anyone. -ICICI Bank,legit
email,LinkedIn Security <no-reply@gmail.com>,,Invoice #308334 overdue,",

Please find the overdue invoice attached. Kindly review and make payment at https://is.gd/Dlkbx2 to avoid late penalties.

Accounts Department",phish
sms,VM-DHLIND,,,Your DHL shipment 8762303911 is out for delivery today. Track: https://www.dhl.com/in-en/home/tracking.html,legit
sms,AX-AMAZON,,,Your Amazon order #2412462 has been delivered. Rate your experience in the Amazon app.,legit
email,IT Helpdesk <it@brightline.com>,,Reminder: password expires in 3 days,"Hi Rahul, your corporate password expires in 3 days. Please change it from your laptop using Ctrl+Alt+Del > Change password, or visit the internal portal https://sso.brightline.com. Contact the helpdesk on ext. 2765 if you need help.",legit
email,Customer Service <support@gmail.com>,,Delivery attempt failed,"Dear Customer, we could not deliver your package because the address was incomplete. Please use the link below.
https://erefundhub.com/account/update",phish
email,IT Helpdesk <it@acmecorp.com>,,Reminder: password expires in 3 days,"Hi Rohan, your corporate password expires in 3 days. Please change it from your laptop using Ctrl+Alt+Del > Change password, or visit the internal portal https://sso.acmecorp.com. Contact the helpdesk on ext. 4725 if you need help.",legit
email,Admin <support@outlook.com>,,Congratulations! You've been selected,"Dear Customer, you have won a iPhone 16 in our annual customer draw! Claim your prize here https://sbi.kyc.hukeed.support before it expires today. A small processing fee of ₹2,999 applies.",phish
sms,VK-FLPKRT,,,857962 is your OTP for login. Valid for 10 minutes. Do not share it with anyone. -Flipkart,legit
email,Netflix <billing@netflix.com>,,Payment received - thank you,"Hi Sneha, we've received your payment of ₹2,999. Receipt number rTlsNPRsYE. No further action is needed.",legit
email,Flipkart <statements@flipkart.com>,,Your monthly statement is ready,"Dear Chen,

Your statement for September is now available. Log in through our official website or app to view it. Amount due: Rs 499. Due date: 15th.

This is an automated message.",legit
email,PayPal Security <security@dxekuac.com>,,Shared document: Q3_Salary_Revision.pdf,Priya has shared a document with you via Dropbox. Sign in with your email password to view: http://secure-paypal.net/wp-content/paypal/index.html,phish
email,DHL Security <admin@service541.shop>,,Work from home opportunity,"Dear Valued Member! Part time job available. Earn Rs 8,000 per day by liking YouTube videos. No experience needed. Contact our HR on Telegram or register here: http://dhl.alert.rflkgo.xyz/verify. Registration fee ₹2,999 only.",phish
email,Customer Service <service@sbi-verify.com>,,Your mailbox is almost full,"Dear User, we could not deliver your package because the address was incomplete. Please use the link below.
https://tinyurl.com/7UZX1b",phish
email,Netflix <statements@netflix.com>,,Your monthly statement is ready,"Dear Lucas,

Your statement for September is now available. Log in through our official website or app to view it. Amount due: Rs 25. Due date: 3th.

This is an automated message.",legit
sms,+916410112017,,,"Flipkart: Unusual login detected. If this wasn't you, verify your account at https://netflix-account-login.shop/pay?ref=fbkQ7Z7J",phish
sms,+916143107539,,,Happy birthday!! Party tonight?,legit
sms,+917559591516,,,Your electricity connection will be disconnected tonight at 9:30 PM as previous bill was not updated. Contact officer +919616629658 immediately.,phish
sms,AX-AMAZON,,,Your Amazon order #2427561 has been delivered. Rate your experience in the Amazon app.,legit
email,Newsletter <news@python.org>,,New courses this month,"Hello Rohan, here's what's new this week. Read more at https://spotify.com/blog/oiwtpg. You're receiving this because you subscribed. Unsubscribe any time.",legit
email,Meera Khan <recruiting@brightline.com>,,Interview schedule - Software Engineer,"Dear Rahul,

Thank you for applying to Brightline. We would like to invite you for a technical interview next week. Please pick a slot using the calendar link on our careers page https://brightline.com/careers. There is no fee at any stage of our hiring process.

Regards,
Talent team",legit
email,Customer Service <support@icicibank-verify.com>,,Your ICICI Bank account has been suspended,",

We detected unusual activity and your account has been temporarily suspended. To restore access, verify your account within 24 hours: https://tinyurl.com/iTcopV

Failure to verify will result in permanent closure.

ICICI Bank Security Team",phish
sms,+916113484339,,,"Dear Customer, your Apple account will be blocked today. Update your KYC immediately: https://sbi-alert-billing.com/secure/confirm",phish
sms,VM-DHLIND,,,Your DHL shipment 9821827448 is out for delivery today. Track: https://www.dhl.com/in-en/home/tracking.html,legit
sms,+916652444544,,,"Dropbox: Unusual login detected. If this wasn't you, verify your account at https://netflix-support-auth.online/2o4tac263S",phish
email,IT Helpdesk <it@nimbuslabs.com>,,Reminder: password expires in 3 days,"Hi Fatima, your corporate password expires in 3 days. Please change it from your laptop using Ctrl+Alt+Del > Change password, or visit the internal portal https://sso.nimbuslabs.com. Contact the helpdesk on ext. 4169 if you need help.",legit
sms,+916579039235,,,Your Netflix reward points worth $120.00 expire today! Redeem now: https://microsofi.ru/account/update,phish
email,Customer Service <no-reply@alerts515.ru>,help@kyoufv.top,Work from home opportunity,"! Part time job available. Earn Rs 3,000 per day by liking YouTube videos. No experience needed. Contact our HR on Telegram or register here: https://flipkarts.tk/signin.php. Registration fee ₹2,999 only.",phish
sms,+917968527682,,,"Netflix: Unusual login detected. If this wasn't you, verify your account at https://instagram.verify.arcojw.support/kyc",phish
sms,+918016599530,,,Your Google reward points worth Rs 499 expire today! Redeem now: https://instagram.secure.mmzeuf.ru/secure/confirm,phish
email,IT Helpdesk <it@orbitsystems.com>,,Reminder: password expires in 3 days,"Hi Arjun, your corporate password expires in 3 days. Please change it from your laptop using Ctrl+Alt+Del > Change password, or visit the internal portal https://sso.orbitsystems.com. Contact the helpdesk on ext. 5348 if you need help.",legit
email,Newsletter <news@spotify.com>,,Your weekly digest,"Hello Lucas, here's what's new this week. Read more at https://medium.com/blog/vsoilg. You're receiving this because you subscribed. Unsubscribe any time.",legit
sms,+919998480220,,,Reached home. Thanks for today!,legit
sms,VM-DHLIND,,,$120.00 debited from A/c XX5787 on 13-10-26 to UPI/DAVID. Not you? Call 18001080. -DHL,legit
sms,+918435268219,,,Your Dropbox reward points worth $49.99 expire today! Redeem now: https://bit.ly/XgzNXE,phish
sms,VK-FLPKRT,,,"Dear Customer, your credit card statement is generated. Total due ₹10. Pay by 21th via app or netbanking to avoid late fee. -Flipkart",legit
email,Michael Sharma (CEO) <ceo.office17@gmail.com>,,Urgent request,"Hi David, I'm in a meeting and can't talk. I need you to buy 10 Google Play gift cards for a client today. Keep this confidential for now. Send me the codes once done. I'll reimburse you.

Sent from my iPhone",phish
email,Newsletter <news@zomato.com>,,New courses this month,"Hello Michael, here's what's new this week. Read more at https://airbnb.com/blog/ppilsf. You're receiving this because you subscribed. Unsubscribe any time.",legit
sms,VM-DHLIND,,,674151 is your OTP for login. Valid for 10 minutes. Do not share it with anyone. -DHL,legit
email,IT Helpdesk <it@acmecorp.com>,,Reminder: password expires in 3 days,"Hi Kavya, your corporate password expires in 3 days. Please change it from your laptop using Ctrl+Alt+Del > Change password, or visit the internal portal https://sso.acmecorp.com. Contact the helpdesk on ext. 5558 if you need help.",legit
sms,BX-OFFER,,,"Dear Customer, your LinkedIn account will be blocked today. Update your KYC immediately: https://cutt.ly/bwkfej",phish
email,Priya Smith (CEO) <ceo.office87@gmail.com>,,Urgent request,"Hi Lucas, I'm in a meeting and can't talk. I need you to buy 5 Google Play gift cards for a client today. Keep this confidential for now. Send me the codes once done. I'll reimburse you.

Sent from my iPhone",phish
email,Netflix <statements@netflix.com>,,Your monthly statement is ready,"Dear Kavya,

Your statement for August is now available. Log in through our official website or app to view it. Amount due: Rs 499. Due date: 4th.

This is an automated message.",legit
sms,VK-NOTICE,,,"Hi, I am from ICICI Bank HR. Part time job, earn Rs 5000 daily from home. WhatsApp +918941971575 for details.",phish
email,Newsletter <news@galgotiasuniversity.edu.in>,,New courses this month,"Hello Olivia, here's what's new this week. Read more at https://myntra.com/blog/boumwt. You're receiving this because you subscribed. Unsubscribe any time.",legit
email,Instagram <admin@gmail.com>,,Shared document: Q3_Salary_Revision.pdf,Sneha has shared a document with you via Dropbox. Sign in with your email password to view: https://vov7khb4k9.tk/verify,phish
email,Admin <service@outlook.com>,,Shared document: Q3_Salary_Revision.pdf,Chen has shared a document with you via Dropbox. Sign in with your email password to view: https://amazon-service-update.click/wp-content/amazon/index.html,phish
email,Microsoft <billing@microsoft.com>,,Payment received - thank you,"Hi Aarav, we've received your payment of $120.00. Receipt number JJVmZnNGC2. No further action is needed.",legit
email,DHL <no-reply@dhl.com>,,Verify your email address,"Hi Rohan, thanks for signing up! Please confirm this is your email address by entering the code 740903 in the app. If you didn't create an account, you can ignore this email.",legit
sms,+916169921353,,,"Hi, I am from HDFC Bank HR. Part time job, earn Rs 5000 daily from home. WhatsApp +918705070775 for details.",phish
sms,+918615266559,,,"Hey, running 10 min late, order for me pls",legit
email,Amazon <billing@amazon.in>,,Payment received - thank you,"Hi Arjun, we've received your payment of Rs 1,250. Receipt number 5nQ3Kx017X. No further action is needed.",legit
sms,+919747016873,,,"Congratulations! You have won ₹15,000 cashback from Amazon. Claim your reward now http://microsoft-update-account.top",phish
sms,VK-FLPKRT,,,"Dear Customer, your credit card statement is generated. Total due ₹10. Pay by 12th via app or netbanking to avoid late fee. -Flipkart",legit
email,Google <statements@google.com>,,Your monthly statement is ready,"Dear Chen,

Your statement for August is now available. Log in through our official website or app to view it. Amount due: Rs 499. Due date: 2th.

This is an automated message.",legit
sms,VK-FLPKRT,,,"Dear Customer, your credit card statement is generated. Total due ₹15,000. Pay by 16th via app or netbanking to avoid late fee. -Flipkart",legit
sms,VM-DHLIND,,,Your DHL shipment 1917160333 is out for delivery today. Track: https://www.dhl.com/in-en/home/tracking.html,legit
email,IT Helpdesk <it@acmecorp.com>,,Reminder: password expires in 3 days,"Hi Rohan, your corporate password expires in 3 days. Please change it from your laptop using Ctrl+Alt+Del > Change password, or visit the internal portal https://sso.acmecorp.com. Contact the helpdesk on ext. 1210 if you need help.",legit
sms,AD-NFLIX,,,Rs 499 debited from A/c XX1118 on 6-10-26 to UPI/ROHAN. Not you? Call 18001080. -Netflix,legit
sms,AX-AMAZON,,,"Dear Customer, your credit card statement is generated. Total due $49.99. Pay by 4th via app or netbanking to avoid late fee. -Amazon",legit
email,Customer Service <service@apple-verify.com>,help@wyssiy.net,Invoice #539613 overdue,"Dear Valued Member,

Please find the overdue invoice attached. Kindly review and make payment at https://173.126.173.27/icici/secure/confirm to avoid late penalties.

Accounts Department",phish
sms,AD-ALERTS,,,"Dear Customer, your SBI account will be blocked today. Update your KYC immediately: https://alert-amazon.co/pay?ref=dYBSZFDh",phish
sms,+916336202755,,,"LinkedIn: Unusual login detected. If this wasn't you, verify your account at http://sb1.shop/account/update",phish
sms,VK-NOTICE,,,"India Post: Your parcel is on hold due to incomplete address. Pay ₹15,000 redelivery fee at http://goportalhub.com within 24 hrs.",phish
email,Rohan Khan <recruiting@orbitsystems.com>,,Interview schedule - Software Engineer,"Dear Meera,

Thank you for applying to Orbit Systems. We would like to invite you for a technical interview next week. Please pick a slot using the calendar link on our careers page https://orbitsystems.com/careers. There is no fee at any stage of our hiring process.

Regards,
Talent team",legit
email,Microsoft <billing@microsoft.com>,,Payment received - thank you,"Hi Michael, we've received your payment of Rs 25. Receipt number Js8J7dnQVg. No further action is needed.",legit
email,Customer Service <no-reply@gmail.com>,help@askiis.net,Work from home opportunity,"Dear Account Holder! Part time job available. Earn Rs 3,000 per day by liking YouTube videos. No experience needed. Contact our HR on Telegram or register here: https://tinyurl.com/5kuPxS. Registration fee ₹2,999 only.",phish
sms,+916888003005,,,"Refund of ₹15,000 initiated for your order. To receive it, share the OTP sent to your phone with our agent or visit https://tinyurl.com/AcaJax",phish
email,Customer Service <support@service653.co>,,Shared document: Q3_Salary_Revision.pdf,Meera has shared a document with you via DocuSign. Sign in with your email password to view: http://billing-instagram.in/login,phish
sms,+919449160936,,,"Hi, I am from Google HR. Part time job, earn Rs 5000 daily from home. WhatsApp +918952014911 for details.",phish
sms,VM-IRCTCI,,,"PNR 4722981209: Train 19716 confirmed, Coach B3 Berth 59. Happy journey.",legit
email,Netflix <statements@netflix.com>,,Your monthly statement is ready,"Dear Meera,

Your statement for October is now available. Log in through our official website or app to view it. Amount due: Rs 25. Due date: 16th.

This is an automated message.",legit
sms,VM-DHLIND,,,"Dear Customer, your credit card statement is generated. Total due ₹10. Pay by 2th via app or netbanking to avoid late fee. -DHL",legit
sms,+917056878071,,,"Hi, I am from PayPal HR. Part time job, earn Rs 5000 daily from home. WhatsApp +917652494891 for details.",phish
email,Dropbox Security <security@dropbox.com>,,New sign-in to your account,"Hi Michael, we noticed a new sign-in to your Dropbox account from Chrome on Windows. If this was you, you don't need to do anything. If not, open the Dropbox app or go to https://dropbox.com/security to review your activity. We will never ask for your password by email.",legit
sms,VK-FLPKRT,,,Big Billion Days start tomorrow! Shop on the Flipkart app for deals on mobiles. T&C apply. To opt out reply STOP.,legit
email,Dropbox Security <support@mail665.live>,,Congratulations! You've been selected,"Dear Account Holder, you have won a free trip in our annual customer draw! Claim your prize here http://hdfc-auth-account.site/login before it expires today. A small processing fee of $49.99 applies.",phish
sms,VM-DHLIND,,,Your DHL shipment 9081700327 is out for delivery today. Track: https://www.dhl.com/in-en/home/tracking.html,legit
sms,+918017505665,,,"Flipkart: Unusual login detected. If this wasn't you, verify your account at https://instagram.secure.masvja.ru/account/update",phish
sms,AD-ALERTS,,,"Congratulations! You have won ₹2,999 cashback from Apple. Claim your reward now http://apple-secure.live/login",phish
email,Microsoft <no-reply@microsoft.com>,,Your Microsoft order has shipped,"Hi Olivia,

Good news! Your order #479748016 has shipped and will arrive by Monday. You can track it any time at https://www.microsoft.com/orders.

Thanks for shopping with us.",legit
email,Flipkart <billing@flipkart.com>,,Payment received - thank you,"Hi Aarav, we've received your payment of $49.99. Receipt number Xg8S4JXaqq. No further action is needed.",legit
sms,BX-OFFER,,,"Dear Customer, your Netflix account will be blocked today. Update your KYC immediately: https://www.flipkart.com@tdqdhgdp.support/verify",phish
sms,VM-IRCTCI,,,"PNR 6760564204: Train 15156 confirmed, Coach B4 Berth 47. Happy journey.",legit
sms,AX-AMAZON,,,Your Amazon order #6513420 has been delivered. Rate your experience in the Amazon app.,legit
email,Admin <service@google-verify.com>,help@jszkdh.online,Your Google account has been suspended,"Hello Ananya,

We detected unusual activity and your account has been temporarily suspended. To restore access, verify your account within 24 hours: https://bit.ly/zN3LmX

Failure to verify will result in permanent closure.

Google Security Team",phish
sms,+918611702784,,,Can you send me the notes from class?,legit
sms,INFO,,,"ICICI Bank: Unusual login detected. If this wasn't you, verify your account at https://6r865zf80.info/pay?ref=Qc11yrjV",phish
email,Emily Khan <recruiting@kiteanalytics.com>,,Interview schedule - Software Engineer,"Dear Rahul,

Thank you for applying to Kite Analytics. We would like to invite you for a technical interview next week. Please pick a slot using the calendar link on our careers page https://kiteanalytics.com/careers. There is no fee at any stage of our hiring process.

Regards,
Talent team",legit
sms,+919192908338,,,"India Post: Your parcel is on hold due to incomplete address. Pay ₹2,999 redelivery fee at http://80.125.227.12/amazon within 24 hrs.",phish
email,Admin <service@gmail.com>,,Shared document: Q3_Salary_Revision.pdf,Arjun has shared a document with you via Dropbox. Sign in with your email password to view: https://microsoft-account-auth.shop/signin.php,phish
email,DHL <statements@dhl.com>,,Your monthly statement is ready,"Dear Sneha,

Your statement for September is now available. Log in through our official website or app to view it. Amount due: ₹10. Due date: 20th.

This is an automated message.",legit
email,Ananya <vikram@brightline.com>,,Lunch on Friday?,"Hi Emily,

Attaching the notes from today. Can you review the second section before our sync on Wednesday? The shared folder is on https://docs.google.com/document/d/9WZCB94ESQEtziWu.

Thanks,
Ananya",legit
sms,+917873680729,,,"Hi, I am from HDFC Bank HR. Part time job, earn Rs 5000 daily from home. WhatsApp +919618084388 for details.",phish
sms,VK-FLPKRT,,,Big Billion Days start tomorrow! Shop on the Flipkart app for deals on mobiles. T&C apply. To opt out reply STOP.,legit
email,Flipkart <statements@flipkart.com>,,Your monthly statement is ready,"Dear Olivia,

Your statement for October is now available. Log in through our official website or app to view it. Amount due: $120.00. Due date: 20th.

This is an automated message.",legit
email,LinkedIn Support <no-reply@outlook.com>,,Delivery attempt failed,"Dear Account Holder, a document needs your review. Please use the link below.
http://amazon.service.demkzp.ru/wp-content/amazon/index.html",phish
sms,AD-ALERTS,,,"Dear Customer, your Microsoft account will be blocked today. Update your KYC immediately: https://edocshub.com/login",phish
email,Admin <security@dhl-auth.site>,,Your DHL account has been suspended,"Dear User,

We detected unusual activity and your account has been temporarily suspended. To restore access, verify your account within 24 hours: https://63.72.97.16/amazon/secure/confirm

Failure to verify will result in permanent closure.

DHL Security Team",phish
email,Admin <security@dropbox-kyc.tk>,help@pakcbe.ru,Action required: update your payment details,"Dear User, your recent payment could not be processed. Please update your billing information immediately to avoid service interruption. Update now: https://myrefundonline.com/kyc",phish
email,PayPal Support <security@gmail.com>,,Congratulations! You've been selected,"Dear Account Holder, you have won a $1000 gift card in our annual customer draw! Claim your prize here https://sbi.alert.indtzt.support/wp-content/sbi/index.html before it expires today. A small processing fee of Rs 1,250 applies.",phish
sms,+917328880700,,,India Post: Your parcel is on hold due to incomplete address. Pay $120.00 redelivery fee at https://account-sbi.in within 24 hrs.,phish
sms,+919145706586,,,Your Paytm reward points worth Rs 25 expire today! Redeem now: http://250.163.82.24/sbi/pfojrRdQ3U,phish
email,Customer Service <security@mail678.shop>,,KYC update pending,", your Instagram KYC is pending. Your account will be blocked today. Update KYC by sharing your PAN and OTP at http://107.183.90.20/paypal/secure/confirm or reply with your card number.",phish
email,Netflix Security <security@netflix.com>,,New sign-in to your account,"Hi Michael, we noticed a new sign-in to your Netflix account from Chrome on Windows. If this was you, you don't need to do anything. If not, open the Netflix app or go to https://netflix.com/security to review your activity. We will never ask for your password by email.",legit
email,Instagram Support <admin@instagrarn.com>,,Delivery attempt failed,"Dear Valued Member, your storage quota is 98% used. Messages may stop arriving. Please use the link below.
https://dropbox.secure.wznykh.shop/verify",phish
sms,VM-IRCTCI,,,"PNR 2176434939: Train 14694 confirmed, Coach B1 Berth 55. Happy journey.",legit
email,HDFC Bank Security <security@hdfcbank.com>,,New sign-in to your account,"Hi Kavya, we noticed a new sign-in to your HDFC Bank account from Chrome on Windows. If this was you, you don't need to do anything. If not, open the HDFC Bank app or go to https://hdfcbank.com/security to review your activity. We will never ask for your password by email.",legit
sms,+917788881893,,,"Hey, running 10 min late, order for me pls",legit
email,Newsletter <news@medium.com>,,New courses this month,"Hello Sarah, here's what's new this week. Read more at https://bbc.co.uk/blog/vaokot. You're receiving this because you subscribed. Unsubscribe any time.",legit
sms,BX-OFFER,,,"Hi, I am from Apple HR. Part time job, earn Rs 5000 daily from home. WhatsApp +917972669232 for details.",phish
email,Flipkart <statements@flipkart.com>,,Your monthly statement is ready,"Dear Sarah,

Your statement for September is now available. Log in through our official website or app to view it. Amount due: ₹10. Due date: 25th.

This is an automated message.",legit
email,SBI Security <service@sbi-verify.com>,help@mqnqkb.support,Action required: update your payment details,"Hi Sneha, your recent payment could not be processed. Please update your billing information immediately to avoid service interruption. Update now: https://netflix-help-login.live/verify",phish
email,Netflix <no-reply@netflix.com>,,Verify your email address,"Hi Kavya, thanks for signing up! Please confirm this is your email address by entering the code 737530 in the app. If you didn't create an account, you can ignore this email.",legit
sms,VM-IRCTCI,,,"PNR 5940038180: Train 13988 confirmed, Coach B6 Berth 54. Happy journey.",legit
sms,AD-ALERTS,,,"Mom, I lost my phone, this is my new number. Can you send ₹15,000 urgently? I'll explain later.",phish
email,Instagram Security <service@jiclnym.com>,,Your Instagram account has been suspended,"Dear User,

We detected unusual activity and your account has been temporarily suspended. To restore access, verify your account within 24 hours: http://paypal-support-kyc.com/wp-content/paypal/index.html

Failure to verify will result in permanent closure.

Instagram Security Team",phish
sms,+916609175075,,,"Refund of Rs 1,250 initiated for your order. To receive it, share the OTP sent to your phone with our agent or visit https://www.icici.com@gfadmldt.live",phish
sms,VM-IRCTCI,,,"PNR 6219536890: Train 10163 confirmed, Coach B3 Berth 60. Happy journey.",legit
sms,VK-NOTICE,,,"Dear Customer, your Google account will be blocked today. Update your KYC immediately: http://getrewardsonline.com",phish
email,Kavya Smith (CEO) <ceo.office66@gmail.com>,,Urgent request,"Hi Chen, I'm in a meeting and can't talk. I need you to buy 8 Google Play gift cards for a client today. Keep this confidential for now. Send me the codes once done. I'll reimburse you.

Sent from my iPhone",phish
sms,VM-DHLIND,,,910276 is your OTP for login. Valid for 10 minutes. Do not share it with anyone. -DHL,legit
email,Sarah <meera10@gmail.com>,,Happy birthday!,Hey Fatima! Here are the photos from last weekend. ,legit
email,Dropbox Support <security@notify456.site>,help@susvmi.click,Invoice #806250 overdue,"Hi Fatima,

Please find the overdue invoice attached. Kindly review and make payment at http://ui6bvy1wf9m2.click/login to avoid late penalties.

Accounts Department",phish
email,Instagram <admin@mail223.site>,,Document review,"Dear User, your storage quota is 98% used. Messages may stop arriving. Please use the link below.
http://linkedin-online.info/verify",phish
sms,+918339055044,,,Happy birthday!! Party tonight?,legit
sms,AX-AMAZON,,,Your Amazon order #1510026 has been delivered. Rate your experience in the Amazon app.,legit
email,Aarav <meera68@gmail.com>,,Dinner plans,Hey Ananya! Hope you have a great day. Call me later.,legit
sms,+919073723861,,,"Paytm: Unusual login detected. If this wasn't you, verify your account at https://bit.ly/Pesfr1",phish
email,LinkedIn <support@kymxhff.com>,,Work from home opportunity,"Hello Ananya! Part time job available. Earn Rs 8,000 per day by liking YouTube videos. No experience needed. Contact our HR on Telegram or register here: http://dhl.support.zmajry.xyz/secure/confirm. Registration fee Rs 1,250 only.",phish
sms,+918902770384,,,"Your Apple reward points worth ₹15,000 expire today! Redeem now: https://instagram.kyc.lctbxm.ru/verify",phish
sms,+917771670145,,,"Hi, I am from ICICI Bank HR. Part time job, earn Rs 5000 daily from home. WhatsApp +916899358891 for details.",phish
sms,AX-AMAZON,,,046035 is your OTP for login. Valid for 10 minutes. Do not share it with anyone. -Amazon,legit
sms,AD-ALERTS,,,India Post: Your parcel is on hold due to incomplete address. Pay $49.99 redelivery fee at http://www.amazon.com@zmxovmza.online/verify within 24 hrs.,phish
sms,VM-IRCTCI,,,"PNR 9522233693: Train 11950 confirmed, Coach B6 Berth 72. Happy journey.",legit
sms,JD-PAYTMB,,,Rs 499 debited from A/c XX3093 on 11-10-26 to UPI/AARAV. Not you? Call 18001080. -Paytm,legit
email,Customer Service <support@outlook.com>,help@yidhqf.support,Your SBI account has been suspended,"Dear Valued Member,

We detected unusual activity and your account has been temporarily suspended. To restore access, verify your account within 24 hours: http://www.paypal.com@vjeikrzn.live/secure/confirm

Failure to verify will result in permanent closure.

SBI Security Team",phish
sms,+919794036640,,,"Refund of Rs 1,250 initiated for your order. To receive it, share the OTP sent to your phone with our agent or visit http://c2228djotrw1.net/pay?ref=ChuOWz07",phish
email,Fatima Smith <recruiting@kiteanalytics.com>,,Interview schedule - Software Engineer,"Dear Arjun,

Thank you for applying to Kite Analytics. We would like to invite you for a technical interview next week. Please pick a slot using the calendar link on our careers page https://kiteanalytics.com/careers. There is no fee at any stage of our hiring process.

Regards,
Talent team",legit
email,PayPal Security <security@paypal-help.site>,,Congratulations! You've been selected,"Hi Rahul, you have won a Rs 50,000 voucher in our annual customer draw! Claim your prize here https://secure-linkedin.com/nP9P8tSKhp before it expires today. A small processing fee of ₹2,999 applies.",phish
sms,VM-DHLIND,,,"Dear Customer, your credit card statement is generated. Total due $120.00. Pay by 26th via app or netbanking to avoid late fee. -DHL",legit
sms,+918159124269,,,"Mom, I lost my phone, this is my new number. Can you send $120.00 urgently? I'll explain later.",phish
email,Paytm Security <security@paytm.com>,,New sign-in to your account,"Hi Kavya, we noticed a new sign-in to your Paytm account from Chrome on Windows. If this was you, you don't need to do anything. If not, open the Paytm app or go to https://paytm.com/security to review your activity. We will never ask for your password by email.",legit
sms,VK-FLPKRT,,,Big Billion Days start tomorrow! Shop on the Flipkart app for deals on mobiles. T&C apply. To opt out reply STOP.,legit
email,Aarav <arjun11@gmail.com>,,Dinner plans,Hey Noah! You have to read this one. ,legit
email,Noah Patel <recruiting@kiteanalytics.com>,,Interview schedule - Software Engineer,"Dear Olivia,

Thank you for applying to Kite Analytics. We would like to invite you for a technical interview next week. Please pick a slot using the calendar link on our careers page https://kiteanalytics.com/careers. There is no fee at any stage of our hiring process.

Regards,
Talent team",legit
sms,+918206226093,,,"Hey, running 10 min late, order for me pls",legit
sms,VM-DHLIND,,,Your DHL shipment 1383127607 is out for delivery today. Track: https://www.dhl.com/in-en/home/tracking.html,legit
sms,BZ-SBIINB,,,"Dear Customer, your credit card statement is generated. Total due ₹15,000. Pay by 2th via app or netbanking to avoid late fee. -SBI",legit
sms,+917761794802,,,Reached home. Thanks for today!,legit
sms,VK-FLPKRT,,,Big Billion Days start tomorrow! Shop on the Flipkart app for deals on mobiles. T&C apply. To opt out reply STOP.,legit
email,Customer Service <admin@appli.com>,,Document review,"Dear Account Holder, a document needs your review. Please use the link below.
http://instagram-help-login.net/pay?ref=x8bCjXaT",phish
sms,AD-ICICIB,,,741443 is your OTP for login. Valid for 10 minutes. Do not share it with anyone. -ICICI Bank,legit
sms,+919445475231,,,"Dear Customer, your Microsoft account will be blocked today. Update your KYC immediately: https://cutt.ly/xZW8rd",phish
sms,AD-ALERTS,,,"Dear Customer, your SBI account will be blocked today. Update your KYC immediately: http://dr0pbox.online/login",phish
sms,JD-PAYTMB,,,105583 is your OTP for login. Valid for 10 minutes. Do not share it with anyone. -Paytm,legit
sms,VM-DHLIND,,,Your DHL shipment 3740182727 is out for delivery today. Track: https://www.dhl.com/in-en/home/tracking.html,legit
email,PayPal Security <security@paypal.com>,,New sign-in to your account,"Hi Vikram, we noticed a new sign-in to your PayPal account from Chrome on Windows. If this was you, you don't need to do anything. If not, open the PayPal app or go to https://paypal.com/security to review your activity. We will never ask for your password by email.",legit
email,Instagram Security <security@instagram.com>,,New sign-in to your account,"Hi Meera, we noticed a new sign-in to your Instagram account from Chrome on Windows. If this was you, you don't need to do anything. If not, open the Instagram app or go to https://instagram.com/security to review your activity. We will never ask for your password by email.",legit
sms,VM-IRCTCI,,,"PNR 6630932998: Train 11319 confirmed, Coach B5 Berth 53. Happy journey.",legit
sms,+916502374387,,,"Refund of ₹15,000 initiated for your order. To receive it, share the OTP sent to your phone with our agent or visit http://dropbox.update.eezwnf.shop/wp-content/dropbox/index.html",phish
sms,+917523622925,,,Happy birthday!! Party tonight?,legit
email,Admin <no-reply@outlook.com>,help@zkkznm.site,KYC update pending,"Dear User, your ICICI Bank KYC is pending. Your account will be blocked today. Update KYC by sharing your PAN and OTP at https://k510p2u7f942.info/pay?ref=0Atr2bqD or reply with your card number.",phish
email,Instagram Support <no-reply@instagram-service.online>,,Shared document: Q3_Salary_Revision.pdf,Olivia has shared a document with you via Dropbox. Sign in with your email password to view: https://sbi-support-billing.shop/verify,phish
sms,VK-FLPKRT,,,477246 is your OTP for login. Valid for 10 minutes. Do not share it with anyone. -Flipkart,legit
email,HDFC Bank <no-reply@hdfcbank.com>,,Verify your email address,"Hi Olivia, thanks for signing up! Please confirm this is your email address by entering the code 194905 in the app. If you didn't create an account, you can ignore this email.",legit
sms,AX-AMAZON,,,Your Amazon order #4089628 has been delivered. Rate your experience in the Amazon app.,legit
sms,AD-ICICIB,,,849297 is your OTP for login. Valid for 10 minutes. Do not share it with anyone. -ICICI Bank,legit
sms,AX-AMAZON,,,"Dear Customer, your credit card statement is generated. Total due Rs 499. Pay by 25th via app or netbanking to avoid late fee. -Amazon",legit
sms,+919053494937,,,"Hi, I am from SBI HR. Part time job, earn Rs 5000 daily from home. WhatsApp +918973832060 for details.",phish
sms,VM-IRCTCI,,,"PNR 1721505205: Train 21995 confirmed, Coach B2 Berth 43. Happy journey.",legit
email,DHL <no-reply@dhl.com>,,Your DHL order has shipped,"Hi Meera,

Good news! Your order #833783615 has shipped and will arrive by Friday. You can track it any time at https://www.dhl.com/orders.

Thanks for shopping with us.",legit
email,Admin <support@notify831.xyz>,help@gxonrh.click,KYC update pending,"Hi Vikram, your Apple KYC is pending. Your account will be blocked today. Update KYC by sharing your PAN and OTP at https://rb.gy/B8eaiu or reply with your card number.",phish
sms,AX-AMAZON,,,Your Amazon order #4553129 has been delivered. Rate your experience in the Amazon app.,legit
email,Sneha Khan <recruiting@brightline.com>,,Interview schedule - Software Engineer,"Dear Sarah,

Thank you for applying to Brightline. We would like to invite you for a technical interview next week. Please pick a slot using the calendar link on our careers page https://brightline.com/careers. There is no fee at any stage of our hiring process.

Regards,
Talent team",legit
email,Admin <support@outlook.com>,,Work from home opportunity,"Hi Lucas! Part time job available. Earn Rs 5,000 per day by liking YouTube videos. No experience needed. Contact our HR on Telegram or register here: http://getdocsonline.com/kyc. Registration fee ₹2,999 only.",phish
sms,+919619458870,,,"Dear Customer, your Dropbox account will be blocked today. Update your KYC immediately: https://www.linkedin.com@nbheudjl.co/signin.php",phish
sms,VM-DHLIND,,,Your DHL shipment 3103856955 is out for delivery today. Track: https://www.dhl.com/in-en/home/tracking.html,legit
