url,label
https://bit.ly/lGXGaf,phish
https://cutt.ly/2QaNYt,phish
https://www.swiggy.com/search?q=sktty,legit
https://instagram-verify.online/signin.php,phish
https://sbi.co.in/blog/jxqycp,legit
http://www.paypal.com/account,legit
https://ola.com/account,legit
https://www.flipkart.com/blog/cakxsu,legit
http://amazon-verify.tk/kyc,phish
https://netflix-help-alert.co/signin.php,phish
http://dropbox-verify.shop/account/update,phish
https://help.google.com/signin,legit
https://paypal.help.acgzvv.support,phish
https://docs.microsoft.com/,legit
https://microsoft-secure-support.top/login,phish
https://accounts.google.com/search?q=xllck,legit
https://google.billing.ddbefl.site/secure/confirm,phish
https://help.linkedin.com/signin,legit
https://paypal.login.njoebr.xyz/verify,phish
https://bit.ly/MevXIC,phish
http://netflix-alert-kyc.top/EvvWPT7hos,phish
https://help.irctc.co.in/search?q=zzavv,legit
https://79.91.233.151/microsoft/pay?ref=aJuC0YJ0,phish
https://paypal.com/track?id=OaEtrfQgsR,legit
https://stackoverflow.com/,legit
https://paypal.alert.ynxoiv.click/account/update,phish
http://update-flipkart.in/ILaCRYjMX0,phish
https://update-sbi.com/account/update,phish
https://gorewardsonline.com/kyc,phish
https://docs.sbi.co.in/search?q=phdtd,legit
http://mirosoft.info/FKzYOPLKYe,phish
https://www.nytimes.com/track?id=EIRJEkriDw,legit
https://docs.amazon.in/track?id=gs8nsPuB5t,legit
https://apple.login.majwys.net/wp-content/apple/index.html,phish
https://help.bbc.co.uk/settings/security,legit
http://hdfc.support.zhsliq.co/login,phish
https://service-amazon.net/signin.php,phish
http://131.196.145.239/apple/secure/confirm,phish
https://zoom.us/settings/security,legit
http://paytm.kyc.podkwb.ru/verify,phish
https://www.netflix.com/,legit
http://www.medium.com/search?q=ywbjs,legit
https://hdfc-update-verify.site/wp-content/hdfc/index.html,phish
https://m.spotify.com/track?id=woYWTZRj55,legit
http://dhlx.tk/verify,phish
https://www.paytm.com@sbofnnuu.info/HqDJmvagA7,phish
http://apple-alert-account.live/wp-content/apple/index.html,phish
http://accounts.microsoft.com/settings/security,legit
https://docs.google.com/orders/44166214,legit
http://paypal.auth.cwrgfs.net/05j7mRFMyg,phish
https://is.gd/8RxGiV,phish
https://dhl.com/track?id=O6GIZWH5uJ,legit
http://www.sbi.com@gkzajtlg.shop/5a2r67aaOv,phish
https://secure-paytm.in/kyc,phish
https://accounts.microsoft.com/signin,legit
https://www.flipkart.com/en-in/help,legit
https://pdq7q405m.click/login,phish
https://icicibank.com/orders/52414398,legit
http://dropbox-login-auth.net/account/update,phish
http://apple.update.nbejlb.site/secure/confirm,phish
http://amazon.account.uaqusw.shop/login,phish
https://google.com/orders/90875358,legit
http://github.com/,legit
https://m.kaggle.com,legit
http://hdfc.support.zzpoxu.tk/secure/confirm,phish
https://accounts.icicibank.com/blog/daajsq,legit
http://gorewardsonline.com/kyc,phish
https://docs.paytm.com/track?id=Uvg5MarFCh,legit
http://getportalcenter.com/pay?ref=gBEViLP4,phish
http://dropbox-billing-verify.com,phish
https://goparcelhub.com/verify,phish
https://help.bbc.co.uk/,legit
https://238.131.72.250/instagram/login,phish
https://godocsnow.com/pay?ref=cPiQqeSS,phish
https://m.microsoft.com/track?id=hHO5BipMnD,legit
https://194.231.249.111/amazon/pay?ref=v50BCp2N,phish
http://hdfcx.shop/account/update,phish
https://www.medium.com/settings/security,legit
https://m.paytm.com/orders/95805184,legit
https://instagram.login.gouhki.tk/wp-content/instagram/index.html,phish
https://www.instagram.com/signin,legit
http://yncamu.firebaseapp.com/amazon/wp-content/amazon/index.html,phish
https://getparcelcenter.com,phish
https://flipkart-service-update.xyz/kyc,phish
https://m.microsoft.com/,legit
https://g0ogle.shop/login,phish
https://is.gd/iY1qWI,phish
http://likedin.net/login,phish
https://swiggy.com/blog/yfldfd,legit
https://myntra.com/orders/64922257,legit
https://dhl.com/en-in/help,legit
https://dhls.click/signin.php,phish
https://tinyurl.com/CJ12OL,phish
https://netflix.service.jfgnjw.com/pay?ref=bck0YPg6,phish
https://www.ola.com/track?id=dcApzsDcrZ,legit
https://m.amazon.in,legit
https://accounts.icicibank.com/login?next=%2Fhome,legit
https://help.galgotiasuniversity.edu.in/orders/71244977,legit
https://www.dhl.com@lbyjjxzm.shop/Wdbli1ZLad,phish
https://hdfcs.co/kyc,phish
https://sbi.update.oimqwb.click/login,phish
https://stackoverflow.com/en-in/help,legit
https://docs.instagram.com/en-in/help,legit
http://215.249.66.92/microsoft/pay?ref=e4MWfWOw,phish
https://icici.auth.xmdfcf.net/verify,phish
http://1inkedin.com/pay?ref=FYjTSESv,phish
https://docs.google.com/,legit
https://is.gd/E0IS35,phish
http://instagram.support.bovkjw.support/secure/confirm,phish
https://m.bbc.co.uk/login?next=%2Fhome,legit
https://tejgtw.weebly.com/dropbox/account/update,phish
https://sbi.co.in/login?next=%2Fhome,legit
http://gvjsda.firebaseapp.com/amazon/wp-content/amazon/index.html,phish
http://107.15.61.147/google/pay?ref=CSOINLNx,phish
https://tinyurl.com/TxzCJE,phish
https://81n2ws18.xyz/verify,phish
https://help.netflix.com/orders/46943974,legit
https://www.uber.com/,legit
https://tinyurl.com/lNdHK0,phish
https://tinyurl.com/lbzm6I,phish
https://www.linkedin.com/search?q=tefsi,legit
https://google-kyc-support.co,phish
https://wikipedia.org/,legit
https://netflix.auth.jzzthw.support/kyc,phish
https://zomato.com/account,legit
https://amazon.in/track?id=7peNbIuDJ5,legit
https://accounts.reddit.com/blog/xmaukm,legit
https://fkplla.firebaseapp.com/netflix/login,phish
https://help.bbc.co.uk/signin,legit
https://www.linkedin.com/login?next=%2Fhome,legit
https://dhl.com/orders/56273711,legit
https://dropbox.login.phywrc.live/secure/confirm,phish
http://apple-verify.online/kyc,phish
https://docs.dropbox.com/settings/security,legit
https://help.paytm.com/blog/wcuujb,legit
https://accounts.paypal.com/login?next=%2Fhome,legit
https://vhoimte.click/secure/confirm,phish
https://bit.ly/DazD7l,phish
https://5.97.246.114/google/pay?ref=4y5Hna5P,phish
https://accounts.github.com/account,legit
http://rnicrosoft.shop/secure/confirm,phish
https://flipkart.kyc.ilnrdf.shop/login,phish
https://is.gd/n668Eq,phish
http://flipkart.account.cwrbxp.shop/pay?ref=28ihpOh6,phish
http://wwdgqvnd5.co/kyc,phish
https://m.linkedin.com/blog/eyvmbl,legit
https://linkedin.com/settings/security,legit
https://m.microsoft.com/blog/bxadve,legit
https://accounts.booking.com/track?id=Huqjrch3jX,legit
https://docs.sbi.co.in/,legit
http://hrsml9wv2h7.online/signin.php,phish
https://galgotiasuniversity.edu.in/track?id=euC8k6Togq,legit
https://accounts.sbi.co.in/settings/security,legit
https://docs.icicibank.com/orders/26970727,legit
http://apple-verify-secure.online/wp-content/apple/index.html,phish
https://help.wikipedia.org/account,legit
https://m.dhl.com/settings/security,legit
https://docs.stackoverflow.com/settings/security,legit
https://kilkb5sjiu5.live/account/update,phish
https://m.ola.com/login?next=%2Fhome,legit
http://icicibank.com/track?id=agoH993SvM,legit
https://apple.com/track?id=gfTGdTRUmU,legit
https://help.nptel.ac.in/settings/security,legit
https://docs.microsoft.com,legit
https://m.github.com/login?next=%2Fhome,legit
http://secure-amazon.net/pay?ref=ekqv9VNz,phish
https://flipkart.secure.sfjcxf.ru/account/update,phish
https://reddit.com/settings/security,legit
http://google-verify.xyz/account/update,phish
http://vbkscw.weebly.com/microsoft/wp-content/microsoft/index.html,phish
http://linkedia.com/kyc,phish
https://accounts.dropbox.com/search?q=ophxd,legit
http://dhl.help.rxpvgo.net/login,phish
https://www.myntra.com/login?next=%2Fhome,legit
https://p4ypal.top/secure/confirm,phish
https://amazon-account-account.click/kyc,phish
https://dhl-verify.support/kyc,phish
https://linkedin-account-account.ru/signin.php,phish
https://accounts.netflix.com/login?next=%2Fhome,legit
https://netfl1x.shop/verify,phish
https://hdfcbank.com/settings/security,legit
https://getrefundonline.com/pay?ref=YNjlkHKR,phish
http://gogle.net/signin.php,phish
https://google.alert.znredm.live/pay?ref=53s3sZzw,phish
https://www.dropbox.com/blog/bqdtuj,legit
https://instagram.com/orders/35757445,legit
https://54.117.1.64/microsoft,phish
https://booking.com,legit
https://www.irctc.co.in/blog/nnjwbb,legit
https://m.instagram.com/blog/pggrhw,legit
https://microsofa.top/3FdSYWodw9,phish
https://www.paytm.com/blog/ceizps,legit
https://dhl-in.support/login,phish
https://rb.gy/BEtW63,phish
https://sbix.net/verify,phish
http://instagram.com/account,legit
https://104.149.249.210/netflix/account/update,phish
https://accounts.stackoverflow.com/en-in/help,legit
https://pqqork.weebly.com/paypal/signin.php,phish
https://n1v88y0j.top/wp-content/instagram/index.html,phish
https://gorefundcenter.com/login,phish
https://docs.notion.so/settings/security,legit
http://hdfcs.shop/account/update,phish
https://fl1pkart.click/login,phish
https://help.dhl.com/blog/iiojmt,legit
http://x8ei6r8uv.click/pay?ref=PVZ3mRQw,phish
https://linkedin-verify.co/secure/confirm,phish
https://www.netflix.com@tfpelssq.site,phish
https://cutt.ly/T68DPZ,phish
http://help.netflix.com/blog/qcupcb,legit
http://instagram.update.mqsmko.click/pay?ref=Y4XWcZr1,phish
http://alert-icici.co/pay?ref=ga9JRvAV,phish
https://help.flipkart.com/blog/dzwgme,legit
https://docs.netflix.com/login?next=%2Fhome,legit
http://edocsonline.com/signin.php,phish
https://docs.spotify.com/search?q=rtjlp,legit
https://help.icicibank.com/track?id=GfeySuwa15,legit
https://sbi-verify.ru/pay?ref=RnSempkX,phish
https://apple.com/blog/lskofn,legit
https://accounts.apple.com,legit
https://accounts.paypal.com/en-in/help,legit
https://www.dhl.com/en-in/help,legit
https://108.108.80.55/flipkart/kyc,phish
https://docs.google.com/orders/09984522,legit
https://docs.paytm.com/orders/82192790,legit
https://www.google.com@wosezzvh.info/OD9RT8K5S0,phish
http://linkedin-update-alert.com/wp-content/linkedin/index.html,phish
http://www.paytm.com@xusxcjva.top/verify,phish
https://flipkart.com/search?q=kghuv,legit
http://instagram.update.wakduu.xyz/verify,phish
https://instagram-alert-login.com/account/update,phish
http://help-dhl.com/signin.php,phish
http://linkedin-verify-auth.tk/pay?ref=meyE3eOK,phish
https://getparcelhub.com/wp-content/instagram/index.html,phish
https://getrefundonline.com/secure/confirm,phish
https://qg4zlw1.live/login,phish
https://www.stackoverflow.com/settings/security,legit
https://nytimes.com/en-in/help,legit
http://128.241.166.220/google/kyc,phish
https://instagram.com/login?next=%2Fhome,legit
https://avormq.web.app/hdfc/secure/confirm,phish
https://68pnufzzc5.info/kyc,phish
http://icici-verify.top,phish
http://tkoipye26yfq.top/secure/confirm,phish
https://www.amazon.in/settings/security,legit
http://instagrau.ru/3YckvAi1zi,phish
http://177.111.132.78/dropbox/verify,phish
https://rb.gy/aIs5Er,phish
https://accounts.uber.com,legit
https://help.dropbox.com/search?q=hqnrx,legit
https://101.155.201.92/netflix/kyc,phish
https://help.zoom.us/signin,legit
https://nptel.ac.in/login?next=%2Fhome,legit
https://netflix-verify.ru/vM762jVqLe,phish
http://c0xpscklz.ru/verify,phish
https://m.nptel.ac.in/signin,legit
http://apple.auth.fegohs.net/wp-content/apple/index.html,phish
https://help.myntra.com/en-in/help,legit
http://myparcelhub.com/signin.php,phish
https://xvsqhv.weebly.com/hdfc/pay?ref=WJHYnejG,phish
https://docs.coursera.org,legit
https://docs.netflix.com/track?id=pEXqxY0S5d,legit
https://dropbox.kyc.kwvcbi.click/GDuhVRTXWt,phish
http://linkedin-in.click/login,phish
https://help.notion.so/signin,legit
https://accounts.dropbox.com/track?id=6oTpNZQXzJ,legit
https://gorewardsnow.com/pay?ref=0YVoOnUs,phish
https://icici-verify.com/account/update,phish
https://accounts.ola.com/settings/security,legit
http://erefundcenter.com/verify,phish
https://www.dropbox.com@tmbzdkks.info/secure/confirm,phish
https://irctc.co.in/account,legit
https://dhl-account-alert.co/login,phish
https://help.python.org/login?next=%2Fhome,legit
https://m.google.com/orders/96939110,legit
http://hdfc.service.fqattk.info/kyc,phish
https://13.161.48.179/paytm/login,phish
https://alert-flipkart.in/secure/confirm,phish
https://docs.paypal.com/account,legit
https://www.github.com/blog/ngszmh,legit
https://google.com/search?q=lxinx,legit
https://dropbox.com/account,legit
https://help.icicibank.com/track?id=NDC3nwnRA3,legit
https://help.nptel.ac.in/orders/68519261,legit
http://m.hdfcbank.com/orders/66802894,legit
https://nptel.ac.in,legit
https://support-instagram.net/login,phish
https://icici.update.qqjpvv.net/secure/confirm,phish
https://apple.com/track?id=JbcZUuA5cG,legit
https://accounts.netflix.com/orders/27470465,legit
https://www.sbi.co.in/track?id=mlVWyqrr0x,legit
https://irctc.co.in/settings/security,legit
http://hdfc.update.wgylyg.support/account/update,phish
https://sbi.service.juwdbo.support/secure/confirm,phish
https://linkedin.verify.hrbxkv.click/wp-content/linkedin/index.html,phish
http://help-google.co/kyc,phish
https://docs.github.com/login?next=%2Fhome,legit
http://sbi-verify.tk/wp-content/sbi/index.html,phish
https://bbc.co.uk/blog/vmdznl,legit
https://account-netflix.in/login,phish
https://help.amazon.in/orders/21140781,legit
https://accounts.dhl.com/search?q=yxpkj,legit
https://python.org/search?q=lhaoy,legit
http://sbis.click/H51p4u4Zwx,phish
https://www.apple.com@eyjrfped.top/signin.php,phish
https://www.netflix.com,legit
http://getparcelcenter.com/account/update,phish
https://m.google.com/orders/61545806,legit
https://www.slack.com/,legit
https://netflix.com/,legit
http://myportalcenter.com/secure/confirm,phish
https://www.irctc.co.in,legit
http://www.zoom.us/orders/65714178,legit
https://help.wikipedia.org/en-in/help,legit
https://dropbox.com/en-in/help,legit
https://instagram-auth-auth.site/EiUHM6l0sQ,phish
https://192.194.57.154/amazon/verify,phish
https://accounts.dhl.com/en-in/help,legit
https://python.org/login?next=%2Fhome,legit
https://m.ola.com/,legit
https://galgotiasuniversity.edu.in/signin,legit
https://nytimes.com/signin,legit
https://m.sbi.co.in,legit
https://coursera.org/,legit
http://paytm-kyc-billing.info/signin.php,phish
http://jefejf.firebaseapp.com/netflix/pay?ref=KT7kbRuF,phish
https://rymiyw.000webhostapp.com/instagram/YvvCJddmmt,phish
https://dropbox.billing.mbvseh.xyz/secure/confirm,phish
http://1inkedin.click/kyc,phish
https://www.google.com/account,legit
http://82.174.240.94/instagram/secure/confirm,phish
https://netflix-login-account.xyz/signin.php,phish
https://m.icicibank.com/account,legit
https://amazon.support.mhppee.shop/vOfqNdOmqF,phish
http://uber.com/signin,legit
https://www.google.com@iqngvvlk.top/pay?ref=cMkeSdUi,phish
http://paypal.kyc.lingza.net/wp-content/paypal/index.html,phish
https://help.github.com/,legit
https://accounts.medium.com/search?q=pvsnq,legit
https://hkumsz.firebaseapp.com/netflix/verify,phish
https://linkedin.com/blog/vbuwiq,legit
http://instagram-secure.online/kyc,phish
https://accounts.microsoft.com/search?q=hllfh,legit
http://flipkart-verify.top/wp-content/flipkart/index.html,phish
https://accounts.netflix.com,legit
https://efhjty.weebly.com/flipkart,phish
https://getrewardscenter.com/account/update,phish
https://accounts.netflix.com/,legit
https://is.gd/2pz5zD,phish
https://www.zoom.us/en-in/help,legit
https://paypal.com/track?id=VlUw0mFAPL,legit
http://212.41.99.223/dhl/wp-content/dhl/index.html,phish
https://kyc-paypal.in/login,phish
https://goparcelnow.com/wp-content/amazon/index.html,phish
https://instagram-verify.online/login,phish
https://apple-account-account.co/account/update,phish
https://www.instagram.com/blog/kfjjrz,legit
https://accounts.nytimes.com/login?next=%2Fhome,legit
https://help.dropbox.com/,legit
https://docs.netflix.com/track?id=7jNSQZEXsZ,legit
https://accounts.linkedin.com/,legit
https://help.slack.com/search?q=tvzdc,legit
https://docs.amazon.in/track?id=ke6ZKnbt3f,legit
https://m.sbi.co.in/orders/98032739,legit
http://kyc-amazon.co/signin.php,phish
http://dropbox-support-auth.support/lJcDusl3b9,phish
https://stackoverflow.com/settings/security,legit
https://accounts.irctc.co.in/en-in/help,legit
https://m.myntra.com/en-in/help,legit
https://apple.help.micvgg.online/jQBgEfOKme,phish
https://instagram-support-secure.info/wp-content/instagram/index.html,phish
http://service-amazon.com,phish
https://accounts.dhl.com/search?q=rokms,legit
https://www.google.com@hmcnboks.site/kyc,phish
https://www.dhl.com@tynfditf.tk/account/update,phish
https://cutt.ly/Cko2k5,phish
http://linkedin-service-kyc.co/chQRCBSnf7,phish
https://linkedin-in.com/kyc,phish
https://is.gd/S06gyd,phish
https://xwletk36xhju.click/secure/confirm,phish
https://tinyurl.com/VqnK4t,phish
http://docs.instagram.com/track?id=OezmSQYZ2B,legit
http://help.zoom.us/search?q=kdepy,legit
https://www.icici.com@bbotrlcs.top/wp-content/icici/index.html,phish
http://6yf7t8m.net/secure/confirm,phish
https://docs.dhl.com/blog/aigmud,legit
https://sbi-support-login.tk/m74gN6QlXg,phish
https://www.github.com/orders/59197707,legit
https://m.icicibank.com/search?q=ulque,legit
https://uadfgy.000webhostapp.com/flipkart/wp-content/flipkart/index.html,phish
https://microsoft.com/settings/security,legit
http://icicis.co/wp-content/icici/index.html,phish
https://paytm.com/login?next=%2Fhome,legit
https://billing-instagram.net/pay?ref=ewipwGJj,phish
https://docs.netflix.com/blog/pilaoc,legit
http://www.medium.com/settings/security,legit
https://dropbox-billing-account.live/verify,phish
http://amazon-secure-billing.live/secure/confirm,phish
https://160.228.50.41/google,phish
https://accounts.linkedin.com/orders/87806686,legit
http://help.paytm.com/search?q=xrtxg,legit
https://tinyurl.com/F7ifE3,phish
https://hdfcs.ru/login,phish
https://support-icici.in/secure/confirm,phish
https://instagrarn.shop/kyc,phish
http://docs.linkedin.com/login?next=%2Fhome,legit
https://help.netflix.com/account,legit
https://myntra.com/account,legit
https://accounts.slack.com/orders/08549124,legit
https://swiggy.com/login?next=%2Fhome,legit
http://amazon-login-billing.support/txMTf2Nmjl,phish
http://paytm.account.jucqub.net/verify,phish
https://accounts.netflix.com/account,legit
https://jrdrbf.000webhostapp.com/dropbox/wp-content/dropbox/index.html,phish
https://nytimes.com/track?id=5KTNvacNZY,legit
https://help.stackoverflow.com/signin,legit
https://www.microsoft.com/signin,legit
https://google.secure.mtefom.ru/kyc,phish
https://x3zch79059l0.xyz/wp-content/netflix/index.html,phish
http://82.4.111.22/microsoft/verify,phish
http://215.226.34.114/sbi/pay?ref=YIEcjaGu,phish
https://www.hdfcbank.com/track?id=vbxtPyDVH3,legit
https://microsoft.com/blog/zsqnee,legit
http://accounts.wikipedia.org/,legit
https://nptel.ac.in/orders/78721138,legit
https://bit.ly/dZMhlO,phish
https://paypae.online/wp-content/paypal/index.html,phish
https://amazon.in/blog/nswiio,legit
https://docs.irctc.co.in/en-in/help,legit
https://help.hdfcbank.com/signin,legit
https://rb.gy/XB95Ck,phish
https://python.org/blog/xambah,legit
http://instagram.auth.hqbffk.com/account/update,phish
https://t816e5q5equl.online/signin.php,phish
https://164.59.241.9/apple/kyc,phish
https://instagram.com/orders/67858733,legit
https://www.kaggle.com/orders/48978390,legit
https://m.reddit.com/settings/security,legit
https://accounts.irctc.co.in/login?next=%2Fhome,legit
https://www.icici.com@xjlmdwew.site/login,phish
https://instagram.verify.qlzkuq.click/login,phish
https://hdfc-verify.top/account/update,phish
http://linkedie.site/kyc,phish
https://kaggle.com/search?q=pvass,legit
https://bbc.co.uk/blog/lizyfh,legit
https://64.143.253.173/dropbox/kyc,phish
http://nrcivk.ngrok.io/dropbox/kyc,phish
https://docs.paypal.com/,legit
http://kyc-flipkart.in/account/update,phish
https://docs.nptel.ac.in,legit
http://sbi.secure.kjzqft.click/pay?ref=AXS026kt,phish
https://linkedin.com/track?id=YM5PD6oFjB,legit
https://225.251.251.26/paypal/account/update,phish
https://bit.ly/lUPgaH,phish
https://www.amazon.com@tqqmjefh.support/wp-content/amazon/index.html,phish
https://bbc.co.uk,legit
http://apple-billing-update.online,phish
http://neflix.online/pay?ref=vozO2Y4M,phish
https://4psh3taq5fw.ru/wp-content/microsoft/index.html,phish
https://phzavf.000webhostapp.com/linkedin/wp-content/linkedin/index.html,phish
https://help.airbnb.com/orders/89709649,legit
https://accounts.reddit.com/orders/70016845,legit
https://www.spotify.com/signin,legit
https://www.microsoft.com@aqltvtph.shop/secure/confirm,phish
https://irctc.co.in/search?q=edftb,legit
https://accounts.notion.so/en-in/help,legit
http://microsoft-online.online/OBSGTbheAJ,phish
http://150.162.155.166/apple/kyc,phish
https://www.sbi.com@dmgeodlj.click/secure/confirm,phish
https://accounts.icicibank.com/signin,legit
https://www.instagram.com/en-in/help,legit
https://bit.ly/5sCGLt,phish
https://help.galgotiasuniversity.edu.in/,legit
https://bit.ly/lTv31Z,phish
http://help.nytimes.com,legit
https://alert-dropbox.net/login,phish
https://hdfc-online.tk/wp-content/hdfc/index.html,phish
https://docs.instagram.com/settings/security,legit
http://dhl.verify.uvtttk.top/secure/confirm,phish
https://accounts.icicibank.com/track?id=a3O8JbegPQ,legit
http://hdfc-verify.online/verify,phish
https://myrewardscenter.com/pay?ref=O4ExJjqb,phish
http://support-linkedin.net/secure/confirm,phish
https://linkedin.com/search?q=zfzyh,legit
https://docs.zoom.us/blog/pctrml,legit
http://r6s1amypy.co/kUrsMr7HSG,phish
http://paypal-auth-verify.xyz,phish
https://m.slack.com/track?id=VnVRuKoaez,legit
https://alert-google.co/kyc,phish
http://dhl-account-login.click/wAf03MWRcB,phish
https://docs.booking.com/orders/98857601,legit
http://help.spotify.com,legit
https://paypal.com/signin,legit
https://cutt.ly/eAy0Rm,phish
http://hdfc-update-login.click/verify,phish
https://uber.com/blog/mnmogd,legit
https://134.163.23.120/paypal/mr6IMp0lny,phish
https://m.dhl.com/signin,legit
http://microsoft-service-login.ru/secure/confirm,phish
http://update-google.in/wp-content/google/index.html,phish
http://123.38.141.68/paypal,phish
https://www.dropbox.com/en-in/help,legit
https://service-netflix.in/verify,phish
https://vcwufx.000webhostapp.com/netflix/wp-content/netflix/index.html,phish
https://docs.paypal.com/signin,legit
https://www.notion.so/,legit
http://netflix.com/blog/chgyri,legit
https://www.stackoverflow.com/account,legit
https://docs.ola.com/login?next=%2Fhome,legit
https://dof3q65bsf73.ru/login,phish
https://kysjwr.weebly.com/microsoft/secure/confirm,phish
https://amazon-verify.info/pay?ref=poOLBfNm,phish
https://hdfc.alert.spklgu.live/wp-content/hdfc/index.html,phish
https://m.flipkart.com,legit
http://apple-service-support.online/signin.php,phish
https://accounts.sbi.co.in/track?id=gIPL7lDHyN,legit
https://accounts.bbc.co.uk/track?id=aULLuJMjPQ,legit
http://flipkart-verify.xyz/wp-content/flipkart/index.html,phish
http://goportalcenter.com/signin.php,phish
https://bit.ly/VZJA3B,phish
https://www.dropbox.com/blog/wsseze,legit
http://netflix-secure.support/login,phish
http://appli.site/pay?ref=AKHrfNW1,phish
https://accounts.microsoft.com/en-in/help,legit
http://www.dhl.com@eqvrgjsk.top/pay?ref=vm2oVUMk,phish
https://www.uber.com/search?q=nhhsd,legit
https://app1e.support/secure/confirm,phish
http://instagram-verify.online/pay?ref=uYpc740O,phish
http://amazon-verify.xyz/verify,phish
http://getdocsnow.com,phish
https://1inkedin.top/pay?ref=LCGwERb1,phish
https://is.gd/lsHCC2,phish
http://sbi-account-login.xyz/nCpUVoXyfL,phish
http://www.myntra.com/en-in/help,legit
https://docs.hdfcbank.com/search?q=osvog,legit
https://rb.gy/lhTKU5,phish
https://netflix.com/en-in/help,legit
https://m.flipkart.com/en-in/help,legit
https://paypal-billing-support.click/1ypojzAjbx,phish
https://138.108.213.251/dropbox/secure/confirm,phish
https://accounts.microsoft.com/orders/99152427,legit
https://slack.com/blog/lhlotk,legit
https://rb.gy/Vl8cXz,phish
http://m.nptel.ac.in/search?q=jmvki,legit
https://is.gd/dJhPUh,phish
https://sbi-billing-billing.support/verify,phish
https://myntra.com/signin,legit
https://google-account-update.shop/account/update,phish
http://pftpaf.web.app/dhl/account/update,phish
http://dhl-verify.info/account/update,phish
https://spotify.com/track?id=x5t5MReV7D,legit
https://dhl.com/track?id=nV9tlOhbxx,legit
http://gogle.ru/kyc,phish
https://cnaklu.firebaseapp.com/microsoft/account/update,phish
http://56.49.145.83/dhl/wp-content/dhl/index.html,phish
https://www.myntra.com/signin,legit
https://hdfcbank.com/login?next=%2Fhome,legit
https://zodlm7uciaea.online/login,phish
https://accounts.galgotiasuniversity.edu.in/signin,legit
http://dhl.com/settings/security,legit
https://getdocsnow.com/account/update,phish
https://dropbox.com/track?id=SyMZnRwrfL,legit
http://www.bbc.co.uk/,legit
https://hdfc-verify.site/secure/confirm,phish
http://1cici.site/verify,phish
http://253.31.45.237/linkedin/pay?ref=zP2zADSK,phish
http://220.97.165.42/sbi/secure/confirm,phish
https://m.sbi.co.in/search?q=olmvd,legit
http://accounts.flipkart.com/,legit
http://hdfc-help-alert.support/LThiowRZCK,phish
https://help.flipkart.com/en-in/help,legit
http://sbi-verify.com/pay?ref=5I6a5NUa,phish
https://m.icicibank.com/signin,legit
https://netflix.com,legit
https://www.paypal.com/,legit
https://microsoft.com/account,legit
https://airbnb.com/blog/typlae,legit
https://microsoft-in.xyz/verify,phish
http://l1nkedin.shop/login,phish
http://ozzkhs.firebaseapp.com/paypal/EYh0NgXULW,phish
https://accounts.spotify.com,legit
https://kyc-google.in,phish
http://sbi-verify.co,phish
http://rqckag.web.app/hdfc/pay?ref=oZOZSPXY,phish
https://dhl.auth.vwqbzl.xyz,phish
https://www.slack.com/login?next=%2Fhome,legit
https://github.com/orders/08973760,legit
https://docs.paytm.com/account,legit
https://www.dhl.com@sbgransz.top/kyc,phish
https://www.github.com/search?q=gznhp,legit
http://paytm.account.lynfmz.online/account/update,phish
https://oxqedmk1399.online/alert,phish
http://gogle.net/account/update,phish
https://m.nptel.ac.in/blog/nardap,legit
http://jvzhkv.ngrok.io/sbi/pay?ref=yv89LDon,phish
https://www.bbc.co.uk/signin,legit
https://is.gd/ovdJXn,phish
https://www.google.com/settings/security,legit
http://instagram-verify.co/account/update,phish
https://help.instagram.com/track?id=to0zvB9GUx,legit
https://help.paytm.com/en-in/help,legit
http://iznpfn.000webhostapp.com/dhl/account/update,phish
http://www.icici.com@xcajsjah.top/verify,phish
https://accounts.icicibank.com,legit
https://tinyurl.com/7p6Yid,phish
https://166.160.78.18/instagram/secure/confirm,phish
https://czrrie.weebly.com/netflix/wp-content/netflix/index.html,phish
https://tpcpkw.web.app/sbi/wp-content/sbi/index.html,phish
https://hdcktx.weebly.com/dhl,phish
https://help.amazon.in/search?q=gmwct,legit
http://dhl.support.kfvuwy.info/signin.php,phish
https://m.dhl.com/,legit
https://stackoverflow.com/blog/pkcbwr,legit
https://dhl-auth-kyc.co/login,phish
https://www.galgotiasuniversity.edu.in/account,legit
https://flipkart.com/settings/security,legit
https://www.paypal.com,legit
https://rytajmawwt.net/kyc,phish
https://accounts.airbnb.com/login?next=%2Fhome,legit
https://microsoft.com/blog/qvygmw,legit
https://sbi.billing.ymtuik.live/kyc,phish
https://accounts.google.com/blog/dfhfsa,legit
https://paypal-verify-support.site/signin.php,phish
https://account-linkedin.net/signin.php,phish
https://m.medium.com/,legit
http://www.dropbox.com@emwenltm.top/uyS9l0afIA,phish
http://secure-paytm.co/signin.php,phish
https://www.myntra.com/search?q=knnfu,legit
https://dh1.co/account/update,phish
https://paytm-help-account.com/secure/confirm,phish
https://m.google.com/signin,legit
https://accounts.paytm.com/en-in/help,legit
http://accounts.icicibank.com/signin,legit
http://amazon-account-service.net/secure/confirm,phish
https://help.paytm.com/track?id=KACmXaCqzZ,legit
http://eportalhub.com/verify,phish
https://help.notion.so/blog/lhpbip,legit
https://help.dropbox.com/track?id=9krYMjXxK8,legit
https://docs.hdfcbank.com/account,legit
https://nytimes.com,legit
https://m.apple.com/,legit
https://zoom.us/orders/44440721,legit
https://222.4.244.101/dropbox/secure/confirm,phish
http://instagram.com/blog/hehxgk,legit
https://apple.secure.jsyowf.ru/account/update,phish
http://flipkart-help-service.xyz/secure/confirm,phish
https://help.wikipedia.org/search?q=jhzdb,legit
http://80.19.7.223/icici/pay?ref=Hv4PQtWC,phish
http://github.com/orders/98545069,legit
https://goportalcenter.com,phish
https://www.sbi.co.in/settings/security,legit
http://paytm-kyc-kyc.com/secure/confirm,phish
https://help.paytm.com/blog/wtpmzd,legit
https://docs.irctc.co.in/settings/security,legit
https://accounts.google.com/settings/security,legit
http://goog1e.ru/kyc,phish
https://accounts.icicibank.com/en-in/help,legit
https://www.zoom.us/,legit
https://amazon.in/blog/pmmcmg,legit
http://accounts.airbnb.com,legit
https://tinyurl.com/8CYfWj,phish
https://icici-service-secure.xyz/verify,phish
http://apple.com/settings/security,legit
http://tkitzx.web.app/netflix/pay?ref=YyPp3Atu,phish
https://amzon.live,phish
https://m.python.org/blog/giukyp,legit
https://www.irctc.co.in/signin,legit
https://instagram.com,legit
https://docs.icicibank.com/track?id=8B6Nre3Cwh,legit
https://m.slack.com/account,legit
https://icicibank.com/orders/47891367,legit
https://m.icicibank.com/settings/security,legit
https://apple.com,legit
https://amazon-service-verify.com/verify,phish
http://linkedin-auth-update.shop/kyc,phish
http://djmyeo.web.app/hdfc/signin.php,phish
https://apple.com/settings/security,legit
https://www.microsoft.com/en-in/help,legit
https://www.instagram.com@jbtwpzua.co/account/update,phish
https://nytimes.com/blog/iiaxyt,legit
https://m.paypal.com/orders/81356362,legit
https://stackoverflow.com/signin,legit
http://xfsxwr.ngrok.io/hdfc/verify,phish
http://linkedin.com/settings/security,legit
https://help.paypal.com/signin,legit
https://www.amazon.in,legit
http://paytm-online.info/pay?ref=xE16HLwP,phish
https://apple-billing-kyc.top/verify,phish
http://jfxr8cu71g.info/login,phish
https://m.booking.com/track?id=18sAUhSiav,legit
https://docs.zomato.com/orders/60402718,legit
https://accounts.uber.com/orders/67600427,legit
https://flipk4rt.ru/kyc,phish
https://www.dropbox.com/track?id=eIOrtXdTtn,legit
http://google-billing-help.net/verify,phish
https://cutt.ly/yxiMgL,phish
http://qoeveg.firebaseapp.com/linkedin,phish
https://instagram.com/account,legit
https://crxhfp.weebly.com/icici/pay?ref=hBvOEcdO,phish
https://paypal-secure-alert.com/kyc,phish
https://paytm-verify.shop/pay?ref=QEO0Y4fx,phish
https://www.coursera.org/settings/security,legit
https://docs.nptel.ac.in/track?id=ZiJTM9z0z4,legit
https://help.slack.com/search?q=tsiau,legit
https://www.paytm.com/,legit
http://24.214.130.109/icici/wp-content/icici/index.html,phish
https://www.flipkart.com/track?id=aVQ6SCVCF9,legit
https://icici-kyc-auth.site/kyc,phish
https://support-flipkart.co/G0odLG4o7B,phish
https://paytm.alert.jpynib.live/login,phish
http://service-paypal.net/wp-content/paypal/index.html,phish
https://linkedin-kyc-auth.top/wp-content/linkedin/index.html,phish
https://m.flipkart.com/search?q=giskg,legit
http://icicis.live/verify,phish
https://netflix.com/blog/tqcsto,legit
https://flipkart-update-support.tk/kyc,phish
http://hdfc-verify.site/signin.php,phish
https://222.249.204.164/apple/verify,phish
http://www.github.com/en-in/help,legit
http://hdfc-auth-kyc.co/account/update,phish
https://m.netflix.com/orders/31349460,legit
https://myportalcenter.com/verify,phish
https://amazon.secure.uxenib.net/Uogq8f450p,phish
http://paytrn.click/pay?ref=7CboeojY,phish
https://www.instagram.com@ayfjhxnb.live/secure/confirm,phish
https://d6ghhih.shop/account/update,phish
https://docs.amazon.in/search?q=ffvet,legit
https://zoom.us/en-in/help,legit
https://help.amazon.in/account,legit
https://help.sbi.co.in/orders/37359181,legit
https://dhl-verify.support/pay?ref=UN3sL0Fn,phish
https://www.paytm.com@mwrydybc.site/pay?ref=8yGoe6Er,phish
https://hdfcbank.com/orders/13936057,legit
http://www.linkedin.com@zzecnnkj.co/account/update,phish
https://m.dropbox.com/signin,legit
http://dhl-verify.live/secure/confirm,phish
http://jbwefb.ngrok.io/instagram/signin.php,phish
http://amazon-update-verify.shop/R8L8EXTwKT,phish
https://amazon-login-account.site/signin.php,phish
https://microsoft.verify.actgrj.click/secure/confirm,phish
http://instagram-alert-secure.live/wp-content/instagram/index.html,phish
http://google-login-help.site/account/update,phish
http://microsoft-secure-service.info/secure/confirm,phish
http://myparcelnow.com/secure/confirm,phish
https://www.zoom.us/signin,legit
http://google-alert-auth.co/account/update,phish
https://cutt.ly/X8Afjl,phish
https://9sj1dqa83w.live/support,phish
https://p4ypal.ru/verify,phish
https://microsoft.kyc.biniqp.info/kW6giifdzN,phish
http://instagram.auth.xozchw.co/login,phish
http://google.com/blog/ponwuc,legit
https://google.com/signin,legit
https://google-auth-auth.top/kyc,phish
http://netflix-auth-account.shop/kyc,phish
https://102.17.107.197/netflix/pay?ref=t3kJqLCn,phish
http://flipkart.login.zhhpnn.tk/kyc,phish
https://icici.help.nnltrc.site/pay?ref=geAMgpvJ,phish
http://www.dropbox.com@shuyhpze.tk/account/update,phish
http://help-paypal.in/verify,phish
https://www.dropbox.com@jrylyvgm.info/signin.php,phish
https://sbi-kyc-alert.click/verify,phish
https://paypa1.support/IORNExi0t5,phish
https://www.paypal.com/track?id=iKnc3hgFMy,legit
https://login-icici.co/pay?ref=YV2T3FwS,phish
https://linkedin-online.site/kyc,phish
https://microsoft-alert-verify.online/account/update,phish
https://hdfcbank.com/search?q=acbnv,legit
https://is.gd/mFqcTk,phish
https://irctc.co.in/orders/53370193,legit
http://inst4gram.top/account/update,phish
https://mstsqi.firebaseapp.com/paypal/kyc,phish
http://www.github.com/settings/security,legit
https://help.irctc.co.in/orders/59817130,legit
http://icici-account-auth.shop/login,phish
https://netflix.auth.miglhj.info/signin.php,phish
https://www.python.org/account,legit
http://sbi.update.idakxq.live/secure/confirm,phish
https://m.hdfcbank.com/,legit
https://instagram.com/signin,legit
http://microsoft-in.site,phish
https://rb.gy/QYannB,phish
http://instagram-secure-verify.net/signin.php,phish
https://instagram-secure.shop/signin.php,phish
https://m.wikipedia.org/track?id=0UtPigI5bU,legit
http://125.115.99.192/flipkart/secure/confirm,phish
http://69.151.219.171/microsoft,phish
https://www.netflix.com/en-in/help,legit
https://sbis.xyz/pay?ref=GqwoQfhw,phish
https://dropbox.com/track?id=mjB94yiwXl,legit
https://nlwoyt.ngrok.io/netflix,phish
http://g0ogle.click/verify,phish
http://wikipedia.org/search?q=szdoy,legit
https://netflix.com/track?id=HrXvzSTEjC,legit
https://docs.instagram.com/orders/90848152,legit
https://docs.myntra.com/blog/ximpwg,legit
http://linkedin-verify-account.live/wp-content/linkedin/index.html,phish
https://accounts.apple.com/en-in/help,legit
https://170.29.75.153/instagram/verify,phish
https://getdocscenter.com/login,phish
https://amazon-online.site/I5qQjvg6yI,phish
http://help.google.com/login?next=%2Fhome,legit
https://cutt.ly/Q9xM0F,phish
https://docs.airbnb.com/settings/security,legit
http://www.amazon.com@aufdyaav.top/wp-content/amazon/index.html,phish
https://www.wikipedia.org/track?id=4m3MRY44o1,legit
https://google.com/search?q=dwlvc,legit
http://linkedin.help.hihygp.net,phish
http://dhl-service-secure.site/secure/confirm,phish
https://bit.ly/xZRhHa,phish
https://48.217.143.182/icici/kyc,phish
http://www.paytm.com@gifezbgp.tk/wp-content/paytm/index.html,phish
https://www.netflix.com/signin,legit
http://apple.com/en-in/help,legit
http://paypal.com/blog/teprgn,legit
https://www.galgotiasuniversity.edu.in/,legit
https://tinyurl.com/fARLen,phish
https://gorefundcenter.com/secure/confirm,phish
https://www.swiggy.com/settings/security,legit
http://auth-google.in/verify,phish
http://eparcelcenter.com/ujdbVMcq12,phish
https://www.flipkart.com/track?id=RBpF64UsCH,legit
https://docs.amazon.in/orders/38496274,legit
https://rb.gy/JSU1wo,phish
http://icici-verify.support/pay?ref=612GM5LG,phish
https://zossjq.ngrok.io/icici/pay?ref=T0BFYz1u,phish
https://m.python.org/en-in/help,legit
https://q8b852acze.online/signin.php,phish
https://microsoft.help.hmqhhv.ru/account/update,phish
https://docs.microsoft.com/signin,legit
https://microsoft.login.efekeh.tk/signin.php,phish
https://goportalnow.com/kyc,phish
https://cutt.ly/Mdrm6r,phish
http://amazon-update-account.click,phish
https://linkedin-verify.xyz/4MwuqwQyVX,phish
https://www.dhl.com/signin,legit
http://187.225.218.123/google/signin.php,phish
https://www.dropbox.com/login?next=%2Fhome,legit
https://dhl-account-verify.live/9HPLMdKyXO,phish
https://www.ola.com/blog/cxxyyh,legit
https://kyc-flipkart.com/mLSyQoXaX2,phish
http://netflix-alert-update.co/wp-content/netflix/index.html,phish
https://hdfc-alert-auth.shop/account/update,phish
http://microsoft-secure.support/login,phish
https://m.coursera.org/account,legit
http://dhl-alert-account.top/wp-content/dhl/index.html,phish
https://www.zomato.com/orders/92680750,legit
http://instagram-secure-kyc.com/account/update,phish
https://24.228.167.183/dhl/signin.php,phish
https://is.gd/Pu34Ok,phish
https://stackoverflow.com/login?next=%2Fhome,legit
https://apple.com/track?id=a9h0QZf8Ka,legit
https://www.sbi.co.in/track?id=pj2Z7Svjx3,legit
http://www.paypal.com@bwrazvpz.top/login,phish
https://rb.gy/OXK3ki,phish
https://amaz0n.click/pay?ref=RLRaXSuR,phish
https://m.linkedin.com/settings/security,legit
https://www.flipkart.com/,legit
https://apple.com/signin,legit
https://help.ola.com/orders/71334181,legit
https://paypal.verify.pnfgme.top/pay?ref=x5ySmxn6,phish
https://ejqvlt.ngrok.io/apple/signin.php,phish
https://www.google.com/blog/otedys,legit
https://m.flipkart.com/orders/37878559,legit
http://4pple.tk/secure/confirm,phish
https://sbi.billing.liehso.com,phish
http://amazon-secure.tk/wp-content/amazon/index.html,phish
https://x0pq2rp.tk/pay?ref=xjOEAgRp,phish
https://slack.com/account,legit
https://docs.swiggy.com/blog/ezdbtf,legit
https://instagram.help.jxexas.top/kyc,phish
https://docs.linkedin.com/settings/security,legit
https://sbi-support-auth.online/account/update,phish
https://accounts.slack.com,legit
https://www.paytm.com@zjuhavcp.ru/secure/confirm,phish
https://sbi-kyc-secure.support/pay?ref=zjWJlnbY,phish
https://accounts.sbi.co.in/blog/qbcexb,legit
http://www.icicibank.com/orders/67853044,legit
https://instagram.com/en-in/help,legit
http://docs.medium.com/en-in/help,legit
https://docs.hdfcbank.com/orders/07471314,legit
https://sbi-in.live/login,phish
https://m.google.com/track?id=5gQCkfqHzJ,legit
https://docs.wikipedia.org/login?next=%2Fhome,legit
https://www.dropbox.com@mhnhpukn.info/pay?ref=V8lsOLfK,phish
https://accounts.sbi.co.in/track?id=WbIMABtfDk,legit
http://instagram-secure-help.co/account/update,phish
http://iyhkru.000webhostapp.com/hdfc/secure/confirm,phish
http://mkijtt.ngrok.io/microsoft/kyc,phish
http://hdfc.billing.gwrqqh.click/account/update,phish
https://bit.ly/08EGYo,phish
https://myntra.com/track?id=VOnJIrM9u7,legit
http://245.192.251.216/dhl/secure/confirm,phish
https://accounts.notion.so/track?id=lSHlokAAIc,legit
https://icici-online.tk,phish
https://accounts.dhl.com/blog/lgilfg,legit
http://p4ypal.xyz/wp-content/paypal/index.html,phish
https://tinyurl.com/RQZo2C,phish
https://fknyjq.weebly.com/linkedin/signin.php,phish
https://m.swiggy.com/,legit
https://gsgsga.000webhostapp.com/microsoft/wp-content/microsoft/index.html,phish
http://hdfc-account-help.co/wp-content/hdfc/index.html,phish
https://cutt.ly/VZ86g6,phish
https://amazon.in/blog/fzzvnj,legit
http://help.netflix.com/search?q=jqshv,legit
https://m.nptel.ac.in/orders/00000468,legit
https://help.github.com/blog/oygrdb,legit
https://docs.nytimes.com/orders/55258939,legit
http://linkedin-help-verify.xyz/wp-content/linkedin/index.html,phish
https://myrewardshub.com/kyc,phish
https://support-hdfc.co/account/update,phish
https://hyerfb.000webhostapp.com/hdfc/signin.php,phish
https://docs.coursera.org/blog/acnkwi,legit
https://help.python.org/signin,legit
https://instagrai.com/wp-content/instagram/index.html,phish
http://apple.update.nurznb.info/secure/confirm,phish
https://www.dropbox.com/settings/security,legit
https://122.203.30.107/dropbox/verify,phish
https://ola.com/settings/security,legit
http://126.75.87.1/google/secure/confirm,phish
http://instagram.secure.xsjrdd.info/login,phish
https://www.icicibank.com/account,legit
http://p4ypal.shop/wp-content/paypal/index.html,phish
https://flipkart.com/track?id=rerXi5HlqI,legit
https://google.com/track?id=0J4khX96am,legit
https://paytm.com/blog/nxpakx,legit
https://godocscenter.com/wp-content/microsoft/index.html,phish
http://126.113.124.215/dhl/account/update,phish
https://uber.com/settings/security,legit
http://hdfc-secure-support.co/signin.php,phish
https://i5xaihaz5qp0.support/support,phish
http://google-verify-kyc.top/account/update,phish
https://m.dropbox.com/login?next=%2Fhome,legit
https://docs.icicibank.com/search?q=habjv,legit
http://spotify.com/blog/zkthde,legit
https://accounts.galgotiasuniversity.edu.in/orders/01829990,legit
https://kaggle.com/track?id=bRKlEnoHuj,legit
https://account-amazon.com,phish
https://m.amazon.in/account,legit
http://papal.site/signin.php,phish
https://apples.info,phish
https://is.gd/v6skIC,phish
http://15.180.24.182/netflix/wp-content/netflix/index.html,phish
https://tinyurl.com/l3S5bK,phish
https://172.154.72.44/dhl/secure/confirm,phish
http://www.uber.com,legit
https://tinyurl.com/6nW5JQ,phish
https://help.notion.so/search?q=qhgru,legit
https://m.amazon.in/search?q=wszdq,legit
https://www.kaggle.com/en-in/help,legit
https://hdfc-verify.info/account/update,phish
https://accounts.galgotiasuniversity.edu.in/orders/11274816,legit
http://sbi-login-alert.click/wp-content/sbi/index.html,phish
https://netflix-secure.click/kyc,phish
http://stackoverflow.com/blog/hmwwsm,legit
https://190.10.69.161/hdfc/kyc,phish
http://flipkart.help.uayjtd.online,phish
http://amzon.ru/login,phish
http://47.9.215.64/sbi/GXTpqRYFc8,phish
https://m.icicibank.com/track?id=Z62DdV2tOB,legit
http://159.194.181.178/dhl/kyc,phish
https://docs.google.com/signin,legit
https://docs.ola.com/signin,legit
https://login-sbi.in/signin.php,phish
http://instagram.kyc.sivdsi.info/signin.php,phish
https://accounts.google.com/blog/lkvacu,legit
http://www.apple.com@nkcxwpxj.shop/verify,phish
http://tzyrtg.ngrok.io/netflix/login,phish
https://gjswat.000webhostapp.com/paypal/zXCw99KQOT,phish
http://183.112.41.52/paytm/kyc,phish
https://bit.ly/DjthmP,phish
http://xft1lhooyk.online/account/update,phish
https://flipkart-help-login.site/6gJGtwlqps,phish
https://tinyurl.com/WlbYyv,phish
https://www.coursera.org/en-in/help,legit
https://154.150.40.203/dropbox/secure/confirm,phish
https://microsoft-verify.xyz/wp-content/microsoft/index.html,phish
https://help.paytm.com/search?q=wawya,legit
https://apple.com/track?id=gjO6wPZFN4,legit
http://90n9ncp9.com/secure/confirm,phish
https://galgotiasuniversity.edu.in,legit
https://m.zomato.com/en-in/help,legit
https://m.instagram.com/account,legit
https://www.dropbox.com@unpzfmgv.com/account/update,phish
https://www.coursera.org/account,legit
https://matipj.weebly.com/amazon/95QtVRABbB,phish
https://paytm.com/search?q=pdkfe,legit
https://wikipedia.org/settings/security,legit
https://www.zomato.com/,legit
https://accounts.reddit.com/search?q=xllpz,legit
https://ixvsdu.000webhostapp.com/paytm/kyc,phish
https://www.stackoverflow.com/search?q=fsoto,legit
https://www.sbi.co.in/en-in/help,legit
https://www.stackoverflow.com/signin,legit
https://myportalcenter.com/account/update,phish
http://amazon-login-help.live/login,phish
http://rnicrosoft.tk/pay?ref=IZNlNCbP,phish
https://docs.python.org/track?id=3Rzbx3RWGb,legit
https://dsxpkt.ngrok.io/amazon/pay?ref=ZcDb1aET,phish
https://m.medium.com/signin,legit
https://8yge99c.support/secure/confirm,phish
https://help.stackoverflow.com/login?next=%2Fhome,legit
https://168.46.68.63/hdfc/signin.php,phish
https://cutt.ly/jU1cO5,phish
https://m.nytimes.com/track?id=RzBXrmbBCm,legit
https://galgotiasuniversity.edu.in/track?id=qudRxI81WO,legit
https://acofbt.firebaseapp.com/icici/wp-content/icici/index.html,phish
http://alert-paytm.com/login,phish
https://docs.ola.com/,legit
http://kyc-paypal.in/wp-content/paypal/index.html,phish
http://www.dhl.com/track?id=e92J0f8caN,legit
https://login-hdfc.com/verify,phish
http://www.ola.com/en-in/help,legit
http://roccic.weebly.com/dhl/signin.php,phish
http://172.92.221.254/paytm/wp-content/paytm/index.html,phish
https://paytms.info/kyc,phish
https://m.zomato.com/blog/iihawi,legit
http://190.102.62.105/netflix/signin.php,phish
http://www.myntra.com/search?q=avuwq,legit
http://slack.com/blog/liotyp,legit
https://help-microsoft.net/pay?ref=QDIlm96z,phish
https://slack.com/track?id=7BO3UCrvRW,legit
http://help.wikipedia.org/orders/38054794,legit
http://eportalonline.com,phish
http://instagram-auth-auth.live/verify,phish
https://google-secure-secure.support/account/update,phish
http://paytm-help-account.support/account/update,phish
https://docs.netflix.com/track?id=26GkTr1k6L,legit
http://urtkgr.web.app/netflix/login,phish
https://www.dropbox.com/orders/54736531,legit
https://41.117.6.228/flipkart/pay?ref=Y6wN6yz1,phish
https://209.17.74.33/google/login,phish
https://google.support.lagckc.info/0BVoWo0CVj,phish
https://is.gd/go6ZwO,phish
https://amazon.secure.szdvji.live,phish
https://google-secure-update.shop/s3ATo8EtDw,phish
https://www.hdfcbank.com,legit
http://cuplav.weebly.com/dropbox/pay?ref=lW8veCnY,phish
https://www.slack.com/settings/security,legit
http://sbi.help.nehfzv.info/kyc,phish
https://kyc-google.net/login,phish
https://138.46.221.131/paytm/pay?ref=ktfecYXx,phish
https://accounts.wikipedia.org,legit
http://microsoft-verify-billing.click/account/update,phish
http://icici-service-verify.net/login,phish
http://210.11.126.6/paypal,phish
http://dhls.online/secure/confirm,phish
https://paypa1.support/account/update,phish
https://linkedin-support-support.click/secure/confirm,phish
https://www.dhl.com,legit
http://dhl-verify.live/signin.php,phish
https://accounts.airbnb.com/orders/58281461,legit
https://is.gd/nRe0l6,phish
http://instagram.update.umdlyb.info/pay?ref=d4G9bhyq,phish
https://www.coursera.org/blog/zzpjmq,legit
http://m.slack.com/account,legit
https://vwvhimskl0rk.click/signin.php,phish
https://help.dhl.com/orders/05171757,legit
https://accounts.apple.com/blog/sdegum,legit
https://help.zomato.com/account,legit
http://flipkart-verify.net/wp-content/flipkart/index.html,phish
https://ola.com/blog/yjgppe,legit
https://billing-instagram.com/pay?ref=cepZFt8k,phish
http://www.kaggle.com/blog/fyzghe,legit
https://help.zomato.com/login?next=%2Fhome,legit
https://www.notion.so/settings/security,legit
https://bit.ly/guUOUf,phish
https://swiggy.com/,legit
http://www.hdfc.com@rtkaeaak.shop/LGRqcVSEgX,phish
https://m.wikipedia.org/settings/security,legit
https://docs.icicibank.com/track?id=0TNP7JVM59,legit
https://m.hdfcbank.com/search?q=uyunf,legit
https://m.python.org/track?id=D4tzqJCOT1,legit
https://m.coursera.org/orders/02018732,legit
https://wfse8r7.com/wp-content/instagram/index.html,phish
https://docs.github.com/track?id=xX9R2UNGeP,legit
https://help.apple.com/,legit
https://hdfc-update-kyc.xyz/secure/confirm,phish
http://m.sbi.co.in/en-in/help,legit
https://hdfc-verify.site,phish
http://amazon-in.top/vQA7L5WgcO,phish
https://accounts.zomato.com/track?id=pm94HFM7iQ,legit
https://uber.com/track?id=AgsF0uyiLC,legit
https://251.218.95.91/paytm/signin.php,phish
https://support-dhl.com/wp-content/dhl/index.html,phish
https://www.icicibank.com/login?next=%2Fhome,legit
https://flipkart-verify.com/pay?ref=ngdeYgrJ,phish
https://accounts.irctc.co.in/blog/lzytgs,legit
http://goportalhub.com/secure/confirm,phish
https://paytm-account-verify.live/ZNGo3eRZwa,phish
https://73.29.2.149/google/signin.php,phish
https://help.uber.com/search?q=esywh,legit
https://paytm-update-update.live/secure/confirm,phish
https://m.zoom.us/en-in/help,legit
http://getrewardscenter.com,phish
http://dropbox.account.aafmpt.top/verify,phish
http://help.kaggle.com/account,legit
https://www.github.com/,legit
https://docs.myntra.com/search?q=qjmwh,legit
https://248.24.245.165/microsoft/pay?ref=fC57rgJC,phish
https://m.airbnb.com/account,legit
https://dropbox-secure-verify.top/Al0foSS8Od,phish
https://www.irctc.co.in/search?q=zjccc,legit
https://www.amazon.in/track?id=sOOnxPtd27,legit
https://flipkart-verify.shop/tT15hKk00k,phish
https://swiggy.com/blog/uuuxbo,legit
https://apple.com/account,legit
http://losiov.firebaseapp.com/hdfc/login,phish
https://apple-online.click,phish
https://m.myntra.com/,legit
http://dhl.help.nbnuib.live/6rU7qSEQMm,phish
http://50.161.160.58/linkedin/account/update,phish
http://hymbsk.weebly.com/netflix/TGaNyrKkR6,phish
https://www.zomato.com/track?id=vrZZ69OH6C,legit
https://help.coursera.org/track?id=36iBJ1Ag1c,legit
http://help.netflix.com/settings/security,legit
https://docs.notion.so/search?q=ejzrg,legit
https://dhl.update.lmixcm.xyz/signin.php,phish
http://linkedia.info/verify,phish
https://instagrai.xyz/secure/confirm,phish
https://flipkart.com/track?id=i6f1x4mlpG,legit
http://icici-account-verify.shop/verify,phish
https://i6j2pd8fwu.com/verify,phish
https://docs.dropbox.com/en-in/help,legit
https://microsoft.com/search?q=xgddf,legit
https://microsoft-alert-help.support/verify,phish
https://help.paypal.com/settings/security,legit
https://www.flipkart.com/signin,legit
https://108.114.91.96/instagram/account/update,phish
https://instagram-secure-account.online/kyc,phish
http://support-netflix.net,phish
http://paytm.auth.jhaakv.live/secure/confirm,phish
http://www.linkedin.com@jifzgivf.click/pay?ref=GJgYUtX2,phish
http://sbi.billing.zkxfdx.shop/account/update,phish
http://billing-dropbox.co/verify,phish
https://m.linkedin.com/account,legit
https://neijai.weebly.com/apple,phish
https://is.gd/w2R3Nu,phish
https://www.notion.so/en-in/help,legit
http://inst4gram.live/signin.php,phish
http://m.kaggle.com/track?id=15rasZFAZd,legit
https://m.netflix.com/account,legit
https://109.244.151.113/icici/wp-content/icici/index.html,phish
https://ic6uuvtwxas.xyz/verify,phish
https://galgotiasuniversity.edu.in/search?q=jrdcd,legit
http://login-apple.co/wp-content/apple/index.html,phish
https://docs.instagram.com/account,legit
http://www.dhl.com,legit
https://187.221.45.113/netflix/kyc,phish
http://microsoft-alert-secure.top/login,phish
https://www.uber.com/account,legit
https://auth-apple.net/secure/confirm,phish
https://netflix.alert.tavljf.xyz/login,phish
http://wn7r532ppy.support/signin.php,phish
https://dhl-secure-account.info/verify,phish
https://2csxdm5sdoq.info/signin.php,phish
https://apple.com/search?q=lhkfc,legit
https://docs.paytm.com/blog/esfely,legit
http://amazon-login-service.ru/signin.php,phish
https://zomato.com/signin,legit
https://ola.com/,legit
http://paytm-secure-secure.net,phish
http://paytm.account.poenmt.online/wp-content/paytm/index.html,phish
http://www.flipkart.com/settings/security,legit
http://goparcelnow.com/verify,phish
https://www.google.com/login?next=%2Fhome,legit
https://www.amazon.com@ouvjcrly.online/N2Jx07Y8dr,phish
http://secure-linkedin.com/login,phish
https://amazon-verify.top/signin.php,phish
https://netflix.alert.kkqeok.top,phish
https://microsoft.account.mdwgpm.click/wp-content/microsoft/index.html,phish
https://help.coursera.org/blog/mkozbf,legit
https://accounts.medium.com/login?next=%2Fhome,legit
https://google-verify.live/secure/confirm,phish
http://yjoggf.weebly.com/icici/verify,phish
https://127.33.121.168/dropbox/signin.php,phish
http://p4ypal.com,phish
http://myparcelhub.com/wp-content/hdfc/index.html,phish
https://paytm-secure.ru,phish
https://accounts.dhl.com/orders/67985864,legit
https://docs.dhl.com/signin,legit
https://87.83.3.116/amazon/signin.php,phish
https://docs.coursera.org/orders/00109207,legit
http://apple-verify.co/pay?ref=MVe4FVVC,phish
http://mild4ec.info/kyc,phish
http://flipkart.alert.kblocu.click/5Cr233lquL,phish
http://amazon-help-login.ru/wp-content/amazon/index.html,phish
https://248.203.13.29/apple/wp-content/apple/index.html,phish
http://www.netflix.com@vwsptgtr.xyz,phish
http://alert-dropbox.co/VkSXoh2aD2,phish
https://250.248.136.85/hdfc/login,phish
https://oub4chkxa.co/wp-content/paypal/index.html,phish
https://dropbox-update-support.shop/account/update,phish
http://sbi-login-auth.tk/wp-content/sbi/index.html,phish
https://docs.booking.com/search?q=bjmno,legit
https://bbc.co.uk/settings/security,legit
https://apple.kyc.zdoyik.net,phish
https://instagram.help.mktcgc.info/kyc,phish
https://dhl-verify-alert.tk/verify,phish
http://4mazon.site/verify,phish
http://service-apple.co/verify,phish
http://amazon.help.hplyeh.site/login,phish
https://accounts.ola.com/login?next=%2Fhome,legit
https://accounts.hdfcbank.com/,legit
https://docs.hdfcbank.com/login?next=%2Fhome,legit
http://sbi-verify.ru/signin.php,phish
https://airbnb.com/settings/security,legit
https://www.myntra.com/account,legit
http://flipkart-account-kyc.top/pay?ref=YKQ7jRFJ,phish
http://dropbox.support.xinatj.live/pay?ref=fTPAeEc7,phish
https://apple.com/,legit
https://www.amazon.in/en-in/help,legit
https://ola.com/login?next=%2Fhome,legit
https://bit.ly/h0nBNP,phish
https://medium.com/account,legit
http://linkedin-service-update.info/login,phish
https://xckeo1d6cyc9.online/pay?ref=JH9VlEXa,phish
https://sbi-help-auth.tk/login,phish
https://m.python.org/signin,legit
http://google-verify.info/secure/confirm,phish
https://goog1e.top/login,phish
https://yirgoy.ngrok.io/sbi/AuRGY1LKAW,phish
https://m.wikipedia.org,legit
https://hdfc.secure.kkujwv.com/wp-content/hdfc/index.html,phish
https://reddit.com,legit
https://5uxyntb.live/HvYYdP9bne,phish
https://nptel.ac.in/settings/security,legit
https://irctc.co.in/blog/bcjxix,legit
https://m.medium.com,legit
http://www.instagram.com@ejwipqrj.site/verify,phish
https://netflix.secure.rxrflb.shop,phish
https://micr0soft.ru/secure/confirm,phish
https://m.nptel.ac.in/,legit
https://docs.netflix.com,legit
https://booking.com/,legit
https://51.33.141.32/amazon,phish
https://paytm-verify-billing.online/secure/confirm,phish
https://accounts.bbc.co.uk/settings/security,legit
https://netflix.com/settings/security,legit
http://google-account-verify.info/wp-content/google/index.html,phish
https://myparcelcenter.com,phish
http://flpkart.info/pay?ref=aqWWs5ds,phish
https://193.112.58.32/dropbox/ajathuvPHp,phish
https://51.209.81.252/amazon/wp-content/amazon/index.html,phish
https://help.notion.so/settings/security,legit
http://account-google.co,phish
https://flipkart.com/track?id=z0Qlu8xTJd,legit
https://p6bsbbtxxl.site/secure,phish
https://www.flipkart.com/orders/51417892,legit
https://eparcelcenter.com/secure/confirm,phish
http://fv8es5tu.support/wp-content/instagram/index.html,phish
https://m.dropbox.com/search?q=ksxlv,legit
https://docs.dropbox.com/account,legit
https://microsoft-verify.site/8a2rqtXvOn,phish
https://accounts.galgotiasuniversity.edu.in/en-in/help,legit
https://docs.nytimes.com/account,legit
https://dropbox.help.fcrchi.shop/kyc,phish
https://accounts.zoom.us/account,legit
http://hfmvfi.ngrok.io/amazon/wp-content/amazon/index.html,phish
https://hdfcx.info/verify,phish
https://lm7eidqigs.xyz/kyc,phish
https://netflix-verify.online/login,phish
http://hbnggm.ngrok.io/dhl/kyc,phish
https://paypal-verify.info/signin.php,phish
https://bit.ly/LmPmng,phish
https://www.spotify.com/search?q=rgpzg,legit
https://getparcelonline.com/kyc,phish
https://paytrn.top/wp-content/paytm/index.html,phish
https://netflix.verify.ochjyn.online/login,phish
http://galgotiasuniversity.edu.in/orders/21216176,legit
https://paytm-auth-verify.live/wp-content/paytm/index.html,phish
https://paypal.com/search?q=imwtu,legit
https://service-flipkart.co/verify,phish
https://www.instagram.com/search?q=jrppu,legit
https://docs.swiggy.com/,legit
http://netflix-update-help.online/verify,phish
http://125.87.141.126/apple/pay?ref=YjchCI1Z,phish
https://getrefundnow.com/account/update,phish
https://paytm-auth-account.site,phish
https://help.instagram.com/orders/86114163,legit
http://www.dropbox.com@wjxmhvcq.online/kyc,phish
http://paypal.auth.ygqkgd.click/secure/confirm,phish
https://docs.booking.com/signin,legit
http://icici-verify.click/verify,phish
http://microsoft.support.oufqjs.info/verify,phish
https://www.hdfcbank.com/login?next=%2Fhome,legit
https://kaggle.com/en-in/help,legit
http://dropbox-auth-update.live/wp-content/dropbox/index.html,phish
https://instagram-billing-account.net/secure/confirm,phish
https://accounts.stackoverflow.com/track?id=Z6KfDESbfK,legit
https://113.148.57.12/hdfc/login,phish
https://135.186.137.151/sbi/login,phish
https://www.dropbox.com/search?q=cwzoo,legit
https://k82gr77en.site/kyc,phish
http://vf5kuiclmy1.site/secure/confirm,phish
https://icici.billing.gprwsy.click/login,phish
https://m.coursera.org/login?next=%2Fhome,legit
http://godocshub.com/secure/confirm,phish
https://www.instagram.com@mmcbttlr.live/kyc,phish
http://mpmwyc.weebly.com/dhl/pay?ref=uoirWVyy,phish
https://flipkart.service.pfxcln.co/wp-content/flipkart/index.html,phish
https://slack.com/orders/28744770,legit
https://docs.airbnb.com/en-in/help,legit
http://164.95.108.8/microsoft/verify,phish
http://docs.amazon.in/en-in/help,legit
http://www.paypal.com@gjfvhdkg.top/signin.php,phish
https://hdfc-verify.live/wp-content/hdfc/index.html,phish
https://dropbox.secure.jdjktd.co/signin.php,phish
https://www.icici.com@ytvxxfmi.co/kyc,phish
https://yaanqh.weebly.com/dropbox/wp-content/dropbox/index.html,phish
https://instagram.billing.nqjxww.info/login,phish
http://sbix.xyz/secure/confirm,phish
https://help.booking.com/login?next=%2Fhome,legit
https://ih41w67zb9.shop/xO3zykzKEM,phish
https://accounts.dropbox.com/account,legit
https://help.ola.com,legit
https://yp65lpwf4r.info/verify,phish
https://m.apple.com/settings/security,legit
https://www.google.com,legit
https://docs.slack.com/account,legit
https://www.apple.com/,legit
https://update-instagram.com/pay?ref=7My7Dyd3,phish
http://update-dropbox.net,phish
https://icici-update-billing.shop/NY8u5bYKis,phish
https://apple-login-billing.com/kyc,phish
https://notion.so/en-in/help,legit
http://www.microsoft.com/,legit
https://hdfcbank.com/blog/nhzrgv,legit
http://erbuox.weebly.com/sbi/secure/confirm,phish
https://help.paypal.com/,legit
https://www.stackoverflow.com/search?q=ubyeu,legit
https://booking.com/login?next=%2Fhome,legit
https://m.irctc.co.in/orders/65085624,legit
https://82.32.225.191/apple/login,phish
http://paytm.com/account,legit
https://help.instagram.com/blog/erfjqp,legit
https://www.airbnb.com/en-in/help,legit
https://m.spotify.com/account,legit
http://hz5oqpwf9cs.tk/secure,phish
https://m.paytm.com/signin,legit
https://kaggle.com,legit
http://uuyxux.weebly.com/dropbox/secure/confirm,phish
https://tinyurl.com/SWYQiI,phish
http://help.apple.com/track?id=pPUrbKhCcX,legit
https://hdfcbank.com/,legit
https://m.nytimes.com/track?id=H5HtSQBfQb,legit
https://244.188.229.244/dhl/verify,phish
https://getrefundcenter.com/signin.php,phish
http://dropbox-secure-alert.net/pay?ref=LXkFNjqi,phish
https://paytm-verify.net/account/update,phish
https://update-icici.com/account/update,phish
http://sbi.billing.mlbtjh.info/secure/confirm,phish
https://242.185.39.54/paytm/signin.php,phish
http://billing-netflix.net/login,phish
https://accounts.uber.com/settings/security,legit
http://google.alert.layhrf.online/tD0wT89MQt,phish
https://paytm-login-update.click/kyc,phish
https://www.paytm.com@spegncdr.tk/pay?ref=Gb9xnGRU,phish
https://goparcelhub.com/signin.php,phish
https://www.galgotiasuniversity.edu.in/blog/hzjgmi,legit
http://amazon-verify-update.top/login,phish
http://login-google.co,phish
https://accounts.medium.com/track?id=qjY17j75Oq,legit
http://myparcelonline.com/pay?ref=e01pw1Hh,phish
https://help.uber.com/signin,legit
https://tinyurl.com/akRHse,phish
http://zma0xcctcg.info/secure/confirm,phish
https://verify-amazon.net/signin.php,phish
https://help.flipkart.com/account,legit
https://accounts.dhl.com/signin,legit
https://instagrao.ru/xD2549puIG,phish
http://248.100.173.61/paytm/wp-content/paytm/index.html,phish
https://www.spotify.com/settings/security,legit
http://alert-instagram.com/signin.php,phish
https://paytm.secure.fupvpl.click/verify,phish
https://google-account-secure.net/signin.php,phish
http://146.233.119.8/amazon/secure/confirm,phish
https://flipkart.update.gegydd.top/signin.php,phish
https://m.sbi.co.in/en-in/help,legit
https://www.wikipedia.org/en-in/help,legit
https://bit.ly/IoWeLN,phish
https://swiggy.com/settings/security,legit
https://login-linkedin.in/SjpBmqG8Sn,phish
https://godocsnow.com/pay?ref=KrzL15XE,phish
https://hdfc-update-login.click/aSd0YD0K5T,phish
https://53.13.113.26/amazon/pay?ref=Cirfc4k1,phish
https://accounts.booking.com/account,legit
https://docs.microsoft.com/track?id=eZU4tPdqn4,legit
https://irctc.co.in,legit
https://www.icicibank.com/track?id=oYs5mM4TFA,legit
https://accounts.netflix.com/orders/37863070,legit
http://google-auth-help.shop/wp-content/google/index.html,phish
http://instagram-secure-verify.online,phish
http://paytm-verify.tk/signin.php,phish
http://m.zomato.com/orders/37607606,legit
https://iiaigld4u.xyz/wp-content/linkedin/index.html,phish
http://hqg2e1gpi.co/login,phish
https://m.medium.com/orders/01313210,legit
https://github.com/account,legit
https://www.python.org,legit
https://instagram.alert.gwcmlw.co/secure/confirm,phish
https://www.google.com/orders/25346115,legit
http://119.82.33.223/flipkart/secure/confirm,phish
https://bbc.co.uk/signin,legit
https://www.notion.so,legit
https://docs.dhl.com/,legit
https://microsoft-update-login.online/signin.php,phish
https://56.169.222.152/microsoft/kyc,phish
https://auth-amazon.net/account/update,phish
https://m.flipkart.com/login?next=%2Fhome,legit
https://linkedin.com/login?next=%2Fhome,legit
https://getrewardshub.com/8NCQr4bhSu,phish
https://sbi.co.in/search?q=lzvou,legit
https://icici-update-auth.top/secure/confirm,phish
https://rkbpys.web.app/flipkart/verify,phish
https://www.wikipedia.org,legit
https://www.netflix.com/blog/dqkzav,legit
https://accounts.medium.com/blog/cfpzyl,legit
https://www.medium.com/account,legit
https://medium.com/signin,legit
https://accounts.booking.com,legit
https://www.microsoft.com,legit
http://159.191.105.105/sbi/verify,phish
https://m.sbi.co.in/track?id=VNg3WmeYop,legit
http://microsoft-account-help.ru/kyc,phish
https://sbi.co.in,legit
http://amzon.co/gBW9KUMtoK,phish
https://medium.com/search?q=dnxbc,legit
https://www.apple.com@ogjjromz.ru/SN2E5jRXCt,phish
http://auth-microsoft.co/signin.php,phish
https://microsoft-secure-secure.info/wp-content/microsoft/index.html,phish
https://b6i70na.tk/wp-content/flipkart/index.html,phish
https://docs.zomato.com/track?id=8fBucMIno5,legit
https://airbnb.com/blog/kbhicg,legit
http://icici-verify.shop/login,phish
https://help.hdfcbank.com/,legit
https://paypa1.click/NrmXKEOk4q,phish
http://www.netflix.com@pezyiryn.online/wp-content/netflix/index.html,phish
https://accounts.zomato.com/signin,legit
https://cutt.ly/eUJ4xS,phish
https://rb.gy/ySMAgV,phish
http://mydocsnow.com/GCou0ZIRA9,phish
https://accounts.microsoft.com/blog/kexzcp,legit
https://help.paytm.com/,legit
http://accounts.myntra.com,legit
https://m.uber.com/login?next=%2Fhome,legit
http://www.dhl.com@usltptlq.shop/signin.php,phish
https://zoom.us/blog/zqtrrd,legit
http://auth-paypal.in/pay?ref=Ph3rthfS,phish
https://docs.microsoft.com/track?id=6czTBniNvB,legit
https://www.linkedin.com/track?id=jEHhwYTCTw,legit
http://www.paytm.com@zelebpig.com/login,phish
https://paypal.com/orders/62644332,legit
https://netflix-verify.xyz,phish
https://89.1.4.99/dhl/wp-content/dhl/index.html,phish
https://help.bbc.co.uk/en-in/help,legit
http://paytm-online.ru/signin.php,phish
http://netflix-billing-billing.info,phish
https://godocsonline.com/pay?ref=fsyDt4gg,phish
http://flipkart-verify-alert.online/signin.php,phish
https://dhl-verify.net/pay?ref=DV9gsy3l,phish
http://bfptaf.weebly.com/dropbox/secure/confirm,phish
https://nnumwh.000webhostapp.com/icici,phish
https://accounts.microsoft.com/settings/security,legit
https://accounts.dropbox.com/track?id=Brou6TW8p1,legit
https://wraeve.weebly.com/amazon/wp-content/amazon/index.html,phish
http://microsoft-verify.tk/kyc,phish
http://paypal.secure.jeqehs.ru/pay?ref=c4dyrpRO,phish
https://apple.com/login?next=%2Fhome,legit
https://www.sbi.co.in,legit
https://cutt.ly/bXXyoI,phish
https://docs.uber.com,legit
http://docs.myntra.com/,legit
https://www.zomato.com/track?id=urYneOlKdp,legit
https://sbi-support-secure.xyz/account/update,phish
http://www.flipkart.com@sesxeyfc.info/ywJL7jIsXG,phish
https://google-account-kyc.click,phish
https://amazon.in/track?id=fK9iFvGY2r,legit
http://kyc-flipkart.co/pay?ref=YeV6sw8m,phish
https://mirosoft.xyz/kyc,phish
https://netflix.com/search?q=itkuk,legit
https://m.kaggle.com/,legit
https://hdfc-verify.com/signin.php,phish
https://cutt.ly/HQcFjo,phish
https://help.instagram.com,legit
https://netflix-verify.co/kyc,phish
http://netflix-billing-update.top/verify,phish
https://135.146.123.173/dhl/secure/confirm,phish
http://paytm-alert-verify.co/verify,phish
https://google-help-login.ru/signin.php,phish
http://google-secure-update.tk/secure/confirm,phish
https://hdfc-verify.info/secure/confirm,phish
https://cutt.ly/F5clMG,phish
https://tinyurl.com/YtDgxk,phish
https://docs.uber.com/en-in/help,legit
https://netflix-verify.shop/qq4gyJS5Br,phish
https://sbi-kyc-billing.shop/account/update,phish
https://docs.apple.com/search?q=lozse,legit
https://is.gd/oIaeRU,phish
https://accounts.google.com/track?id=TNnvG6HmKF,legit
https://is.gd/2rdy77,phish
https://www.spotify.com/blog/ewcrnn,legit
https://paypao.co/mPA1vsWIHm,phish
https://help.slack.com/settings/security,legit
http://amazon-verify-secure.click,phish
https://docs.flipkart.com/signin,legit
https://m.amazon.in/signin,legit
https://dhl-verify.support/signin.php,phish
https://hvmt62gmtc.top/pay?ref=hXk1Y7Cb,phish
https://www.spotify.com/login?next=%2Fhome,legit
https://yfzmjr.000webhostapp.com/google/account/update,phish
http://netflix.login.hmejqv.tk/secure/confirm,phish
https://paypal-login-update.shop,phish
https://www.booking.com/track?id=85MjG01fqS,legit
https://oiitpu.firebaseapp.com/instagram/signin.php,phish
https://www.dropbox.com,legit
https://www.nptel.ac.in/track?id=At9uGSUcPV,legit
https://docs.coursera.org/login?next=%2Fhome,legit
https://www.instagram.com@scsfestl.site/wp-content/instagram/index.html,phish
https://paypal-help-secure.tk/secure/confirm,phish
http://www.icici.com@fagnmodi.com/kyc,phish
https://docs.icicibank.com/blog/jqqqel,legit
http://google-verify.xyz/kyc,phish
http://google.secure.pfeopu.com/signin.php,phish
https://www.dhl.com/settings/security,legit
https://www.linkedin.com/en-in/help,legit
https://linkedin-update-support.online/F0r5722FNX,phish
https://www.paypal.com/account,legit
https://docs.paytm.com,legit
https://paytm-verify.ru/signin.php,phish
https://rb.gy/DgL6OI,phish
https://www.flipkart.com/blog/ulmsml,legit
http://flipkart-secure-support.online/wp-content/flipkart/index.html,phish
http://instagram.com/settings/security,legit
https://www.amazon.in/track?id=tteVw0Udxz,legit
https://myntra.com/,legit
https://cusd7uz3cy.site/account/update,phish
https://account-paypal.com/kyc,phish
https://accounts.icicibank.com/orders/73485413,legit
https://accounts.airbnb.com/signin,legit
http://www.apple.com@ruucavhk.support/signin.php,phish
http://dhl-billing-secure.info/verify,phish
https://rb.gy/2vFezS,phish
https://is.gd/VOpVwe,phish
http://dropbox-verify.shop/secure/confirm,phish
https://docs.flipkart.com/track?id=ikC4JdG4fa,legit
http://132.36.105.30/microsoft/kyc,phish
https://python.org/account,legit
https://tinyurl.com/GZBhCu,phish
https://is.gd/J5kSYT,phish
https://m.zomato.com,legit
https://accounts.netflix.com/signin,legit
http://188.244.93.195/sbi,phish
https://apple.secure.giyrdi.online/SaxlU66Tnp,phish
https://docs.dropbox.com/login?next=%2Fhome,legit
https://docs.python.org/signin,legit
https://accounts.instagram.com,legit
https://apple.com/track?id=cVXa9K1GyC,legit
https://www.google.com/signin,legit
https://myntra.com/orders/76034530,legit
https://help.apple.com/orders/56189134,legit
https://hdfc.billing.kigogd.net/pay?ref=AzzpmcS9,phish
http://icici-auth-help.top/signin.php,phish
https://m.instagram.com/signin,legit
https://google.com,legit
https://google.com/account,legit
https://accounts.dhl.com/login?next=%2Fhome,legit
http://update-dhl.com/login,phish
https://accounts.paypal.com/orders/09822162,legit
http://appli.xyz/kyc,phish
https://icici.service.hjocpm.click/VsTC3uck6z,phish
https://1ao98bx.click/account,phish
http://paypao.xyz/wp-content/paypal/index.html,phish
https://wnuwlg.000webhostapp.com/flipkart/kyc,phish
https://amazon.in/,legit
https://www.netflix.com@buoymxtl.online/login,phish
https://p4ypal.tk/kyc,phish
https://m.zoom.us/account,legit
https://www.dropbox.com@wikhpjqg.live/wp-content/dropbox/index.html,phish
https://sbi.co.in/,legit
https://fedfrfukao6.live/login,phish
https://4mazon.click/account/update,phish
http://105.249.60.187/hdfc/wp-content/hdfc/index.html,phish
https://amazon-alert-secure.ru/kyc,phish
https://188.92.179.139/icici/verify,phish
https://paytm-secure.ru/account/update,phish
http://50.51.96.16/icici/signin.php,phish
http://180.243.56.125/paytm/verify,phish
https://www.stackoverflow.com/,legit
https://amazon-in.top/pay?ref=I3E3YgZj,phish
https://www.icici.com@lcqkqfzx.live/verify,phish
http://dropbox-verify.info/signin.php,phish
https://docs.sbi.co.in/login?next=%2Fhome,legit
https://www.nptel.ac.in/search?q=dzmgv,legit
https://138.159.145.152/flipkart,phish
http://instagram.kyc.rlagrr.xyz/kyc,phish
https://is.gd/RPhL1G,phish
https://myntra.com/login?next=%2Fhome,legit
https://help.apple.com/account,legit
https://www.hdfcbank.com/track?id=En0sV2SFDD,legit
https://netflix.com/blog/laflzr,legit
https://hdfcbank.com/orders/70947262,legit
https://m.flipkart.com/track?id=jtPuamuD8P,legit
https://help.amazon.in/login?next=%2Fhome,legit
https://amazon.auth.czewvg.live/kyc,phish
http://www.paytm.com@cpdiznif.shop/signin.php,phish
https://dhl-auth-support.info/login,phish
https://mpehfg.weebly.com/google/account/update,phish
https://apple.com/search?q=sirvz,legit
https://trke0ye21caa.support/verify,phish
http://dhl-verify.info/kyc,phish
https://www.paytm.com/signin,legit
https://airbnb.com/en-in/help,legit
https://netflix-verify-auth.site/signin.php,phish
https://www.dropbox.com/account,legit
https://bit.ly/seGgKu,phish
http://3ryspb5f8qa.shop/pay?ref=UyGFkGD1,phish
http://apple-verify.tk/secure/confirm,phish
https://erewardsonline.com/login,phish
http://amzon.online,phish
https://netflix.com/search?q=rbtce,legit
http://sbi-account-auth.tk/verify,phish
https://34.120.228.127/instagram,phish
https://hdfcbank.com/account,legit
http://211.160.77.107/netflix/q5LhfNJkyk,phish
https://www.linkedin.com,legit
https://83.77.110.180/dropbox/wp-content/dropbox/index.html,phish
http://instagrai.net,phish
https://www.bbc.co.uk,legit
http://l1nkedin.top,phish
https://m.dhl.com/search?q=qbjss,legit
https://docs.sbi.co.in/settings/security,legit
https://m.zoom.us/orders/90246664,legit
https://irctc.co.in/signin,legit
https://help.linkedin.com/track?id=WBwYujjbum,legit
https://paytms.click/secure/confirm,phish
http://billing-paypal.net/signin.php,phish
https://accounts.coursera.org,legit
https://accounts.booking.com/settings/security,legit
https://hdfc-verify.co/kyc,phish
https://www.coursera.org/orders/10073590,legit
http://update-dhl.net/verify,phish
https://accounts.paypal.com/account,legit
https://dropbox-account-secure.tk/account/update,phish
https://paypal.com/blog/tazypt,legit
https://www.medium.com,legit
https://116.181.23.162/flipkart/account/update,phish
https://tinyurl.com/hbAVmJ,phish
http://hdfc-verify.click/secure/confirm,phish
https://www.sbi.co.in/login?next=%2Fhome,legit
https://www.nptel.ac.in/track?id=7aZEjoZjs2,legit
https://ozjzlz.ngrok.io/paytm/verify,phish
https://billing-sbi.net/kyc,phish
https://rb.gy/uPyl9m,phish
https://www.uber.com/track?id=1yk3fVXT8b,legit
https://nptel.ac.in/,legit
https://docs.uber.com/track?id=hptJXBvCLA,legit
https://getrewardscenter.com/elh0202pAj,phish
https://goportalnow.com/verify,phish
https://help.irctc.co.in/,legit
https://www.nptel.ac.in/en-in/help,legit
https://python.org/en-in/help,legit
https://l1nkedin.net/login,phish
https://www.microsoft.com@diedbmlh.info/verify,phish
https://www.amazon.com@qiompkbw.top/wp-content/amazon/index.html,phish
https://www.paypal.com/track?id=aKXYKAwAD2,legit
https://hdfcbank.com/orders/77997931,legit
https://docs.linkedin.com,legit
http://microsoft-secure-secure.tk/signin.php,phish
https://microsoft.secure.ojhivu.tk,phish
https://accounts.dropbox.com/signin,legit
https://booking.com/orders/53959569,legit
http://applu.click,phish
http://flipkart-help-billing.live/wp-content/flipkart/index.html,phish
https://j8vcl4rqd0c.net/kyc,phish
https://www.python.org/search?q=obdue,legit
https://50xpvt5r68t3.live/support,phish
https://accounts.linkedin.com/search?q=rljix,legit
https://sbi.co.in/orders/20500094,legit
http://www.microsoft.com/blog/iazvzi,legit
http://hdfc-verify.live/verify,phish
http://paytrn.top/wp-content/paytm/index.html,phish
https://www.sbi.com@lloyfhfk.tk,phish
https://hdfcbank.com/en-in/help,legit
https://help.hdfcbank.com/search?q=atepo,legit
https://m.paypal.com/login?next=%2Fhome,legit
http://213.66.209.125/icici/c7iaKQiztq,phish
http://2d6yh4il.site/login,phish
https://linkediu.xyz,phish
https://www.reddit.com/en-in/help,legit
https://bit.ly/alE2cm,phish
https://docs.spotify.com/search?q=kvroa,legit
http://dmaspx.weebly.com/sbi/wp-content/sbi/index.html,phish
http://254.72.192.213/dhl/pay?ref=oRt6pqJm,phish
http://k3gmo3qvckh.ru/kyc,phish
https://docs.myntra.com/en-in/help,legit
https://apples.info/account/update,phish
https://goparcelnow.com/secure/confirm,phish
https://cutt.ly/5xZMSk,phish
https://www.google.com/,legit
http://dhl-auth-update.click/kyc,phish
http://godocsnow.com/wp-content/microsoft/index.html,phish
https://help.galgotiasuniversity.edu.in/account,legit
https://icici.kyc.zdgzzu.net/wp-content/icici/index.html,phish
https://help.icicibank.com/track?id=iHGm8YrKQi,legit
https://update-linkedin.co/kyc,phish
http://app1e.shop/pay?ref=fpOoWDbG,phish
https://docs.dhl.com/search?q=ytgec,legit
https://help.coursera.org/blog/pbmddi,legit
http://microsoft.billing.xyxflk.click/signin.php,phish
https://www.netflix.com@dplehbgx.shop/signin.php,phish
https://getrefundnow.com/verify,phish
http://sbi-service-secure.top/kyc,phish
https://rb.gy/02vR9W,phish
https://m.paypal.com/account,legit
https://is.gd/db4E88,phish
https://sb1.ru/account/update,phish
https://help.nytimes.com/settings/security,legit
https://cutt.ly/DvWNrw,phish
http://godocscenter.com/verify,phish
https://accounts.icicibank.com/,legit
https://tinyurl.com/lZSeZD,phish
https://m.amazon.in/settings/security,legit
http://icici-billing-support.tk/kyc,phish
https://accounts.uber.com/signin,legit
https://galgotiasuniversity.edu.in/orders/59547420,legit
https://accounts.microsoft.com/orders/92419716,legit
https://www.dropbox.com@sjzvspoe.shop/login,phish
https://slack.com/search?q=rdmbx,legit
https://225.111.215.153/google/verify,phish
http://sbi-service-account.click/verify,phish
http://1inkedin.top/login,phish
https://m.netflix.com/en-in/help,legit
https://python.org/blog/pylxgw,legit
https://accounts.paytm.com/settings/security,legit
https://www.netflix.com/blog/ffisnh,legit
https://cutt.ly/lZBrXM,phish
https://dropbox.help.yyffhd.tk/account/update,phish
https://m.bbc.co.uk/orders/63389122,legit
https://swiggy.com/account,legit
http://billing-amazon.com/pay?ref=zdfGdkgg,phish
https://hdfcs.online/login,phish
http://eparcelnow.com/wp-content/sbi/index.html,phish
https://microsoft-alert-update.tk/wp-content/microsoft/index.html,phish
https://getportalcenter.com/signin.php,phish
https://irctc.co.in/search?q=dzcga,legit
https://python.org,legit
http://m.uber.com/account,legit
https://help-sbi.in/kyc,phish
https://amazon.support.mnvmgx.co/account/update,phish
https://www.paytm.com/settings/security,legit
https://help.icicibank.com/,legit
http://microsoft-auth-verify.shop/login,phish
https://www.apple.com/account,legit
https://docs.ola.com/blog/jrihyl,legit
https://m.airbnb.com/en-in/help,legit
https://edocsonline.com/login,phish
https://www.kaggle.com/,legit
https://accounts.slack.com/,legit
https://flipk4rt.tk/6qwDztXLkP,phish
https://www.dhl.com@qrfpnqrd.support/zuroHGum2G,phish
https://docs.amazon.in/search?q=xoxls,legit
https://docs.wikipedia.org/track?id=51LmQnfHAS,legit
https://amazon.help.etvffs.co/account/update,phish
http://paytm.com/search?q=fpzet,legit
http://netflix.account.opcdin.ru/login,phish
https://accounts.linkedin.com/track?id=ueBIQDFcbe,legit
https://instagram.secure.wmywvu.net/pay?ref=yXpuxKN9,phish
https://help.linkedin.com/settings/security,legit
https://4hjyn42l.click/rUQFlGLzoa,phish
https://www.coursera.org/orders/34319465,legit
http://nytimes.com/,legit
https://amazon-verify.com/X6crIzKm8w,phish
https://dhl.com/login?next=%2Fhome,legit
https://p4ytm.click/account/update,phish
https://accounts.microsoft.com/,legit
https://accounts.reddit.com/account,legit
https://rb.gy/98GoYp,phish
https://www.swiggy.com,legit
https://notion.so,legit
https://sbi-verify.tk/account/update,phish
https://instagram-verify.ru/account/update,phish
https://5awqfotwoct.co/kyc,phish
http://docs.dropbox.com/account,legit
http://accounts.galgotiasuniversity.edu.in,legit
http://www.amazon.com@sasbosgs.com/Pq3VYRkxAp,phish
http://amazon-verify.tk/bAwccfv0OM,phish
https://google-account-secure.shop/wp-content/google/index.html,phish
https://paypal.auth.qoyhlj.xyz/login,phish
https://google.com/search?q=sqbtn,legit
https://dhl.com/account,legit
https://eparcelcenter.com/31QVMk374w,phish
https://dropbox.service.cmhcbh.com/secure/confirm,phish
https://bit.ly/wEYf08,phish
https://google.secure.iqmehg.site/wp-content/google/index.html,phish
https://docs.myntra.com/settings/security,legit
https://paypal.com/settings/security,legit
http://update-linkedin.net/GNOF3xsGrf,phish
https://paypal-verify-verify.click/secure/confirm,phish
http://goog1e.online/login,phish
https://docs.bbc.co.uk/login?next=%2Fhome,legit
http://icicis.co,phish
https://accounts.netflix.com/search?q=ofdhn,legit
http://paypal-auth-verify.top,phish
https://www.netflix.com/blog/azxirq,legit
https://docs.ola.com/search?q=knzjj,legit
https://najdnnevt.info/login,phish
https://www.stackoverflow.com/en-in/help,legit
https://edocsnow.com/login,phish
http://flipkart-secure.online/verify,phish
http://hdfc-verify.click/kyc,phish
http://amazon-in.xyz/kyc,phish
https://docs.icicibank.com/orders/40550375,legit
https://help.airbnb.com/blog/pecwcs,legit
https://docs.bbc.co.uk/en-in/help,legit
https://nytimes.com/settings/security,legit
http://paytms.click/login,phish
http://112.240.179.215/paytm/secure/confirm,phish
https://apple-service-help.ru/account/update,phish
https://cutt.ly/l4jwC3,phish
https://icicibank.com/search?q=slbbj,legit
http://google.help.bmmksl.ru/signin.php,phish
https://m.galgotiasuniversity.edu.in,legit
http://7.197.216.215/flipkart/secure/confirm,phish
https://update-sbi.in/signin.php,phish
https://m.hdfcbank.com,legit
https://www.icici.com@qnrtvsbh.tk/signin.php,phish
https://accounts.nptel.ac.in/search?q=kbvmx,legit
http://instagram-support-update.top/pay?ref=VdDLUFFt,phish
https://docs.dropbox.com/blog/erzdqa,legit
https://www.zoom.us/search?q=egalm,legit
https://www.medium.com/track?id=zer666eVC8,legit
https://nptel.ac.in/search?q=vjzeb,legit
https://qkgonr.weebly.com/flipkart/wp-content/flipkart/index.html,phish
https://bit.ly/dtiGQH,phish
https://spotify.com/settings/security,legit
https://apple-help-alert.top/kyc,phish
https://paypal.com/login?next=%2Fhome,legit
https://is.gd/4k8XA2,phish
https://alert-hdfc.in/secure/confirm,phish
https://m.microsoft.com/settings/security,legit
https://is.gd/QjsX5o,phish
http://google-in.shop/secure/confirm,phish
http://169.91.161.142/dropbox/pay?ref=eg1nl0C1,phish
https://spotify.com/login?next=%2Fhome,legit
http://pb9qq3atxij.shop/verify,phish
https://applo.com/wp-content/apple/index.html,phish
https://getdocshub.com/kyc,phish
https://www.myntra.com,legit
https://help.microsoft.com,legit
http://paypal-kyc-billing.info/secure/confirm,phish
https://github.com,legit
http://zomato.com/track?id=WKj0rdfhyl,legit
https://m.instagram.com/,legit
https://paytm-verify.support/account/update,phish
https://cutt.ly/obfcqo,phish
http://apple.auth.rcdawi.xyz,phish
https://docs.notion.so/signin,legit
https://icicis.info/verify,phish
http://netflix-update-verify.live/pay?ref=lYgLg5sn,phish
https://xmzcm8s04x2.live/verify,phish
https://sbi-login-help.online/verify,phish
http://microsoft-help-support.tk/pay?ref=ptTBE96t,phish
http://help-netflix.in/signin.php,phish
http://dropbox-secure-update.support/pay?ref=49Q2Mh5t,phish
http://39.30.193.67/paypal/account/update,phish
https://201.91.67.45/google/xzh9kJC4sL,phish
https://paytm-alert-auth.online/YNdgdmOsNd,phish
https://hdfc-verify-verify.ru/wp-content/hdfc/index.html,phish
https://paypal.com/track?id=mONr5NVD7c,legit
https://www.icicibank.com/signin,legit
https://142.143.98.242/google/pay?ref=QLsEMK87,phish
https://hyhwpc7m.net/secure/confirm,phish
https://docs.paypal.com/track?id=J9gBL4rvpZ,legit
https://eparcelonline.com,phish
https://help.google.com,legit
http://dhl-verify.support/pay?ref=JkrYocux,phish
http://flipkart-service-service.net/account/update,phish
http://update-dropbox.com/login,phish
http://k0vj1zv.ru/support,phish
https://help.airbnb.com/search?q=ibriv,legit
https://reddit.com/signin,legit
https://secure-netflix.com/login,phish
https://www.slack.com/en-in/help,legit
http://mpdixt.web.app/paytm,phish
https://m.myntra.com/login?next=%2Fhome,legit
https://www.booking.com/account,legit
http://verify-paytm.com/wp-content/paytm/index.html,phish
https://www.bbc.co.uk/blog/snczfa,legit
https://help.instagram.com/settings/security,legit
http://google-help-alert.click/verify,phish
https://234.50.118.165/dropbox/wp-content/dropbox/index.html,phish
https://support-apple.com/llTwx2ug2L,phish
http://www.netflix.com@tglypfzl.support/verify,phish
https://vlyogr.weebly.com/netflix/signin.php,phish
https://m.nytimes.com/account,legit
https://help.sbi.co.in/blog/irpwzp,legit
https://www.paypal.com/en-in/help,legit
http://izeopo.ngrok.io/google/pay?ref=Gia0XL7d,phish
https://m.kaggle.com/track?id=LL11srtlP8,legit
https://help.dhl.com/settings/security,legit
https://accounts.galgotiasuniversity.edu.in/account,legit
https://www.instagram.com/login?next=%2Fhome,legit
https://slack.com/track?id=gP5YIxspYF,legit
https://help.galgotiasuniversity.edu.in/settings/security,legit
https://flipkart.com,legit
https://f1ipkart.live/wp-content/flipkart/index.html,phish
https://m.irctc.co.in/login?next=%2Fhome,legit
http://73u5353ttyka.com/login,phish
https://google.com/login?next=%2Fhome,legit
http://help-sbi.co/account/update,phish
https://dropbox-billing-secure.net/account/update,phish
http://www.paypal.com@hvcxtwhz.com/pay?ref=xzpGJw8y,phish
https://1cici.com/secure/confirm,phish
https://www.kaggle.com/orders/35283388,legit
https://docs.reddit.com/blog/bmptov,legit
https://docs.wikipedia.org/orders/80540712,legit
https://rb.gy/UPe9pf,phish
https://m.coursera.org/settings/security,legit
https://www.apple.com/signin,legit
https://cutt.ly/2MM7ki,phish
http://account-hdfc.co/kyc,phish
https://help.uber.com/,legit
http://dhl-help-login.co/verify,phish
https://docs.amazon.in,legit
https://www.ola.com/,legit
https://notion.so/track?id=n8C0vMVqTw,legit
https://www.paytm.com/blog/cpnfms,legit
https://dropbox-help-login.net/signin.php,phish
https://www.instagram.com/account,legit
http://sbi.support.cmdgdm.xyz/wp-content/sbi/index.html,phish
https://m.ola.com,legit
https://flipkart.com/search?q=vpzob,legit
https://help.paypal.com/track?id=6kx3qFQdCI,legit
https://netflix.com/login?next=%2Fhome,legit
https://amazon.in/blog/eigqho,legit
https://alfcps.firebaseapp.com/apple/account/update,phish
https://linkedin.update.apfrsv.net/verify,phish
http://myrefundcenter.com/secure/confirm,phish
https://help.myntra.com/search?q=jdrzl,legit
https://docs.github.com/en-in/help,legit
https://167.230.94.73/instagram/account/update,phish
https://www.google.com/en-in/help,legit
https://2tx35ehon6.tk/verify,phish
https://www.microsoft.com/settings/security,legit
https://www.spotify.com/blog/pqbkky,legit
https://www.microsoft.com@ahckapqb.top/kyc,phish
https://docs.paytm.com/orders/31112027,legit
https://kewxzk.000webhostapp.com/apple/kyc,phish
https://hdfcbank.com,legit
https://icicibank.com/blog/dexmqp,legit
http://auth-instagram.net/verify,phish
https://linkedin-online.com/signin.php,phish
https://www.microsoft.com@wouolunj.site/pay?ref=qbN1BYhA,phish
https://help.hdfcbank.com/search?q=vyyuj,legit
https://microsoft.login.zfehet.click/login,phish
http://help.swiggy.com/,legit
https://www.hdfcbank.com/search?q=qwiyi,legit
http://apple-alert-update.com/pay?ref=xb9QGcqw,phish
https://help.netflix.com/signin,legit
https://icici-verify.net/login,phish
http://google-secure.net,phish
http://linkedin-verify.shop/GpQONdASFT,phish
http://linkedin-billing-update.live/verify,phish
https://help.sbi.co.in/track?id=aEcgNtnaxO,legit
https://169.252.155.187/paytm/verify,phish
https://is.gd/njfK8I,phish
https://www.galgotiasuniversity.edu.in/settings/security,legit
https://docs.dhl.com/en-in/help,legit
http://getrefundnow.com,phish
https://www.irctc.co.in/en-in/help,legit
http://0fiy7gh8lt.support/verify,phish
https://rb.gy/lu15Xe,phish
http://dropbox-verify.xyz/login,phish
http://sbi-auth-auth.click/ibCVkxfaqn,phish
https://apple-verify.live/verify,phish
https://support-netflix.net/verify,phish
https://www.booking.com/login?next=%2Fhome,legit
https://m.zoom.us/signin,legit
https://help.airbnb.com/signin,legit
https://googla.click/signin.php,phish
https://docs.dropbox.com/blog/ucurhh,legit
https://help.dhl.com/en-in/help,legit
https://help.slack.com/search?q=fnhoj,legit
https://tinyurl.com/ULTFiE,phish
https://www.paypal.com/blog/iqslmi,legit
https://m.sbi.co.in/settings/security,legit
http://107.136.159.239/dropbox/pay?ref=qstsh4dt,phish
https://shgddh.weebly.com/icici/pay?ref=K6iVwyhk,phish
http://paytm-billing-service.site/tRAyvJKelm,phish
https://iivyqm.weebly.com/amazon/account/update,phish
https://zl3ev89j0hf7.tk/secure/confirm,phish
https://is.gd/IpX8Gr,phish
http://rnicrosoft.support/login,phish
https://www.sbi.co.in/signin,legit
https://rb.gy/XPpZXB,phish
https://accounts.dropbox.com/login?next=%2Fhome,legit
https://alert-apple.net/signin.php,phish
https://m.linkedin.com/signin,legit
http://micr0soft.online/wp-content/microsoft/index.html,phish
http://qldzub.000webhostapp.com/dropbox/wp-content/dropbox/index.html,phish
https://dropbox.com/,legit
https://myntra.com/orders/09917922,legit
https://www.slack.com/track?id=fsKCZTCUqg,legit
https://zoom.us/,legit
https://www.microsoft.com@dspqajzr.site/pay?ref=ihhZrVvW,phish
https://www.google.com@nttctpzz.net/kyc,phish
http://paytm-verify.top/verify,phish
https://mtpyq9obj.net/account/update,phish
https://1cici.live/account/update,phish
http://www.dropbox.com/search?q=hrgxu,legit
https://paypal-account-service.site/login,phish
https://m.ola.com/blog/rypwjf,legit
https://www.amazon.com@jwqvodyc.ru/DxyjXj5vBE,phish
https://ovlzfr.ngrok.io/instagram/pay?ref=2c9cAwoR,phish
http://amazon-service-support.support/account/update,phish
https://cutt.ly/kexxdZ,phish
https://www.spotify.com/account,legit
https://hdfcx.shop/signin.php,phish
http://dhl-service-login.net/kyc,phish
http://www.apple.com@wvfsqwxu.live/tsoVqiJHg5,phish
https://github.com/,legit
https://login-icici.co/secure/confirm,phish
https://m.dhl.com/blog/zvzkqd,legit
http://sbi-account-update.shop,phish
https://m.paytm.com/account,legit
https://docs.flipkart.com/blog/digkym,legit
https://m.paytm.com/settings/security,legit
http://accounts.microsoft.com/account,legit
https://www.github.com,legit
https://hdfc-verify.info,phish
https://edocscenter.com/wp-content/paypal/index.html,phish
https://accounts.flipkart.com/orders/20564598,legit
https://help.amazon.in/signin,legit
http://dhl-kyc-support.click/account/update,phish
https://sbi.secure.tunyzr.co/wp-content/sbi/index.html,phish
http://dhl-verify.co,phish
https://151.116.106.193/dhl/secure/confirm,phish
https://myntra.com/blog/jplnpu,legit
http://88.170.199.153/instagram/signin.php,phish
https://m.flipkart.com/signin,legit
https://instagram-auth-service.site/signin.php,phish
http://netflix.support.ijmmrg.shop/pay?ref=VOt7yj4P,phish
https://getportalonline.com/wp-content/icici/index.html,phish
https://docs.linkedin.com/account,legit
https://instagram.com/blog/texhhc,legit
https://www.python.org/signin,legit
https://www.dhl.com/search?q=mjhdu,legit
https://igqmyk.weebly.com/amazon/pay?ref=m34zzxra,phish
https://sbi-login-service.online/login,phish
https://paytm.com/settings/security,legit
https://www.icicibank.com/search?q=lormf,legit
http://m1crosoft.online/login,phish
http://79.103.57.197/apple/kyc,phish
https://www.amazon.in/orders/34826551,legit
https://cutt.ly/WNO1qy,phish
https://www.bbc.co.uk/,legit
https://www.icicibank.com,legit
http://goportalnow.com/signin.php,phish
http://goparcelcenter.com/login,phish
https://rb.gy/hATUCB,phish
https://247.65.122.205/google/iogBv8I8Ar,phish
https://paypal.com/en-in/help,legit
https://hdfc-verify.support/account/update,phish
https://www.wikipedia.org/search?q=ubhrt,legit
https://docs.dropbox.com/blog/wczwlv,legit
http://223.127.19.64/instagram/pay?ref=5KJjNsiK,phish
https://apple-update-verify.co/kyc,phish
https://www.dhl.com/blog/sotzrc,legit
https://help.apple.com/login?next=%2Fhome,legit
http://apple-support-account.com/wp-content/apple/index.html,phish
https://tinyurl.com/aiI0jw,phish
http://www.apple.com@zekfpbnu.co/verify,phish
https://dropbox.account.oiadwj.support/secure/confirm,phish
http://gorefundnow.com/login,phish
https://dhl-update-login.shop/pay?ref=aNQu2ukN,phish
https://google.com/settings/security,legit
https://www.google.com/track?id=hYFuWAecKw,legit
https://ky0jwbp8jaa.site/login,phish
https://galgotiasuniversity.edu.in/settings/security,legit
http://micr0soft.shop/mbNxvQNUFC,phish
https://dropbox.com/login?next=%2Fhome,legit
https://docs.google.com/login?next=%2Fhome,legit
http://icici-online.tk/kyc,phish
https://linkedin.com/track?id=u15JkNO1ZL,legit
http://accounts.dhl.com/,legit
https://www.amazon.in/blog/fuufbf,legit
https://account-netflix.com/login,phish
https://help.flipkart.com/track?id=BBuKXmxk7p,legit
https://accounts.github.com,legit
https://docs.stackoverflow.com/orders/99388684,legit
https://m.amazon.in/,legit
http://icicis.site/pay?ref=pf8rg1dG,phish
https://accounts.spotify.com/account,legit
http://4mazon.online/signin.php,phish
https://docs.myntra.com/search?q=dewpx,legit
https://docs.paypal.com/login?next=%2Fhome,legit
http://eparcelonline.com/signin.php,phish
https://www.linkedin.com/,legit
https://bit.ly/nrVMJv,phish
https://flipkart.com/track?id=ZkxNgsSqEp,legit
https://docs.google.com/blog/qnptuz,legit
https://ukhilgwl.xyz/wp-content/paypal/index.html,phish
https://79.13.143.162/dropbox/account/update,phish
http://m.reddit.com/orders/31901076,legit
https://google-billing-alert.co/signin.php,phish
http://198.152.149.141/apple/wp-content/apple/index.html,phish
https://flipkart.com/track?id=yrS12NF4DB,legit
https://apple-secure-account.support/nWRXAY6fBj,phish
https://help.swiggy.com/orders/92327244,legit
https://m.irctc.co.in/blog/thcogg,legit
https://wikipedia.org/account,legit
https://applo.info/signin.php,phish
https://accounts.google.com/login?next=%2Fhome,legit
https://cutt.ly/vSeC5t,phish
https://www.amazon.in/blog/zooxsj,legit
https://docs.icicibank.com/en-in/help,legit
https://netf1ix.xyz/kyc,phish
https://www.linkedin.com@tmltcpnc.shop/login,phish
https://hdfcbank.com/track?id=Q4GtTPnG6r,legit
http://netflix-account-service.tk,phish
http://help-instagram.in/login,phish
https://www.slack.com,legit
https://icici-login-auth.com/pay?ref=2BgT7WO8,phish
http://myportalonline.com/login,phish
http://goportalnow.com/kyc,phish
https://slack.com/,legit
http://dhl.alert.qfuxlu.online/verify,phish
https://docs.amazon.in/blog/rhuhuz,legit
http://linkedin-verify.net/pay?ref=26Kfh08K,phish
https://help.microsoft.com/orders/79227019,legit
https://wikipedia.org,legit
https://dropbox-verify.site/verify,phish
http://help-icici.in/kyc,phish
https://icici-update-help.support/kyc,phish
http://dropbox.login.enprec.co/verify,phish
https://flipkart.login.mpxstc.tk/JmNzpXP0Vq,phish
http://notion.so,legit
https://www.flipkart.com/track?id=6o5rH9nkot,legit
https://sbi.update.lpltys.click/kyc,phish
https://lqwppm.web.app/hdfc/pay?ref=d4v3aA7P,phish
https://accounts.instagram.com/settings/security,legit
http://edocsonline.com/verify,phish
https://rb.gy/KD4STq,phish
https://rb.gy/wDmdxL,phish
https://docs.nptel.ac.in/orders/67044471,legit
https://microsoft.support.fzzros.tk/signin.php,phish
https://u9r5hnz70q.support/service,phish
https://qx4elz53k7a2.support/kyc,phish
https://179.45.218.63/paytm/signin.php,phish
https://sbi-login-alert.shop/verify,phish
https://docs.google.com/en-in/help,legit
https://accounts.irctc.co.in/settings/security,legit
https://dhl.login.swhxnx.live/kyc,phish
https://docs.microsoft.com/orders/69246584,legit
http://getparcelhub.com/account/update,phish
https://m.bbc.co.uk,legit
https://service-hdfc.in/kyc,phish
https://1gb9k77pq1.online/secure/confirm,phish
https://rb.gy/qUTLkj,phish
https://help.dhl.com/account,legit
https://tinyurl.com/xBumiS,phish
https://www.python.org/search?q=nehjj,legit
https://m.nptel.ac.in,legit
http://eaxjqo.weebly.com/amazon/account/update,phish
https://accounts.amazon.in/signin,legit
https://www.dhl.com/,legit
https://help.wikipedia.org/signin,legit
https://myrefundhub.com/account/update,phish
https://49zj78s46hv7.shop/wp-content/netflix/index.html,phish
https://m.icicibank.com/search?q=bdvdx,legit
http://mydocscenter.com/pay?ref=jMrTZYY8,phish
https://m.dropbox.com/account,legit
https://support-amazon.in/EZKeOJIjBB,phish
https://accounts.linkedin.com/account,legit
https://m.booking.com/settings/security,legit
https://www.sbi.com@edrctyrs.ru/account/update,phish
https://accounts.nytimes.com/track?id=HNQHKLlSrl,legit
https://paypal-verify.shop/wp-content/paypal/index.html,phish
https://microsoft.verify.jzbnxc.xyz/pay?ref=ssMe38kR,phish
http://gorewardscenter.com/pay?ref=r0LIaLjt,phish
https://help.medium.com/blog/ehxndh,legit
http://1inkedin.site/signin.php,phish
http://hdfcbank.com/search?q=xxrzy,legit
https://help.booking.com/settings/security,legit
https://help.microsoft.com/login?next=%2Fhome,legit
https://m.github.com/account,legit
http://apple-service-update.co/login,phish
https://accounts.bbc.co.uk/track?id=8BQqcen3Fr,legit
https://help.hdfcbank.com/blog/fscjgs,legit
https://214.117.2.146/hdfc/secure/confirm,phish
https://156.200.160.31/google/wp-content/google/index.html,phish
https://www.hdfcbank.com/en-in/help,legit
https://www.kaggle.com/settings/security,legit
http://www.apple.com@cucdkaeh.co/wp-content/apple/index.html,phish
https://www.flipkart.com/account,legit
https://kaggle.com/search?q=ynfxi,legit
https://accounts.nptel.ac.in/,legit
https://accounts.reddit.com/orders/04486010,legit
http://p4ypal.shop/kyc,phish
https://accounts.stackoverflow.com/blog/uodijq,legit
https://www.google.com@jqvhfdlu.online/wp-content/google/index.html,phish
http://docs.netflix.com/track?id=4LbbxzDte2,legit
https://accounts.amazon.in,legit
https://m.medium.com/search?q=mlqss,legit
http://dhl-support-kyc.support/login,phish
http://apple-kyc-verify.click/signin.php,phish
https://www.hdfcbank.com/,legit
https://is.gd/jzTPL3,phish
https://flipkart-help-service.online,phish
http://amazon.kyc.xvcuny.top/pay?ref=rhVd6Dwi,phish
https://linkedin.com,legit
http://netflix.verify.egsqfp.net/account/update,phish
https://www.spotify.com/,legit
https://goog1e.top/secure/confirm,phish
https://help.sbi.co.in/login?next=%2Fhome,legit
https://help.netflix.com/settings/security,legit
https://accounts.sbi.co.in/en-in/help,legit
https://accounts.icicibank.com/track?id=bow8SKdeJe,legit
https://secure-instagram.net/kyc,phish
https://help.google.com/account,legit
https://icicibank.com/track?id=rPi7nEXdrV,legit
http://netflixs.info,phish
https://www.spotify.com/search?q=ruewf,legit
http://flipkart-help-update.co/ZLCkkwRDlp,phish
https://accounts.bbc.co.uk/blog/elbbqx,legit
https://m.swiggy.com/settings/security,legit
https://accounts.dropbox.com/settings/security,legit
https://help.sbi.co.in/settings/security,legit
http://www.paytm.com@lbryibon.site/wp-content/paytm/index.html,phish
http://likedin.info/account/update,phish
https://m.amazon.in/search?q=maqvl,legit
https://www.instagram.com,legit
https://gorewardscenter.com/6zJogJLFhj,phish
https://m.spotify.com/login?next=%2Fhome,legit
https://icicibank.com,legit
https://m.airbnb.com/blog/oityyr,legit
https://dropbox.com/search?q=bpvxq,legit
https://m.paypal.com/orders/82948170,legit
https://www.hdfcbank.com/blog/dsrwww,legit
http://instagram-secure-verify.com/login,phish
https://booking.com/signin,legit
https://apple.kyc.jevazf.click/account/update,phish
https://bbc.co.uk/track?id=HLb8KJnQUd,legit
https://sbis.top/signin.php,phish
http://3btvr9l.support/help,phish
http://www.hdfc.com@iuhgggme.live/kyc,phish
https://www.instagram.com/,legit
https://www.paypal.com@sjskngyp.top/kyc,phish
https://paytm.com/orders/94975271,legit
https://m.irctc.co.in/orders/19739964,legit
https://help.hdfcbank.com/en-in/help,legit
https://20.205.5.101/apple/wp-content/apple/index.html,phish
https://m.sbi.co.in/account,legit
https://sb1.com/xYmu7eVpuR,phish
https://google.com/blog/bwiuha,legit
https://netflix-auth-update.net/login,phish
https://apple.verify.hjcpiz.net/v0K7PvHj1P,phish
https://google.verify.pbgeqr.info/kyc,phish
https://www.zomato.com/blog/mufrkp,legit
https://help.dropbox.com/orders/83997413,legit
https://docs.stackoverflow.com/blog/lzpzri,legit
https://www.instagram.com@hvuieyal.net/kyc,phish
https://m.swiggy.com/track?id=3h6rY94Fgf,legit
https://78.250.197.38/instagram/uFoWH60r8x,phish
http://4zupdq7k3ifv.online/verify,phish
https://github.com/track?id=us93NTqZik,legit
https://docs.flipkart.com/blog/eawfwn,legit
https://dropbox-verify.ru/pay?ref=K1J5Z2uM,phish
https://www.paytm.com/account,legit
https://m.flipkart.com/account,legit
https://rb.gy/6JVneY,phish
http://dhl-verify.click/secure/confirm,phish
http://verify-paypal.net/login,phish
http://www.hdfc.com@eaytwxtf.site/login,phish
https://ol5jiicp.tk/wp-content/amazon/index.html,phish
https://rb.gy/ZttQgB,phish
https://m.hdfcbank.com/login?next=%2Fhome,legit
http://apple-verify.tk/km5PF4fGoY,phish
http://docs.amazon.in/signin,legit
https://p4ytm.online/verify,phish
http://sbi.login.umkmzf.ru/secure/confirm,phish
https://www.python.org/,legit
https://paypal.com,legit
https://google.com/track?id=NRDYgQpWFn,legit
https://help.dropbox.com/blog/zwdzsl,legit
https://instagram-account-account.support/kyc,phish
https://help.nytimes.com/account,legit
https://microsoft.kyc.aoepui.shop,phish
https://rb.gy/FQ0Z80,phish
https://docs.github.com/track?id=FSsN8BSogG,legit
https://bit.ly/bRRZoX,phish
https://ibibxm.ngrok.io/linkedin/account/update,phish
http://secure-apple.in/account/update,phish
https://bit.ly/Cc6bbA,phish
https://paytm-verify.support/verify,phish
https://coursera.org/track?id=uQGU7yXYxq,legit
http://microsoft-help-update.com/wp-content/microsoft/index.html,phish
https://accounts.swiggy.com/en-in/help,legit
http://amzon.top,phish
https://amazon.in/track?id=RJbjvXuxE9,legit
https://amazon-secure-alert.xyz/account/update,phish
http://edocscenter.com/kyc,phish
http://goportalcenter.com/login,phish
http://ajjsv9wj35.shop/C4vHzUj1Wf,phish
https://www.zomato.com/login?next=%2Fhome,legit
https://linkedin.secure.rciwke.support,phish
http://hdfc-service-kyc.com/wp-content/hdfc/index.html,phish
http://www.uber.com/orders/33160308,legit
http://dhlx.live/account/update,phish
https://docs.flipkart.com/track?id=5GdzBAwujq,legit
https://apple-verify-verify.click/wp-content/apple/index.html,phish
https://flipkart-kyc-update.co/account/update,phish
https://www.sbi.co.in/,legit
https://sbi.kyc.jnmtsz.live,phish
https://www.airbnb.com/account,legit
https://help.hdfcbank.com,legit
https://instagram-verify.com/login,phish
https://www.stackoverflow.com/blog/immwpj,legit
https://docs.ola.com/orders/40912602,legit
http://microsoft.login.bukfan.xyz/verify,phish
https://www.github.com/search?q=bpkha,legit
http://www.zoom.us/search?q=sfdkg,legit
https://google.verify.fqnjoq.info/wp-content/google/index.html,phish
http://linkedin-verify.tk/secure/confirm,phish
https://hdfc-billing-help.online/login,phish
http://paytm-secure.xyz/login,phish
https://9q92pb4r.top/verify,phish
https://zinttv.firebaseapp.com/netflix/secure/confirm,phish
https://docs.paytm.com/,legit
https://sbi-help-secure.click/kyc,phish
https://234.185.127.16/dropbox/verify,phish
https://python.org/settings/security,legit
https://help.medium.com/login?next=%2Fhome,legit
http://219.125.155.37/paytm/signin.php,phish
https://m.microsoft.com/track?id=Vda0Nfdoei,legit
https://docs.hdfcbank.com,legit
https://www.dropbox.com@sajzgnwz.ru/secure/confirm,phish
http://m.zoom.us/en-in/help,legit
https://support-dhl.net/pay?ref=ZqCA5u8i,phish
https://docs.irctc.co.in/account,legit
http://4pple.online/account/update,phish
https://dropbox-verify.info/signin.php,phish
https://m.paytm.com/,legit
https://help.google.com/track?id=RcxnsVvcnv,legit
http://mydocshub.com/3aWQF5TVJY,phish
http://104.24.111.112/flipkart/login,phish
https://sbi.login.folseh.top/signin.php,phish
https://www.flipkart.com@eiwjxrsq.tk/rfMMz1eCQA,phish
https://jqjmng.000webhostapp.com/sbi/account/update,phish
http://hdfc-support-kyc.click/verify,phish
https://reddit.com/orders/61937706,legit
https://www.dhl.com/blog/xolnxx,legit
https://instagram.billing.eicuoz.shop/wp-content/instagram/index.html,phish
http://l1nkedin.online/wp-content/linkedin/index.html,phish
https://amazon-verify.site,phish
https://www.amazon.in/account,legit
https://accounts.airbnb.com/settings/security,legit
https://sbi-billing-auth.com,phish
http://www.slack.com/orders/08091072,legit
http://www.linkedin.com@mgzdikiu.click/signin.php,phish
https://btusbk.firebaseapp.com/microsoft/login,phish
https://accounts.coursera.org/,legit
https://bbc.co.uk/,legit
https://help.github.com,legit
http://dhl-verify.online/secure/confirm,phish
https://icicibank.com/,legit
http://www.flipkart.com/signin,legit
https://is.gd/XnScUp,phish
http://www.hdfc.com@bnenpjys.xyz/kyc,phish
https://help.myntra.com/blog/coxjkn,legit
https://124.205.166.226/apple/verify,phish
https://hdfc-verify.xyz/verify,phish
https://x9q1xk7yx.top/signin.php,phish
http://70.160.54.144/dhl/login,phish
https://account-paypal.in/wp-content/paypal/index.html,phish
https://gorefundnow.com,phish
http://account-linkedin.in/wp-content/linkedin/index.html,phish
https://micr0soft.online/signin.php,phish
http://icici-secure-secure.xyz/szOaEwOFgL,phish
https://help.myntra.com/signin,legit
https://netflix.com/signin,legit
https://www.icicibank.com/,legit
https://dropbox.help.asnwtn.info/secure/confirm,phish
https://www.linkedin.com/settings/security,legit
https://accounts.paypal.com/orders/45304214,legit
https://netflix-support-auth.xyz/signin.php,phish
https://accounts.irctc.co.in/signin,legit
http://flpkart.support/secure/confirm,phish
https://eportalnow.com/wp-content/icici/index.html,phish
https://help.airbnb.com/track?id=9cnIFEm7U9,legit
https://flipkart-auth-kyc.ru/login,phish
https://help.netflix.com/en-in/help,legit
https://linkedin-verify.ru/account/update,phish
https://zomato.com,legit
https://bit.ly/HXR69T,phish
http://netfl1x.click/login,phish
http://getparcelhub.com/signin.php,phish
https://paytrn.ru/kyc,phish
http://dropbox-verify.live/signin.php,phish
https://www.ola.com/orders/56849331,legit
https://www.flipkart.com/blog/lwtrsr,legit
http://utxnfk.web.app/microsoft/account/update,phish
https://amazoa.xyz/pay?ref=cdvT9CG5,phish
https://google-billing-alert.info/signin.php,phish
https://rb.gy/SUVjfv,phish
http://alert-dropbox.co/pay?ref=OWfU8xL2,phish
https://nptel.ac.in/blog/syrefu,legit
https://icicibank.com/orders/49222406,legit
https://accounts.stackoverflow.com/signin,legit
http://myparcelnow.com/account/update,phish
https://docs.nytimes.com/track?id=z1KW3rCMp6,legit
https://m.swiggy.com/login?next=%2Fhome,legit
https://docs.paytm.com/track?id=jrnsUVzP00,legit
http://docs.amazon.in/account,legit
https://5yiqyp1.live/verify,phish
https://www.amazon.com@dxjzeppr.click/account/update,phish
http://accounts.nytimes.com/signin,legit
https://flipkart.verify.rjeate.ru/account/update,phish
https://docs.kaggle.com/search?q=fhbxy,legit
https://docs.dhl.com,legit
https://www.amazon.in/signin,legit
http://instagrarn.shop/kyc,phish
https://136.172.3.250/paypal/R1NfCtl6aE,phish
https://hdfcx.click/signin.php,phish
https://coursera.org/account,legit
http://goportalnow.com,phish
https://www.booking.com/blog/immxme,legit
https://google.com/track?id=fD5wsjzN9U,legit
https://booking.com/account,legit
https://49.203.27.210/amazon/verify,phish
https://tinyurl.com/Ry1hdx,phish
http://www.paypal.com/en-in/help,legit
https://www.booking.com/blog/xkekje,legit
https://m.zomato.com/search?q=novpc,legit
https://docs.wikipedia.org/track?id=HQa3Tjy0FU,legit
https://m.ola.com/en-in/help,legit
https://153.195.239.229/linkedin/wp-content/linkedin/index.html,phish
https://goportalcenter.com/wp-content/flipkart/index.html,phish
https://m.google.com/,legit
https://microsoft.com/signin,legit
https://airbnb.com/login?next=%2Fhome,legit
https://m.spotify.com/en-in/help,legit
https://www.paytm.com/search?q=crprl,legit
https://dropboo.shop,phish
https://secure-icici.in/secure/confirm,phish
http://dhl-login-alert.site/pay?ref=E0eNmOkZ,phish
https://www.slack.com/signin,legit
http://uber.com/orders/96348936,legit
https://netflix-verify.xyz/account/update,phish
https://bit.ly/9Gb8Gf,phish
http://sydftb.web.app/dhl/pay?ref=PAvgzcq1,phish
https://nptel.ac.in/track?id=UFv4iuDB3Z,legit
https://help.zomato.com/search?q=oejnf,legit
https://80.29.24.162/sbi/kyc,phish
https://stackoverflow.com/blog/rutdwd,legit
http://support-instagram.co/account/update,phish
http://icici-auth-service.top/secure/confirm,phish
https://bit.ly/JNfuUD,phish
http://mirosoft.top/wp-content/microsoft/index.html,phish
https://getparcelnow.com/verify,phish
https://dhl.com/track?id=YthxjpJCC8,legit
https://m.netflix.com/track?id=etqJIz8oAB,legit
https://dropbox.com/settings/security,legit
http://paypal-service-help.support/verify,phish
http://billing-linkedin.net/secure/confirm,phish
http://dhl.alert.yxxnyq.online,phish
https://www.nytimes.com/track?id=qZ8AuYitO1,legit
https://dhl.com/blog/hdhuhq,legit
https://www.zomato.com,legit
https://help.icicibank.com,legit
http://bvosca.ngrok.io/amazon/verify,phish
https://accounts.dropbox.com/orders/21635924,legit
https://m.icicibank.com/en-in/help,legit
http://dhl.verify.yzjvsu.co/account/update,phish
https://docs.reddit.com/orders/85037523,legit
http://icici-verify.xyz/kyc,phish
http://support-paypal.com/pay?ref=jmzCxZXS,phish
http://www.flipkart.com/blog/zpgowf,legit
http://gorefundnow.com,phish
http://drpbox.net/pay?ref=f7KOrsfk,phish
https://26.151.127.191/paypal/secure/confirm,phish
https://notion.so/,legit
https://tinyurl.com/9V6C8n,phish
https://accounts.spotify.com/,legit
https://tinyurl.com/1arPNE,phish
https://erewardshub.com/wp-content/sbi/index.html,phish
https://docs.flipkart.com/account,legit
https://m.paypal.com/,legit
https://accounts.amazon.in/track?id=X2F2IFmrGd,legit
http://linkedin-secure.support/pay?ref=IRsyeFIT,phish
https://spotify.com,legit
http://dropbox-verify.shop/kyc,phish
https://gemtro.ngrok.io/dropbox/verify,phish
http://ey9tdzex4.com/verify,phish
https://www.ola.com/track?id=ESVlK8GtyO,legit
http://netflix-verify.info/account/update,phish
https://zdsx9qvpj8.online/xNJJCfqX3k,phish
https://rnicrosoft.ru/wp-content/microsoft/index.html,phish
https://cutt.ly/P3hIIb,phish
http://paytm.auth.vnzldd.co/R4suWSF317,phish
https://m.uber.com/signin,legit
https://linkedin-verify.co/login,phish
https://dhl-secure-alert.site/account/update,phish
https://login-microsoft.co/pay?ref=sQNt3PyV,phish
https://www.icici.com@luljkhwi.top/account/update,phish
https://www.myntra.com/orders/15223128,legit
https://m.galgotiasuniversity.edu.in/settings/security,legit
https://accounts.google.com/,legit
https://wikipedia.org/search?q=cohrf,legit
https://accounts.nptel.ac.in/login?next=%2Fhome,legit
https://34.212.71.238/dhl/account/update,phish
https://accounts.notion.so/,legit
https://www.microsoft.com/account,legit
http://drpbox.info/wp-content/dropbox/index.html,phish
https://www.myntra.com/,legit
http://hjpkqt.000webhostapp.com/paypal/wp-content/paypal/index.html,phish
https://accounts.hdfcbank.com/account,legit
https://dropbox.kyc.kuqhdc.click/wp-content/dropbox/index.html,phish
http://xxiekm.weebly.com/microsoft/secure/confirm,phish
https://docs.linkedin.com/en-in/help,legit
http://netflix-verify.support/kyc,phish
https://dropbox-online.click/kyc,phish
https://204.76.155.47/apple/signin.php,phish
https://docs.spotify.com/account,legit
https://www.amazon.in/,legit
https://zomato.com/track?id=QSEtAIQypL,legit
https://accounts.google.com/account,legit
https://icici-help-alert.support/signin.php,phish
https://help.paytm.com/account,legit
https://m.github.com/blog/rkorri,legit
https://dhl-help-billing.xyz/login,phish
http://linkedin-verify.ru/pay?ref=pUIFRBCn,phish
https://www.galgotiasuniversity.edu.in/signin,legit
https://117.111.82.127/microsoft/login,phish
https://accounts.instagram.com/track?id=amlkAcVa0H,legit
https://help.coursera.org/orders/88850732,legit
https://107.55.26.113/paypal,phish
http://ola.com/blog/sowibu,legit
https://www.bbc.co.uk/en-in/help,legit
https://icici-verify.top/kyc,phish
https://instagram.com/,legit
https://www.booking.com/en-in/help,legit
https://dhl-verify.co/kyc,phish
https://docs.paytm.com/settings/security,legit
https://beucbto7xl.net/kyc,phish
http://dhl-login-update.live/verify,phish
https://accounts.notion.so/search?q=jfuod,legit
https://hdfc.update.imfczf.live/DcsdHdApL0,phish
https://www.stackoverflow.com/login?next=%2Fhome,legit
https://accounts.flipkart.com/,legit
http://m.netflix.com/account,legit
https://www.notion.so/track?id=firidtqevz,legit
https://icicibank.com/track?id=GGH48zzpg2,legit
https://reddit.com/search?q=cjnyw,legit
https://www.netflix.com/settings/security,legit
http://dropbox-in.info/login,phish
https://accounts.paypal.com/,legit
http://1cici.support/pKbRqYhnPh,phish
https://docs.google.com/orders/05503718,legit
https://help.dhl.com/signin,legit
http://g0ogle.com/secure/confirm,phish
http://m.zomato.com/,legit
https://docs.slack.com/track?id=HU8grdXp1r,legit
https://m.microsoft.com/en-in/help,legit
https://flipkart.com/login?next=%2Fhome,legit
https://docs.apple.com/account,legit
https://www.notion.so/signin,legit
http://rydgpe.ngrok.io/flipkart/kyc,phish
http://dropbox-alert-service.top/ebyUYvaP2T,phish
http://m.stackoverflow.com/,legit
http://microsoft.verify.wzqtdp.xyz/login,phish
https://login-google.net/verify,phish
http://www.microsoft.com@ielwdjtp.co/login,phish
http://icici-kyc-verify.xyz/pay?ref=C6oqCNZg,phish
http://76.144.204.222/amazon,phish
https://microsoft.help.implmv.support/signin.php,phish
https://instagram.com/settings/security,legit
https://docs.dropbox.com/search?q=jltss,legit
https://www.apple.com/search?q=iycwe,legit
https://m.myntra.com/track?id=wJ8p8NNuiu,legit
https://paypal.verify.hmrbzo.shop,phish
https://cfvcnc.000webhostapp.com/google/kyc,phish
https://mirosoft.top/ioy2qkYd01,phish
http://linkedin-kyc-billing.top/kyc,phish
